date,Open,Close
1990-01-02,353.3999938964844,359.69000244140625
1990-01-03,359.69000244140625,358.760009765625
1990-01-04,358.760009765625,355.6700134277344
1990-01-05,355.6700134277344,352.20001220703125
1990-01-08,352.20001220703125,353.7900085449219
1990-01-09,353.8299865722656,349.6199951171875
1990-01-10,349.6199951171875,347.30999755859375
1990-01-11,347.30999755859375,348.5299987792969
1990-01-12,348.5299987792969,339.92999267578125
1990-01-15,339.92999267578125,337.0
1990-01-16,337.0,340.75
1990-01-17,340.7699890136719,337.3999938964844
1990-01-18,337.3999938964844,338.19000244140625
1990-01-19,338.19000244140625,339.1499938964844
1990-01-22,339.1400146484375,330.3800048828125
1990-01-23,330.3800048828125,331.6099853515625
1990-01-24,331.6099853515625,330.260009765625
1990-01-25,330.260009765625,326.0799865722656
1990-01-26,326.0899963378906,325.79998779296875
1990-01-29,325.79998779296875,325.20001220703125
1990-01-30,325.20001220703125,322.9800109863281
1990-01-31,322.9800109863281,329.0799865722656
1990-02-01,329.0799865722656,328.7900085449219
1990-02-02,328.7900085449219,330.9200134277344
1990-02-05,330.9200134277344,331.8500061035156
1990-02-06,331.8500061035156,329.6600036621094
1990-02-07,329.6600036621094,333.75
1990-02-08,333.75,332.9599914550781
1990-02-09,333.0199890136719,333.6199951171875
1990-02-12,333.6199951171875,330.0799865722656
1990-02-13,330.0799865722656,331.0199890136719
1990-02-14,331.0199890136719,332.010009765625
1990-02-15,332.010009765625,334.8900146484375
1990-02-16,334.8900146484375,332.7200012207031
1990-02-20,332.7200012207031,327.989990234375
1990-02-21,327.9100036621094,327.6700134277344
1990-02-22,327.6700134277344,325.70001220703125
1990-02-23,325.70001220703125,324.1499938964844
1990-02-26,324.1600036621094,328.6700134277344
1990-02-27,328.67999267578125,330.260009765625
1990-02-28,330.260009765625,331.8900146484375
1990-03-01,331.8900146484375,332.739990234375
1990-03-02,332.739990234375,335.5400085449219
1990-03-05,335.5400085449219,333.739990234375
1990-03-06,333.739990234375,337.92999267578125
1990-03-07,337.92999267578125,336.95001220703125
1990-03-08,336.95001220703125,340.2699890136719
1990-03-09,340.1199951171875,337.92999267578125
1990-03-12,337.92999267578125,338.6700134277344
1990-03-13,338.6700134277344,336.0
1990-03-14,336.0,336.8699951171875
1990-03-15,336.8699951171875,338.07000732421875
1990-03-16,338.07000732421875,341.9100036621094
1990-03-19,341.9100036621094,343.5299987792969
1990-03-20,343.5299987792969,341.57000732421875
1990-03-21,341.57000732421875,339.739990234375
1990-03-22,339.739990234375,335.69000244140625
1990-03-23,335.69000244140625,337.2200012207031
1990-03-26,337.2200012207031,337.6300048828125
1990-03-27,337.6300048828125,341.5
1990-03-28,341.5,342.0
1990-03-29,342.0,340.7900085449219
1990-03-30,340.7900085449219,339.94000244140625
1990-04-02,339.94000244140625,338.70001220703125
1990-04-03,338.70001220703125,343.6400146484375
1990-04-04,343.6400146484375,341.0899963378906
1990-04-05,341.0899963378906,340.7300109863281
1990-04-06,340.7300109863281,340.0799865722656
1990-04-09,340.0799865722656,341.3699951171875
1990-04-10,341.3699951171875,342.07000732421875
1990-04-11,342.07000732421875,341.9200134277344
1990-04-12,341.9200134277344,344.3399963378906
1990-04-16,344.3399963378906,344.739990234375
1990-04-17,344.739990234375,344.67999267578125
1990-04-18,344.67999267578125,340.7200012207031
1990-04-19,340.7200012207031,338.0899963378906
1990-04-20,338.0899963378906,335.1199951171875
1990-04-23,335.1199951171875,331.04998779296875
1990-04-24,331.04998779296875,330.3599853515625
1990-04-25,330.3599853515625,332.0299987792969
1990-04-26,332.0299987792969,332.9200134277344
1990-04-27,332.9200134277344,329.1099853515625
1990-04-30,329.1099853515625,330.79998779296875
1990-05-01,330.79998779296875,332.25
1990-05-02,332.25,334.4800109863281
1990-05-03,334.4800109863281,335.57000732421875
1990-05-04,335.5799865722656,338.3900146484375
1990-05-07,338.3900146484375,340.5299987792969
1990-05-08,340.5299987792969,342.010009765625
1990-05-09,342.010009765625,342.8599853515625
1990-05-10,342.8699951171875,343.82000732421875
1990-05-11,343.82000732421875,352.0
1990-05-14,352.0,354.75
1990-05-15,354.75,354.2799987792969
1990-05-16,354.2699890136719,354.0
1990-05-17,354.0,354.4700012207031
1990-05-18,354.4700012207031,354.6400146484375
1990-05-21,354.6400146484375,358.0
1990-05-22,358.0,358.42999267578125
1990-05-23,358.42999267578125,359.2900085449219
1990-05-24,359.2900085449219,358.4100036621094
1990-05-25,358.4100036621094,354.5799865722656
1990-05-29,354.5799865722656,360.6499938964844
1990-05-30,360.6499938964844,360.8599853515625
1990-05-31,360.8599853515625,361.2300109863281
1990-06-01,361.260009765625,363.1600036621094
1990-06-04,363.1600036621094,367.3999938964844
1990-06-05,367.3999938964844,366.6400146484375
1990-06-06,366.6400146484375,364.9599914550781
1990-06-07,365.9200134277344,363.1499938964844
1990-06-08,363.1499938964844,358.7099914550781
1990-06-11,358.7099914550781,361.6300048828125
1990-06-12,361.6300048828125,366.25
1990-06-13,366.25,364.8999938964844
1990-06-14,364.8999938964844,362.8999938964844
1990-06-15,362.8900146484375,362.9100036621094
1990-06-18,362.9100036621094,356.8800048828125
1990-06-19,356.8800048828125,358.4700012207031
1990-06-20,358.4700012207031,359.1000061035156
1990-06-21,359.1000061035156,360.4700012207031
1990-06-22,360.5199890136719,355.42999267578125
1990-06-25,355.4200134277344,352.30999755859375
1990-06-26,352.32000732421875,352.05999755859375
1990-06-27,352.05999755859375,355.1400146484375
1990-06-28,355.1600036621094,357.6300048828125
1990-06-29,357.6400146484375,358.0199890136719
1990-07-02,358.0199890136719,359.5400085449219
1990-07-03,359.5400085449219,360.1600036621094
1990-07-05,360.1600036621094,355.67999267578125
1990-07-06,355.69000244140625,358.4200134277344
1990-07-09,358.4200134277344,359.5199890136719
1990-07-10,359.5199890136719,356.489990234375
1990-07-11,356.489990234375,361.2300109863281
1990-07-12,361.2300109863281,365.44000244140625
1990-07-13,365.45001220703125,367.30999755859375
1990-07-16,367.30999755859375,368.95001220703125
1990-07-17,368.95001220703125,367.5199890136719
1990-07-18,367.5199890136719,364.2200012207031
1990-07-19,364.2200012207031,365.32000732421875
1990-07-20,365.32000732421875,361.6099853515625
1990-07-23,361.6099853515625,355.30999755859375
1990-07-24,355.30999755859375,355.7900085449219
1990-07-25,355.7900085449219,357.0899963378906
1990-07-26,357.0899963378906,355.9100036621094
1990-07-27,355.8999938964844,353.44000244140625
1990-07-30,353.44000244140625,355.54998779296875
1990-07-31,355.54998779296875,356.1499938964844
1990-08-01,356.1499938964844,355.5199890136719
1990-08-02,355.5199890136719,351.4800109863281
1990-08-03,351.4800109863281,344.8599853515625
1990-08-06,344.8599853515625,334.42999267578125
1990-08-07,334.42999267578125,334.8299865722656
1990-08-08,334.8299865722656,338.3500061035156
1990-08-09,338.3500061035156,339.94000244140625
1990-08-10,339.8999938964844,335.5199890136719
1990-08-13,335.3900146484375,338.8399963378906
1990-08-14,338.8399963378906,339.3900146484375
1990-08-15,339.3900146484375,340.05999755859375
1990-08-16,340.05999755859375,332.3900146484375
1990-08-17,332.3599853515625,327.8299865722656
1990-08-20,327.8299865722656,328.510009765625
1990-08-21,328.510009765625,321.8599853515625
1990-08-22,321.8599853515625,316.54998779296875
1990-08-23,316.54998779296875,307.05999755859375
1990-08-24,307.05999755859375,311.510009765625
1990-08-27,311.54998779296875,321.44000244140625
1990-08-28,321.44000244140625,321.3399963378906
1990-08-29,321.3399963378906,324.19000244140625
1990-08-30,324.19000244140625,318.7099914550781
1990-08-31,318.7099914550781,322.55999755859375
1990-09-04,322.55999755859375,323.0899963378906
1990-09-05,323.0899963378906,324.3900146484375
1990-09-06,324.3900146484375,320.4599914550781
1990-09-07,320.4599914550781,323.3999938964844
1990-09-10,323.4200134277344,321.6300048828125
1990-09-11,321.6300048828125,321.0400085449219
1990-09-12,321.0400085449219,322.5400085449219
1990-09-13,322.510009765625,318.6499938964844
1990-09-14,318.6499938964844,316.8299865722656
1990-09-17,316.8299865722656,317.7699890136719
1990-09-18,317.7699890136719,318.6000061035156
1990-09-19,318.6000061035156,316.6000061035156
1990-09-20,316.6000061035156,311.4800109863281
1990-09-21,311.5299987792969,311.32000732421875
1990-09-24,311.29998779296875,304.5899963378906
1990-09-25,305.4599914550781,308.260009765625
1990-09-26,308.260009765625,305.05999755859375
1990-09-27,305.05999755859375,300.9700012207031
1990-09-28,300.9700012207031,306.04998779296875
1990-10-01,306.1000061035156,314.94000244140625
1990-10-02,314.94000244140625,315.2099914550781
1990-10-03,315.2099914550781,311.3999938964844
1990-10-04,311.3999938964844,312.69000244140625
1990-10-05,312.69000244140625,311.5
1990-10-08,311.5,313.4800109863281
1990-10-09,313.4599914550781,305.1000061035156
1990-10-10,305.0899963378906,300.3900146484375
1990-10-11,300.3900146484375,295.4599914550781
1990-10-12,295.45001220703125,300.0299987792969
1990-10-15,300.0299987792969,303.2300109863281
1990-10-16,303.2300109863281,298.9200134277344
1990-10-17,298.9200134277344,298.760009765625
1990-10-18,298.75,305.739990234375
1990-10-19,305.739990234375,312.4800109863281
1990-10-22,312.4800109863281,314.760009765625
1990-10-23,314.760009765625,312.3599853515625
1990-10-24,312.3599853515625,312.6000061035156
1990-10-25,312.6000061035156,310.1700134277344
1990-10-26,310.1700134277344,304.7099914550781
1990-10-29,304.739990234375,301.8800048828125
1990-10-30,301.8800048828125,304.05999755859375
1990-10-31,304.05999755859375,304.0
1990-11-01,303.989990234375,307.0199890136719
1990-11-02,307.0199890136719,311.8500061035156
1990-11-05,311.8500061035156,314.5899963378906
1990-11-06,314.5899963378906,311.6199951171875
1990-11-07,311.6199951171875,306.010009765625
1990-11-08,306.010009765625,307.6099853515625
1990-11-09,307.6099853515625,313.739990234375
1990-11-12,313.739990234375,319.4800109863281
1990-11-13,319.4800109863281,317.6700134277344
1990-11-14,317.6600036621094,320.3999938964844
1990-11-15,320.3999938964844,317.0199890136719
1990-11-16,317.0199890136719,317.1199951171875
1990-11-19,317.1499938964844,319.3399963378906
1990-11-20,319.3399963378906,315.30999755859375
1990-11-21,315.30999755859375,316.0299987792969
1990-11-23,316.0299987792969,315.1000061035156
1990-11-26,315.0799865722656,316.510009765625
1990-11-27,316.510009765625,318.1000061035156
1990-11-28,318.1099853515625,317.95001220703125
1990-11-29,317.95001220703125,316.4200134277344
1990-11-30,316.4200134277344,322.2200012207031
1990-12-03,322.2300109863281,324.1000061035156
1990-12-04,324.1099853515625,326.3500061035156
1990-12-05,326.3599853515625,329.9200134277344
1990-12-06,329.94000244140625,329.07000732421875
1990-12-07,329.0899963378906,327.75
1990-12-10,327.75,328.8900146484375
1990-12-11,328.8800048828125,326.44000244140625
1990-12-12,326.44000244140625,330.19000244140625
1990-12-13,330.1400146484375,329.3399963378906
1990-12-14,329.3399963378906,326.82000732421875
1990-12-17,326.82000732421875,326.0199890136719
1990-12-18,326.0199890136719,330.04998779296875
1990-12-19,330.0400085449219,330.20001220703125
1990-12-20,330.20001220703125,330.1199951171875
1990-12-21,330.1199951171875,331.75
1990-12-24,331.739990234375,329.8999938964844
1990-12-26,329.8900146484375,330.8500061035156
1990-12-27,330.8500061035156,328.2900085449219
1990-12-28,328.2900085449219,328.7200012207031
1990-12-31,328.7099914550781,330.2200012207031
1991-01-02,330.20001220703125,326.45001220703125
1991-01-03,326.4599914550781,321.9100036621094
1991-01-04,321.9100036621094,321.0
1991-01-07,320.9700012207031,315.44000244140625
1991-01-08,315.44000244140625,314.8999938964844
1991-01-09,314.8999938964844,311.489990234375
1991-01-10,311.510009765625,314.5299987792969
1991-01-11,314.5299987792969,315.2300109863281
1991-01-14,315.2300109863281,312.489990234375
1991-01-15,312.489990234375,313.7300109863281
1991-01-16,313.7300109863281,316.1700134277344
1991-01-17,316.25,327.9700012207031
1991-01-18,327.92999267578125,332.2300109863281
1991-01-21,332.2300109863281,331.05999755859375
1991-01-22,331.05999755859375,328.30999755859375
1991-01-23,328.29998779296875,330.2099914550781
1991-01-24,330.2099914550781,334.7799987792969
1991-01-25,334.7799987792969,336.07000732421875
1991-01-28,336.05999755859375,336.0299987792969
1991-01-29,336.0299987792969,335.8399963378906
1991-01-30,335.79998779296875,340.9100036621094
1991-01-31,340.9200134277344,343.92999267578125
1991-02-01,343.9100036621094,343.04998779296875
1991-02-04,343.04998779296875,348.3399963378906
1991-02-05,348.3399963378906,351.260009765625
1991-02-06,351.260009765625,358.07000732421875
1991-02-07,358.07000732421875,356.5199890136719
1991-02-08,356.5199890136719,359.3500061035156
1991-02-11,359.3599853515625,368.5799865722656
1991-02-12,368.5799865722656,365.5
1991-02-13,365.5,369.0199890136719
1991-02-14,369.0199890136719,364.2200012207031
1991-02-15,364.2300109863281,369.05999755859375
1991-02-19,369.05999755859375,369.3900146484375
1991-02-20,369.3699951171875,365.1400146484375
1991-02-21,365.1400146484375,364.9700012207031
1991-02-22,364.9700012207031,365.6499938964844
1991-02-25,365.6499938964844,367.260009765625
1991-02-26,367.260009765625,362.80999755859375
1991-02-27,362.80999755859375,367.739990234375
1991-02-28,367.7300109863281,367.07000732421875
1991-03-01,367.07000732421875,370.4700012207031
1991-03-04,370.4700012207031,369.3299865722656
1991-03-05,369.3299865722656,376.7200012207031
1991-03-06,376.7200012207031,376.1700134277344
1991-03-07,376.1600036621094,375.9100036621094
1991-03-08,375.9100036621094,374.95001220703125
1991-03-11,374.94000244140625,372.9599914550781
1991-03-12,372.9599914550781,370.0299987792969
1991-03-13,370.0299987792969,374.57000732421875
1991-03-14,374.5899963378906,373.5
1991-03-15,373.5,373.5899963378906
1991-03-18,373.5899963378906,372.1099853515625
1991-03-19,372.1099853515625,366.5899963378906
1991-03-20,366.5899963378906,367.9200134277344
1991-03-21,367.94000244140625,366.5799865722656
1991-03-22,366.5799865722656,367.4800109863281
1991-03-25,367.4800109863281,369.8299865722656
1991-03-26,369.8299865722656,376.29998779296875
1991-03-27,376.2799987792969,375.3500061035156
1991-03-28,375.3500061035156,375.2200012207031
1991-04-01,375.2200012207031,371.29998779296875
1991-04-02,371.29998779296875,379.5
1991-04-03,379.5,378.94000244140625
1991-04-04,378.94000244140625,379.7699890136719
1991-04-05,379.7799987792969,375.3599853515625
1991-04-08,375.3500061035156,378.6600036621094
1991-04-09,378.6499938964844,373.55999755859375
1991-04-10,373.57000732421875,373.1499938964844
1991-04-11,373.1499938964844,377.6300048828125
1991-04-12,377.6499938964844,380.3999938964844
1991-04-15,380.3999938964844,381.19000244140625
1991-04-16,381.19000244140625,387.6199951171875
1991-04-17,387.6199951171875,390.45001220703125
1991-04-18,390.45001220703125,388.4599914550781
1991-04-19,388.4599914550781,384.20001220703125
1991-04-22,384.19000244140625,380.95001220703125
1991-04-23,380.95001220703125,381.760009765625
1991-04-24,381.760009765625,382.760009765625
1991-04-25,382.8900146484375,379.25
1991-04-26,379.25,379.0199890136719
1991-04-29,379.010009765625,373.6600036621094
1991-04-30,373.6600036621094,375.3399963378906
1991-05-01,375.3500061035156,380.2900085449219
1991-05-02,380.2900085449219,380.5199890136719
1991-05-03,380.5199890136719,380.79998779296875
1991-05-06,380.7799987792969,380.0799865722656
1991-05-07,380.0799865722656,377.32000732421875
1991-05-08,377.3299865722656,378.510009765625
1991-05-09,378.510009765625,383.25
1991-05-10,383.260009765625,375.739990234375
1991-05-13,375.739990234375,376.760009765625
1991-05-14,375.510009765625,371.6199951171875
1991-05-15,371.54998779296875,368.57000732421875
1991-05-16,368.57000732421875,372.19000244140625
1991-05-17,372.19000244140625,372.3900146484375
1991-05-20,372.3900146484375,372.2799987792969
1991-05-21,372.2799987792969,375.3500061035156
1991-05-22,375.3500061035156,376.19000244140625
1991-05-23,376.19000244140625,374.9599914550781
1991-05-24,374.9700012207031,377.489990234375
1991-05-28,377.489990234375,381.94000244140625
1991-05-29,381.94000244140625,382.7900085449219
1991-05-30,382.7900085449219,386.9599914550781
1991-05-31,386.9599914550781,389.8299865722656
1991-06-03,389.80999755859375,388.05999755859375
1991-06-04,388.05999755859375,387.739990234375
1991-06-05,387.739990234375,385.0899963378906
1991-06-06,385.1000061035156,383.6300048828125
1991-06-07,383.6300048828125,379.42999267578125
1991-06-10,379.42999267578125,378.57000732421875
1991-06-11,378.57000732421875,381.04998779296875
1991-06-12,381.04998779296875,376.6499938964844
1991-06-13,376.6499938964844,377.6300048828125
1991-06-14,377.6300048828125,382.2900085449219
1991-06-17,382.29998779296875,380.1300048828125
1991-06-18,380.1300048828125,378.5899963378906
1991-06-19,378.57000732421875,375.0899963378906
1991-06-20,375.0899963378906,375.4200134277344
1991-06-21,375.4200134277344,377.75
1991-06-24,377.739990234375,370.94000244140625
1991-06-25,370.94000244140625,370.6499938964844
1991-06-26,370.6499938964844,371.5899963378906
1991-06-27,371.5899963378906,374.3999938964844
1991-06-28,374.3999938964844,371.1600036621094
1991-07-01,371.17999267578125,377.9200134277344
1991-07-02,377.9200134277344,377.4700012207031
1991-07-03,377.4700012207031,373.3299865722656
1991-07-05,373.3399963378906,374.0799865722656
1991-07-08,374.0899963378906,377.94000244140625
1991-07-09,377.94000244140625,376.1099853515625
1991-07-10,376.1099853515625,375.739990234375
1991-07-11,375.7300109863281,376.9700012207031
1991-07-12,376.9700012207031,380.25
1991-07-15,380.2799987792969,382.3900146484375
1991-07-16,382.3900146484375,381.5400085449219
1991-07-17,381.5,381.17999267578125
1991-07-18,381.17999267578125,385.3699951171875
1991-07-19,385.3800048828125,384.2200012207031
1991-07-22,384.2099914550781,382.8800048828125
1991-07-23,382.8800048828125,379.4200134277344
1991-07-24,379.4200134277344,378.6400146484375
1991-07-25,378.6400146484375,380.9599914550781
1991-07-26,380.9599914550781,380.92999267578125
1991-07-29,380.92999267578125,383.1499938964844
1991-07-30,383.1499938964844,386.69000244140625
1991-07-31,386.69000244140625,387.80999755859375
1991-08-01,387.80999755859375,387.1199951171875
1991-08-02,387.1199951171875,387.17999267578125
1991-08-05,387.1700134277344,385.05999755859375
1991-08-06,385.05999755859375,390.6199951171875
1991-08-07,390.6199951171875,390.55999755859375
1991-08-08,390.55999755859375,389.32000732421875
1991-08-09,389.32000732421875,387.1199951171875
1991-08-12,387.1099853515625,388.0199890136719
1991-08-13,388.0199890136719,389.6199951171875
1991-08-14,389.6199951171875,389.8999938964844
1991-08-15,389.9100036621094,389.3299865722656
1991-08-16,389.3299865722656,385.5799865722656
1991-08-19,385.5799865722656,376.4700012207031
1991-08-20,376.4700012207031,379.42999267578125
1991-08-21,379.54998779296875,390.5899963378906
1991-08-22,390.5899963378906,391.3299865722656
1991-08-23,391.3299865722656,394.1700134277344
1991-08-26,394.1700134277344,393.8500061035156
1991-08-27,393.8500061035156,393.05999755859375
1991-08-28,393.05999755859375,396.6400146484375
1991-08-29,396.6499938964844,396.4700012207031
1991-08-30,396.4700012207031,395.42999267578125
1991-09-03,395.42999267578125,392.1499938964844
1991-09-04,392.1499938964844,389.9700012207031
1991-09-05,389.9700012207031,389.1400146484375
1991-09-06,389.1400146484375,389.1000061035156
1991-09-09,389.1099853515625,388.57000732421875
1991-09-10,388.57000732421875,384.55999755859375
1991-09-11,384.55999755859375,385.0899963378906
1991-09-12,385.0899963378906,387.3399963378906
1991-09-13,387.1600036621094,383.5899963378906
1991-09-16,383.5899963378906,385.7799987792969
1991-09-17,385.7799987792969,385.5
1991-09-18,385.489990234375,386.94000244140625
1991-09-19,386.94000244140625,387.55999755859375
1991-09-20,387.55999755859375,387.9200134277344
1991-09-23,387.8999938964844,385.9200134277344
1991-09-24,385.9200134277344,387.7099914550781
1991-09-25,387.7200012207031,386.8800048828125
1991-09-26,386.8699951171875,386.489990234375
1991-09-27,386.489990234375,385.8999938964844
1991-09-30,385.9100036621094,387.8599853515625
1991-10-01,387.8599853515625,389.20001220703125
1991-10-02,389.20001220703125,388.260009765625
1991-10-03,388.2300109863281,384.4700012207031
1991-10-04,384.4700012207031,381.25
1991-10-07,381.2200012207031,379.5
1991-10-08,379.5,380.6700134277344
1991-10-09,380.57000732421875,376.79998779296875
1991-10-10,376.79998779296875,380.54998779296875
1991-10-11,380.54998779296875,381.45001220703125
1991-10-14,381.45001220703125,386.4700012207031
1991-10-15,386.4700012207031,391.010009765625
1991-10-16,391.010009765625,392.79998779296875
1991-10-17,392.7900085449219,391.9200134277344
1991-10-18,391.9200134277344,392.5
1991-10-21,392.489990234375,390.0199890136719
1991-10-22,390.0199890136719,387.8299865722656
1991-10-23,387.8299865722656,387.94000244140625
1991-10-24,387.94000244140625,385.07000732421875
1991-10-25,385.07000732421875,384.20001220703125
1991-10-28,384.20001220703125,389.5199890136719
1991-10-29,389.5199890136719,391.4800109863281
1991-10-30,391.4800109863281,392.9599914550781
1991-10-31,392.9599914550781,392.45001220703125
1991-11-01,392.4599914550781,391.32000732421875
1991-11-04,391.2900085449219,390.2799987792969
1991-11-05,390.2799987792969,388.7099914550781
1991-11-06,388.7099914550781,389.9700012207031
1991-11-07,389.9700012207031,393.7200012207031
1991-11-08,393.7200012207031,392.8900146484375
1991-11-11,392.8999938964844,393.1199951171875
1991-11-12,393.1199951171875,396.739990234375
1991-11-13,396.739990234375,397.4100036621094
1991-11-14,397.4100036621094,397.1499938964844
1991-11-15,397.1499938964844,382.6199951171875
1991-11-18,382.6199951171875,385.239990234375
1991-11-19,385.239990234375,379.4200134277344
1991-11-20,379.4200134277344,378.5299987792969
1991-11-21,378.5299987792969,380.05999755859375
1991-11-22,380.04998779296875,376.1400146484375
1991-11-25,376.1400146484375,375.3399963378906
1991-11-26,375.3399963378906,377.9599914550781
1991-11-27,377.9599914550781,376.54998779296875
1991-11-29,376.54998779296875,375.2200012207031
1991-12-02,375.1099853515625,381.3999938964844
1991-12-03,381.3999938964844,380.9599914550781
1991-12-04,380.9599914550781,380.07000732421875
1991-12-05,380.07000732421875,377.3900146484375
1991-12-06,377.3900146484375,379.1000061035156
1991-12-09,379.0899963378906,378.260009765625
1991-12-10,378.260009765625,377.8999938964844
1991-12-11,377.8999938964844,377.70001220703125
1991-12-12,377.70001220703125,381.54998779296875
1991-12-13,381.54998779296875,384.4700012207031
1991-12-16,384.4800109863281,384.4599914550781
1991-12-17,384.4599914550781,382.739990234375
1991-12-18,382.739990234375,383.4800109863281
1991-12-19,383.4599914550781,382.5199890136719
1991-12-20,382.5199890136719,387.0400085449219
1991-12-23,387.04998779296875,396.82000732421875
1991-12-24,396.82000732421875,399.3299865722656
1991-12-26,399.3299865722656,404.8399963378906
1991-12-27,404.8399963378906,406.4599914550781
1991-12-30,406.489990234375,415.1400146484375
1991-12-31,415.1400146484375,417.0899963378906
1992-01-02,417.0299987792969,417.260009765625
1992-01-03,417.2699890136719,419.3399963378906
1992-01-06,419.30999755859375,417.9599914550781
1992-01-07,417.9599914550781,417.3999938964844
1992-01-08,417.3599853515625,418.1000061035156
1992-01-09,418.0899963378906,417.6099853515625
1992-01-10,417.6199951171875,415.1000061035156
1992-01-13,415.04998779296875,414.3399963378906
1992-01-14,414.3399963378906,420.44000244140625
1992-01-15,420.45001220703125,420.7699890136719
1992-01-16,420.7699890136719,418.2099914550781
1992-01-17,418.20001220703125,418.8599853515625
1992-01-20,418.8599853515625,416.3599853515625
1992-01-21,416.3599853515625,412.6400146484375
1992-01-22,412.6499938964844,418.1300048828125
1992-01-23,418.1300048828125,414.9599914550781
1992-01-24,414.9599914550781,415.4800109863281
1992-01-27,415.44000244140625,414.989990234375
1992-01-28,414.9800109863281,414.9599914550781
1992-01-29,414.9599914550781,410.3399963378906
1992-01-30,410.3399963378906,411.6199951171875
1992-01-31,411.6499938964844,408.7799987792969
1992-02-03,408.7900085449219,409.5299987792969
1992-02-04,409.6000061035156,413.8500061035156
1992-02-05,413.8800048828125,413.8399963378906
1992-02-06,413.8699951171875,413.82000732421875
1992-02-07,413.82000732421875,411.0899963378906
1992-02-10,411.07000732421875,413.7699890136719
1992-02-11,413.7699890136719,413.760009765625
1992-02-12,413.7699890136719,417.1300048828125
1992-02-13,417.1300048828125,413.69000244140625
1992-02-14,413.69000244140625,412.4800109863281
1992-02-18,412.4800109863281,407.3800048828125
1992-02-19,407.3800048828125,408.260009765625
1992-02-20,408.260009765625,413.8999938964844
1992-02-21,413.8999938964844,411.42999267578125
1992-02-24,411.4599914550781,412.2699890136719
1992-02-25,412.2699890136719,410.45001220703125
1992-02-26,410.4800109863281,415.3500061035156
1992-02-27,415.3500061035156,413.8599853515625
1992-02-28,413.8599853515625,412.70001220703125
1992-03-02,412.67999267578125,412.45001220703125
1992-03-03,412.45001220703125,412.8500061035156
1992-03-04,412.8599853515625,409.3299865722656
1992-03-05,409.3299865722656,406.510009765625
1992-03-06,406.510009765625,404.44000244140625
1992-03-09,404.45001220703125,405.2099914550781
1992-03-10,405.2099914550781,406.8900146484375
1992-03-11,406.8800048828125,404.0299987792969
1992-03-12,404.0299987792969,403.8900146484375
1992-03-13,403.9200134277344,405.8399963378906
1992-03-16,405.8500061035156,406.3900146484375
1992-03-17,406.3900146484375,409.5799865722656
1992-03-18,409.5799865722656,409.1499938964844
1992-03-19,409.1499938964844,409.79998779296875
1992-03-20,409.79998779296875,411.29998779296875
1992-03-23,411.2900085449219,409.9100036621094
1992-03-24,409.9100036621094,408.8800048828125
1992-03-25,408.8800048828125,407.5199890136719
1992-03-26,407.5199890136719,407.8599853515625
1992-03-27,407.8599853515625,403.5
1992-03-30,403.5,403.0
1992-03-31,403.0,403.69000244140625
1992-04-01,403.6700134277344,404.2300109863281
1992-04-02,404.1700134277344,400.5
1992-04-03,400.5,401.54998779296875
1992-04-06,401.5400085449219,405.5899963378906
1992-04-07,405.5899963378906,398.05999755859375
1992-04-08,398.04998779296875,394.5
1992-04-09,394.5,400.6400146484375
1992-04-10,400.5899963378906,404.2900085449219
1992-04-13,404.2799987792969,406.0799865722656
1992-04-14,406.0799865722656,412.3900146484375
1992-04-15,412.3900146484375,416.2799987792969
1992-04-16,416.2799987792969,416.0400085449219
1992-04-20,416.04998779296875,410.17999267578125
1992-04-21,410.1600036621094,410.260009765625
1992-04-22,410.260009765625,409.80999755859375
1992-04-23,409.80999755859375,411.6000061035156
1992-04-24,411.6000061035156,409.0199890136719
1992-04-27,409.0299987792969,408.45001220703125
1992-04-28,408.45001220703125,409.1099853515625
1992-04-29,409.1099853515625,412.0199890136719
1992-04-30,412.0199890136719,414.95001220703125
1992-05-01,414.95001220703125,412.5299987792969
1992-05-04,412.5400085449219,416.9100036621094
1992-05-05,416.9100036621094,416.8399963378906
1992-05-06,416.8399963378906,416.7900085449219
1992-05-07,416.7900085449219,415.8500061035156
1992-05-08,415.8699951171875,416.04998779296875
1992-05-11,416.04998779296875,418.489990234375
1992-05-12,418.489990234375,416.2900085449219
1992-05-13,416.2900085449219,416.45001220703125
1992-05-14,416.45001220703125,413.1400146484375
1992-05-15,413.1400146484375,410.0899963378906
1992-05-18,410.1300048828125,412.80999755859375
1992-05-19,412.82000732421875,416.3699951171875
1992-05-20,416.3699951171875,415.3900146484375
1992-05-21,415.3999938964844,412.6000061035156
1992-05-22,412.6099853515625,414.0199890136719
1992-05-26,414.0199890136719,411.4100036621094
1992-05-27,411.4100036621094,412.1700134277344
1992-05-28,412.1700134277344,416.739990234375
1992-05-29,416.739990234375,415.3500061035156
1992-06-01,415.3500061035156,417.29998779296875
1992-06-02,417.29998779296875,413.5
1992-06-03,413.5,414.5899963378906
1992-06-04,414.6000061035156,413.260009765625
1992-06-05,413.260009765625,413.4800109863281
1992-06-08,413.4800109863281,413.3599853515625
1992-06-09,413.3999938964844,410.05999755859375
1992-06-10,410.05999755859375,407.25
1992-06-11,407.25,409.04998779296875
1992-06-12,409.0799865722656,409.760009765625
1992-06-15,409.760009765625,410.2900085449219
1992-06-16,410.2900085449219,408.32000732421875
1992-06-17,408.3299865722656,402.260009765625
1992-06-18,402.260009765625,400.9599914550781
1992-06-19,400.9599914550781,403.6700134277344
1992-06-22,403.6400146484375,403.3999938964844
1992-06-23,403.3999938964844,404.0400085449219
1992-06-24,404.04998779296875,403.8399963378906
1992-06-25,403.8299865722656,403.1199951171875
1992-06-26,403.1199951171875,403.45001220703125
1992-06-29,403.4700012207031,408.94000244140625
1992-06-30,408.94000244140625,408.1400146484375
1992-07-01,408.20001220703125,412.8800048828125
1992-07-02,412.8800048828125,411.7699890136719
1992-07-06,411.7699890136719,413.8399963378906
1992-07-07,413.8299865722656,409.1600036621094
1992-07-08,409.1499938964844,410.2799987792969
1992-07-09,410.2799987792969,414.2300109863281
1992-07-10,414.2300109863281,414.6199951171875
1992-07-13,414.6199951171875,414.8699951171875
1992-07-14,414.8599853515625,417.67999267578125
1992-07-15,417.67999267578125,417.1000061035156
1992-07-16,417.0400085449219,417.5400085449219
1992-07-17,417.5400085449219,415.6199951171875
1992-07-20,415.6199951171875,413.75
1992-07-21,413.75,413.760009765625
1992-07-22,413.739990234375,410.92999267578125
1992-07-23,410.92999267578125,412.0799865722656
1992-07-24,412.07000732421875,411.6000061035156
1992-07-27,411.6000061035156,411.5400085449219
1992-07-28,411.54998779296875,417.5199890136719
1992-07-29,417.5199890136719,422.2300109863281
1992-07-30,422.20001220703125,423.9200134277344
1992-07-31,423.9200134277344,424.2099914550781
1992-08-03,424.19000244140625,425.0899963378906
1992-08-04,425.0899963378906,424.3599853515625
1992-08-05,424.3500061035156,422.19000244140625
1992-08-06,422.19000244140625,420.5899963378906
1992-08-07,420.5899963378906,418.8800048828125
1992-08-10,418.8699951171875,419.4200134277344
1992-08-11,419.45001220703125,418.8999938964844
1992-08-12,418.8900146484375,417.7799987792969
1992-08-13,417.7799987792969,417.7300109863281
1992-08-14,417.739990234375,419.9100036621094
1992-08-17,419.8900146484375,420.739990234375
1992-08-18,420.739990234375,421.3399963378906
1992-08-19,421.3399963378906,418.19000244140625
1992-08-20,418.19000244140625,418.260009765625
1992-08-21,418.2699890136719,414.8500061035156
1992-08-24,414.79998779296875,410.7200012207031
1992-08-25,410.7300109863281,411.6099853515625
1992-08-26,411.6499938964844,413.510009765625
1992-08-27,413.510009765625,413.5299987792969
1992-08-28,413.5400085449219,414.8399963378906
1992-08-31,414.8699951171875,414.0299987792969
1992-09-01,414.0299987792969,416.07000732421875
1992-09-02,416.07000732421875,417.9800109863281
1992-09-03,417.9800109863281,417.9800109863281
1992-09-04,417.9800109863281,417.0799865722656
1992-09-08,417.0799865722656,414.44000244140625
1992-09-09,414.44000244140625,416.3599853515625
1992-09-10,416.3399963378906,419.95001220703125
1992-09-11,419.95001220703125,419.5799865722656
1992-09-14,419.6499938964844,425.2699890136719
1992-09-15,425.2200012207031,419.7699890136719
1992-09-16,419.7099914550781,419.9200134277344
1992-09-17,419.9200134277344,419.92999267578125
1992-09-18,419.9200134277344,422.92999267578125
1992-09-21,422.8999938964844,422.1400146484375
1992-09-22,422.1400146484375,417.1400146484375
1992-09-23,417.1400146484375,417.44000244140625
1992-09-24,417.4599914550781,418.4700012207031
1992-09-25,418.4700012207031,414.3500061035156
1992-09-28,414.3500061035156,416.6199951171875
1992-09-29,416.6199951171875,416.79998779296875
1992-09-30,416.7900085449219,417.79998779296875
1992-10-01,417.79998779296875,416.2900085449219
1992-10-02,416.2900085449219,410.4700012207031
1992-10-05,410.4700012207031,407.57000732421875
1992-10-06,407.57000732421875,407.17999267578125
1992-10-07,407.1700134277344,404.25
1992-10-08,404.2900085449219,407.75
1992-10-09,407.75,402.6600036621094
1992-10-12,402.6600036621094,407.44000244140625
1992-10-13,407.44000244140625,409.29998779296875
1992-10-14,409.29998779296875,409.3699951171875
1992-10-15,409.3399963378906,409.6000061035156
1992-10-16,409.6000061035156,411.7300109863281
1992-10-19,411.7300109863281,414.9800109863281
1992-10-20,414.9800109863281,415.4800109863281
1992-10-21,415.5299987792969,415.6700134277344
1992-10-22,415.6700134277344,414.8999938964844
1992-10-23,414.8999938964844,414.1000061035156
1992-10-26,414.0899963378906,418.1600036621094
1992-10-27,418.17999267578125,418.489990234375
1992-10-28,418.489990234375,420.1300048828125
1992-10-29,420.1499938964844,420.8599853515625
1992-10-30,420.8599853515625,418.67999267578125
1992-11-02,418.6600036621094,422.75
1992-11-03,422.75,419.9200134277344
1992-11-04,419.9100036621094,417.1099853515625
1992-11-05,417.0799865722656,418.3399963378906
1992-11-06,418.3500061035156,417.5799865722656
1992-11-09,417.5799865722656,418.5899963378906
1992-11-10,418.5899963378906,418.6199951171875
1992-11-11,418.6199951171875,422.20001220703125
1992-11-12,422.20001220703125,422.8699951171875
1992-11-13,422.8900146484375,422.42999267578125
1992-11-16,422.44000244140625,420.67999267578125
1992-11-17,420.6300048828125,419.2699890136719
1992-11-18,419.2699890136719,422.8500061035156
1992-11-19,422.8599853515625,423.6099853515625
1992-11-20,423.6099853515625,426.6499938964844
1992-11-23,426.6499938964844,425.1199951171875
1992-11-24,425.1400146484375,427.5899963378906
1992-11-25,427.5899963378906,429.19000244140625
1992-11-27,429.19000244140625,430.1600036621094
1992-11-30,430.19000244140625,431.3500061035156
1992-12-01,431.3500061035156,430.7799987792969
1992-12-02,430.7799987792969,429.8900146484375
1992-12-03,429.9800109863281,429.9100036621094
1992-12-04,429.92999267578125,432.05999755859375
1992-12-07,432.05999755859375,435.30999755859375
1992-12-08,435.30999755859375,436.989990234375
1992-12-09,436.989990234375,435.6499938964844
1992-12-10,435.6600036621094,434.6400146484375
1992-12-11,434.6400146484375,433.7300109863281
1992-12-14,433.7300109863281,432.8399963378906
1992-12-15,432.82000732421875,432.57000732421875
1992-12-16,432.5799865722656,431.5199890136719
1992-12-17,431.5199890136719,435.42999267578125
1992-12-18,435.4599914550781,441.2799987792969
1992-12-21,441.260009765625,440.70001220703125
1992-12-22,440.70001220703125,440.30999755859375
1992-12-23,440.2900085449219,439.0299987792969
1992-12-24,439.0299987792969,439.7699890136719
1992-12-28,439.7699890136719,439.1499938964844
1992-12-29,439.1499938964844,437.9800109863281
1992-12-30,437.9800109863281,438.82000732421875
1992-12-31,438.82000732421875,435.7099914550781
1993-01-04,435.70001220703125,435.3800048828125
1993-01-05,435.3800048828125,434.3399963378906
1993-01-06,434.3399963378906,434.5199890136719
1993-01-07,434.5199890136719,430.7300109863281
1993-01-08,430.7300109863281,429.04998779296875
1993-01-11,429.0400085449219,430.95001220703125
1993-01-12,430.95001220703125,431.0400085449219
1993-01-13,431.0299987792969,433.0299987792969
1993-01-14,433.0799865722656,435.94000244140625
1993-01-15,435.8699951171875,437.1499938964844
1993-01-18,437.1300048828125,436.8399963378906
1993-01-19,436.8399963378906,435.1300048828125
1993-01-20,435.1400146484375,433.3699951171875
1993-01-21,433.3699951171875,435.489990234375
1993-01-22,435.489990234375,436.1099853515625
1993-01-25,436.1099853515625,440.010009765625
1993-01-26,440.04998779296875,439.95001220703125
1993-01-27,439.95001220703125,438.1099853515625
1993-01-28,438.1300048828125,438.6600036621094
1993-01-29,438.6700134277344,438.7799987792969
1993-02-01,438.7799987792969,442.5199890136719
1993-02-02,442.5199890136719,442.54998779296875
1993-02-03,442.55999755859375,447.20001220703125
1993-02-04,447.20001220703125,449.55999755859375
1993-02-05,449.55999755859375,448.92999267578125
1993-02-08,448.94000244140625,447.8500061035156
1993-02-09,448.0400085449219,445.3299865722656
1993-02-10,445.3299865722656,446.2300109863281
1993-02-11,446.2099914550781,447.6600036621094
1993-02-12,447.6600036621094,444.5799865722656
1993-02-16,444.5299987792969,433.9100036621094
1993-02-17,433.92999267578125,433.29998779296875
1993-02-18,433.29998779296875,431.8999938964844
1993-02-19,431.92999267578125,434.2200012207031
1993-02-22,434.2099914550781,435.239990234375
1993-02-23,435.3399963378906,434.79998779296875
1993-02-24,434.760009765625,440.8699951171875
1993-02-25,440.70001220703125,442.3399963378906
1993-02-26,442.3399963378906,443.3800048828125
1993-03-01,443.3800048828125,442.010009765625
1993-03-02,442.0,447.8999938964844
1993-03-03,447.8999938964844,449.260009765625
1993-03-04,449.260009765625,447.3399963378906
1993-03-05,447.3399963378906,446.1099853515625
1993-03-08,446.1199951171875,454.7099914550781
1993-03-09,454.6700134277344,454.3999938964844
1993-03-10,454.3999938964844,456.3299865722656
1993-03-11,456.3500061035156,453.7200012207031
1993-03-12,453.70001220703125,449.8299865722656
1993-03-15,449.8299865722656,451.42999267578125
1993-03-16,451.42999267578125,451.3699951171875
1993-03-17,451.3599853515625,448.30999755859375
1993-03-18,448.3599853515625,451.8900146484375
1993-03-19,451.8999938964844,450.17999267578125
1993-03-22,450.1700134277344,448.8800048828125
1993-03-23,448.8800048828125,448.760009765625
1993-03-24,448.7099914550781,448.07000732421875
1993-03-25,448.0899963378906,450.8800048828125
1993-03-26,450.9100036621094,447.7799987792969
1993-03-29,447.760009765625,450.7699890136719
1993-03-30,450.7900085449219,451.9700012207031
1993-03-31,451.9700012207031,451.6700134277344
1993-04-01,451.6700134277344,450.29998779296875
1993-04-02,450.2799987792969,441.3900146484375
1993-04-05,441.4200134277344,442.2900085449219
1993-04-06,442.2900085449219,441.1600036621094
1993-04-07,441.1600036621094,442.7300109863281
1993-04-08,442.7099914550781,441.8399963378906
1993-04-12,441.8399963378906,448.3699951171875
1993-04-13,448.4100036621094,449.2200012207031
1993-04-14,449.2200012207031,448.6600036621094
1993-04-15,448.6000061035156,448.3999938964844
1993-04-16,448.4100036621094,448.94000244140625
1993-04-19,448.94000244140625,447.4599914550781
1993-04-20,447.4599914550781,445.1000061035156
1993-04-21,445.0899963378906,443.6300048828125
1993-04-22,443.54998779296875,439.4599914550781
1993-04-23,439.489990234375,437.0299987792969
1993-04-26,437.0299987792969,433.5400085449219
1993-04-27,433.5199890136719,438.010009765625
1993-04-28,438.010009765625,438.0199890136719
1993-04-29,438.0199890136719,438.8900146484375
1993-04-30,438.8900146484375,440.19000244140625
1993-05-03,440.19000244140625,442.4599914550781
1993-05-04,442.5799865722656,444.04998779296875
1993-05-05,443.9800109863281,444.5199890136719
1993-05-06,444.6000061035156,443.260009765625
1993-05-07,443.2799987792969,442.30999755859375
1993-05-10,442.3399963378906,442.79998779296875
1993-05-11,442.79998779296875,444.3599853515625
1993-05-12,444.32000732421875,444.79998779296875
1993-05-13,444.75,439.2300109863281
1993-05-14,439.2200012207031,439.55999755859375
1993-05-17,439.55999755859375,440.3699951171875
1993-05-18,440.3900146484375,440.32000732421875
1993-05-19,440.32000732421875,447.57000732421875
1993-05-20,447.57000732421875,450.5899963378906
1993-05-21,450.5899963378906,445.8399963378906
1993-05-24,445.8399963378906,448.0
1993-05-25,448.0,448.8500061035156
1993-05-26,448.8500061035156,453.44000244140625
1993-05-27,453.44000244140625,452.4100036621094
1993-05-28,452.4100036621094,450.19000244140625
1993-06-01,450.2300109863281,453.8299865722656
1993-06-02,453.8299865722656,453.8500061035156
1993-06-03,453.8399963378906,452.489990234375
1993-06-04,452.42999267578125,450.05999755859375
1993-06-07,450.07000732421875,447.69000244140625
1993-06-08,447.6499938964844,444.7099914550781
1993-06-09,444.7099914550781,445.7799987792969
1993-06-10,445.7799987792969,445.3800048828125
1993-06-11,445.3800048828125,447.260009765625
1993-06-14,447.260009765625,447.7099914550781
1993-06-15,447.7300109863281,446.2699890136719
1993-06-16,446.2699890136719,447.42999267578125
1993-06-17,447.42999267578125,448.5400085449219
1993-06-18,448.5400085449219,443.67999267578125
1993-06-21,443.67999267578125,446.2200012207031
1993-06-22,446.25,445.92999267578125
1993-06-23,445.9599914550781,443.19000244140625
1993-06-24,443.0400085449219,446.6199951171875
1993-06-25,446.6199951171875,447.6000061035156
1993-06-28,447.6000061035156,451.8500061035156
1993-06-29,451.8900146484375,450.69000244140625
1993-06-30,450.69000244140625,450.5299987792969
1993-07-01,450.5400085449219,449.0199890136719
1993-07-02,449.0199890136719,445.8399963378906
1993-07-06,445.8599853515625,441.42999267578125
1993-07-07,441.3999938964844,442.8299865722656
1993-07-08,442.8399963378906,448.6400146484375
1993-07-09,448.6400146484375,448.1099853515625
1993-07-12,448.1300048828125,448.9800109863281
1993-07-13,449.0,448.0899963378906
1993-07-14,448.0799865722656,450.0799865722656
1993-07-15,450.0899963378906,449.2200012207031
1993-07-16,449.07000732421875,445.75
1993-07-19,445.75,446.0299987792969
1993-07-20,446.0299987792969,447.30999755859375
1993-07-21,447.2799987792969,447.17999267578125
1993-07-22,447.17999267578125,444.510009765625
1993-07-23,444.5400085449219,447.1000061035156
1993-07-26,447.05999755859375,449.0899963378906
1993-07-27,449.0,448.239990234375
1993-07-28,448.25,447.19000244140625
1993-07-29,447.19000244140625,450.239990234375
1993-07-30,450.19000244140625,448.1300048828125
1993-08-02,448.1300048828125,450.1499938964844
1993-08-03,450.1499938964844,449.2699890136719
1993-08-04,449.2699890136719,448.5400085449219
1993-08-05,448.54998779296875,448.1300048828125
1993-08-06,448.1300048828125,448.67999267578125
1993-08-09,448.67999267578125,450.7200012207031
1993-08-10,450.7099914550781,449.45001220703125
1993-08-11,449.6000061035156,450.4599914550781
1993-08-12,450.4700012207031,448.9599914550781
1993-08-13,448.9700012207031,450.1400146484375
1993-08-16,450.25,452.3800048828125
1993-08-17,452.3800048828125,453.1300048828125
1993-08-18,453.2099914550781,456.0400085449219
1993-08-19,456.010009765625,456.42999267578125
1993-08-20,456.510009765625,456.1600036621094
1993-08-23,456.1199951171875,455.2300109863281
1993-08-24,455.2300109863281,459.7699890136719
1993-08-25,459.75,460.1300048828125
1993-08-26,460.0400085449219,461.0400085449219
1993-08-27,461.04998779296875,460.5400085449219
1993-08-30,460.5400085449219,461.8999938964844
1993-08-31,461.8999938964844,463.55999755859375
1993-09-01,463.54998779296875,463.1499938964844
1993-09-02,463.1300048828125,461.29998779296875
1993-09-03,461.29998779296875,461.3399963378906
1993-09-07,461.3399963378906,458.5199890136719
1993-09-08,458.5199890136719,456.6499938964844
1993-09-09,456.6499938964844,457.5
1993-09-10,457.489990234375,461.7200012207031
1993-09-13,461.70001220703125,462.05999755859375
1993-09-14,461.92999267578125,459.8999938964844
1993-09-15,459.8999938964844,461.6000061035156
1993-09-16,461.5400085449219,459.42999267578125
1993-09-17,459.42999267578125,458.8299865722656
1993-09-20,458.8399963378906,455.04998779296875
1993-09-21,455.04998779296875,452.95001220703125
1993-09-22,452.94000244140625,456.20001220703125
1993-09-23,456.25,457.739990234375
1993-09-24,457.739990234375,457.6300048828125
1993-09-27,457.6300048828125,461.79998779296875
1993-09-28,461.8399963378906,461.5299987792969
1993-09-29,461.6000061035156,460.1099853515625
1993-09-30,460.1099853515625,458.92999267578125
1993-10-01,458.92999267578125,461.2799987792969
1993-10-04,461.2799987792969,461.3399963378906
1993-10-05,461.3399963378906,461.20001220703125
1993-10-06,461.239990234375,460.739990234375
1993-10-07,460.7099914550781,459.17999267578125
1993-10-08,459.17999267578125,460.30999755859375
1993-10-11,460.30999755859375,460.8800048828125
1993-10-12,461.0400085449219,461.1199951171875
1993-10-13,461.1199951171875,461.489990234375
1993-10-14,461.54998779296875,466.8299865722656
1993-10-15,466.8299865722656,469.5
1993-10-18,469.5,468.45001220703125
1993-10-19,468.4100036621094,466.2099914550781
1993-10-20,466.2099914550781,466.07000732421875
1993-10-21,466.05999755859375,465.3599853515625
1993-10-22,465.3599853515625,463.2699890136719
1993-10-25,463.2699890136719,464.20001220703125
1993-10-26,464.20001220703125,464.29998779296875
1993-10-27,464.29998779296875,464.6099853515625
1993-10-28,464.5199890136719,467.7300109863281
1993-10-29,467.7200012207031,467.8299865722656
1993-11-01,467.8299865722656,469.1000061035156
1993-11-02,469.1000061035156,468.44000244140625
1993-11-03,468.44000244140625,463.0199890136719
1993-11-04,463.0199890136719,457.489990234375
1993-11-05,457.489990234375,459.57000732421875
1993-11-08,459.57000732421875,460.2099914550781
1993-11-09,460.2099914550781,460.3299865722656
1993-11-10,460.3999938964844,463.7200012207031
1993-11-11,463.7200012207031,462.6400146484375
1993-11-12,462.6400146484375,465.3900146484375
1993-11-15,465.3900146484375,463.75
1993-11-16,463.75,466.739990234375
1993-11-17,466.739990234375,464.80999755859375
1993-11-18,464.8299865722656,463.6199951171875
1993-11-19,463.5899963378906,462.6000061035156
1993-11-22,462.6000061035156,459.1300048828125
1993-11-23,459.1300048828125,461.0299987792969
1993-11-24,461.0299987792969,462.3599853515625
1993-11-26,462.3599853515625,463.05999755859375
1993-11-29,463.05999755859375,461.8999938964844
1993-11-30,461.8999938964844,461.7900085449219
1993-12-01,461.92999267578125,461.8900146484375
1993-12-02,461.8900146484375,463.1099853515625
1993-12-03,463.1300048828125,464.8900146484375
1993-12-06,464.8900146484375,466.42999267578125
1993-12-07,466.42999267578125,466.760009765625
1993-12-08,465.8800048828125,466.2900085449219
1993-12-09,466.2900085449219,464.17999267578125
1993-12-10,464.17999267578125,463.92999267578125
1993-12-13,463.92999267578125,465.70001220703125
1993-12-14,465.7300109863281,463.05999755859375
1993-12-15,463.05999755859375,461.8399963378906
1993-12-16,461.8599853515625,463.3399963378906
1993-12-17,463.3399963378906,466.3800048828125
1993-12-20,466.3800048828125,465.8500061035156
1993-12-21,465.8399963378906,465.29998779296875
1993-12-22,465.0799865722656,467.32000732421875
1993-12-23,467.29998779296875,467.3800048828125
1993-12-27,467.3999938964844,470.5400085449219
1993-12-28,470.6099853515625,470.94000244140625
1993-12-29,470.8800048828125,470.5799865722656
1993-12-30,470.5799865722656,468.6400146484375
1993-12-31,468.6600036621094,466.45001220703125
1994-01-03,466.510009765625,465.44000244140625
1994-01-04,465.44000244140625,466.8900146484375
1994-01-05,466.8900146484375,467.54998779296875
1994-01-06,467.54998779296875,467.1199951171875
1994-01-07,467.0899963378906,469.8999938964844
1994-01-10,469.8999938964844,475.2699890136719
1994-01-11,475.2699890136719,474.1300048828125
1994-01-12,474.1300048828125,474.1700134277344
1994-01-13,474.1700134277344,472.4700012207031
1994-01-14,472.5,474.9100036621094
1994-01-17,474.9100036621094,473.29998779296875
1994-01-18,473.29998779296875,474.25
1994-01-19,474.25,474.29998779296875
1994-01-20,474.29998779296875,474.9800109863281
1994-01-21,474.9800109863281,474.7200012207031
1994-01-24,474.7200012207031,471.9700012207031
1994-01-25,471.9700012207031,470.9200134277344
1994-01-26,470.9200134277344,473.20001220703125
1994-01-27,473.20001220703125,477.04998779296875
1994-01-28,477.04998779296875,478.70001220703125
1994-01-31,478.70001220703125,481.6099853515625
1994-02-01,481.6000061035156,479.6199951171875
1994-02-02,479.6199951171875,482.0
1994-02-03,481.9599914550781,480.7099914550781
1994-02-04,480.67999267578125,469.80999755859375
1994-02-07,469.80999755859375,471.760009765625
1994-02-08,471.760009765625,471.04998779296875
1994-02-09,471.04998779296875,472.7699890136719
1994-02-10,472.80999755859375,468.92999267578125
1994-02-11,468.92999267578125,470.17999267578125
1994-02-14,470.17999267578125,470.2300109863281
1994-02-15,470.2300109863281,472.5199890136719
1994-02-16,472.5299987792969,472.7900085449219
1994-02-17,472.7900085449219,470.3399963378906
1994-02-18,470.2900085449219,467.69000244140625
1994-02-22,467.69000244140625,471.4599914550781
1994-02-23,471.4800109863281,470.69000244140625
1994-02-24,470.6499938964844,464.260009765625
1994-02-25,464.3299865722656,466.07000732421875
1994-02-28,466.07000732421875,467.1400146484375
1994-03-01,467.19000244140625,464.44000244140625
1994-03-02,464.3999938964844,464.80999755859375
1994-03-03,464.80999755859375,463.010009765625
1994-03-04,463.0299987792969,464.739990234375
1994-03-07,464.739990234375,466.9100036621094
1994-03-08,466.9200134277344,465.8800048828125
1994-03-09,465.94000244140625,467.05999755859375
1994-03-10,467.0799865722656,463.8999938964844
1994-03-11,463.8599853515625,466.44000244140625
1994-03-14,466.44000244140625,467.3900146484375
1994-03-15,467.3900146484375,467.010009765625
1994-03-16,467.0400085449219,469.4200134277344
1994-03-17,469.4200134277344,470.8999938964844
1994-03-18,470.8900146484375,471.05999755859375
1994-03-21,471.05999755859375,468.5400085449219
1994-03-22,468.3999938964844,468.79998779296875
1994-03-23,468.8900146484375,468.5400085449219
1994-03-24,468.57000732421875,464.3500061035156
1994-03-25,464.3500061035156,460.5799865722656
1994-03-28,460.5799865722656,460.0
1994-03-29,460.0,452.4800109863281
1994-03-30,452.4800109863281,445.54998779296875
1994-03-31,445.54998779296875,445.7699890136719
1994-04-04,445.6600036621094,438.9200134277344
1994-04-05,439.1400146484375,448.2900085449219
1994-04-06,448.2900085449219,448.04998779296875
1994-04-07,448.1099853515625,450.8800048828125
1994-04-08,450.8900146484375,447.1000061035156
1994-04-11,447.1199951171875,449.8699951171875
1994-04-12,449.8299865722656,447.57000732421875
1994-04-13,447.6300048828125,446.260009765625
1994-04-14,446.260009765625,446.3800048828125
1994-04-15,446.3800048828125,446.17999267578125
1994-04-18,446.2699890136719,442.4599914550781
1994-04-19,442.5400085449219,442.5400085449219
1994-04-20,442.5400085449219,441.9599914550781
1994-04-21,441.9599914550781,448.7300109863281
1994-04-22,448.7300109863281,447.6300048828125
1994-04-25,447.6400146484375,452.7099914550781
1994-04-26,452.7099914550781,451.8699951171875
1994-04-28,451.8399963378906,449.1000061035156
1994-04-29,449.07000732421875,450.9100036621094
1994-05-02,450.9100036621094,453.0199890136719
1994-05-03,453.05999755859375,453.0299987792969
1994-05-04,453.0400085449219,451.7200012207031
1994-05-05,451.7200012207031,451.3800048828125
1994-05-06,451.3699951171875,447.82000732421875
1994-05-09,447.82000732421875,442.32000732421875
1994-05-10,442.3699951171875,446.010009765625
1994-05-11,446.0299987792969,441.489990234375
1994-05-12,441.5,443.75
1994-05-13,443.6199951171875,444.1400146484375
1994-05-16,444.1499938964844,444.489990234375
1994-05-17,444.489990234375,449.3699951171875
1994-05-18,449.3900146484375,453.69000244140625
1994-05-19,453.69000244140625,456.4800109863281
1994-05-20,456.4800109863281,454.9200134277344
1994-05-23,454.9200134277344,453.20001220703125
1994-05-24,453.2099914550781,454.80999755859375
1994-05-25,454.8399963378906,456.3399963378906
1994-05-26,456.3299865722656,457.05999755859375
1994-05-27,457.0299987792969,457.3299865722656
1994-05-31,457.32000732421875,456.5
1994-06-01,456.5,457.6300048828125
1994-06-02,457.6199951171875,457.6499938964844
1994-06-03,457.6499938964844,460.1300048828125
1994-06-06,460.1300048828125,458.8800048828125
1994-06-07,458.8800048828125,458.2099914550781
1994-06-08,458.2099914550781,457.05999755859375
1994-06-09,457.05999755859375,457.8599853515625
1994-06-10,457.8599853515625,458.6700134277344
1994-06-13,458.6700134277344,459.1000061035156
1994-06-14,459.1000061035156,462.3699951171875
1994-06-15,462.3800048828125,460.6099853515625
1994-06-16,460.6099853515625,461.92999267578125
1994-06-17,461.92999267578125,458.45001220703125
1994-06-20,458.45001220703125,455.4800109863281
1994-06-21,455.4800109863281,451.3399963378906
1994-06-22,451.3999938964844,453.0899963378906
1994-06-23,453.0899963378906,449.6300048828125
1994-06-24,449.6300048828125,442.79998779296875
1994-06-27,442.7799987792969,447.30999755859375
1994-06-28,447.3599853515625,446.07000732421875
1994-06-29,446.04998779296875,447.6300048828125
1994-06-30,447.6300048828125,444.2699890136719
1994-07-01,444.2699890136719,446.20001220703125
1994-07-05,446.20001220703125,446.3699951171875
1994-07-06,446.2900085449219,446.1300048828125
1994-07-07,446.1499938964844,448.3800048828125
1994-07-08,448.3800048828125,449.54998779296875
1994-07-11,449.55999755859375,448.05999755859375
1994-07-12,448.0199890136719,447.95001220703125
1994-07-13,448.0299987792969,448.7300109863281
1994-07-14,448.7300109863281,453.4100036621094
1994-07-15,453.2799987792969,454.1600036621094
1994-07-18,454.4100036621094,455.2200012207031
1994-07-19,455.2200012207031,453.8599853515625
1994-07-20,453.8900146484375,451.6000061035156
1994-07-21,451.6000061035156,452.6099853515625
1994-07-22,452.6099853515625,453.1099853515625
1994-07-25,453.1000061035156,454.25
1994-07-26,454.25,453.3599853515625
1994-07-27,453.3599853515625,452.57000732421875
1994-07-28,452.57000732421875,454.239990234375
1994-07-29,454.25,458.260009765625
1994-08-01,458.2799987792969,461.010009765625
1994-08-02,461.010009765625,460.55999755859375
1994-08-03,460.6499938964844,461.45001220703125
1994-08-04,461.45001220703125,458.3999938964844
1994-08-05,458.3399963378906,457.0899963378906
1994-08-08,457.0799865722656,457.8900146484375
1994-08-09,457.8900146484375,457.9200134277344
1994-08-10,457.9800109863281,460.29998779296875
1994-08-11,460.30999755859375,458.8800048828125
1994-08-12,458.8800048828125,461.94000244140625
1994-08-15,461.9700012207031,461.2300109863281
1994-08-16,461.2200012207031,465.010009765625
1994-08-17,465.1099853515625,465.1700134277344
1994-08-18,465.1000061035156,463.1700134277344
1994-08-19,463.25,463.67999267578125
1994-08-22,463.6099853515625,462.32000732421875
1994-08-23,462.3900146484375,464.510009765625
1994-08-24,464.510009765625,469.0299987792969
1994-08-25,469.07000732421875,468.0799865722656
1994-08-26,468.0799865722656,473.79998779296875
1994-08-29,473.8900146484375,474.5899963378906
1994-08-30,474.5899963378906,476.07000732421875
1994-08-31,476.07000732421875,475.489990234375
1994-09-01,475.489990234375,473.1700134277344
1994-09-02,473.20001220703125,470.989990234375
1994-09-06,471.0,471.8599853515625
1994-09-07,471.8599853515625,470.989990234375
1994-09-08,470.9599914550781,473.1400146484375
1994-09-09,473.1300048828125,468.17999267578125
1994-09-12,468.17999267578125,466.2099914550781
1994-09-13,466.2699890136719,467.510009765625
1994-09-14,467.54998779296875,468.79998779296875
1994-09-15,468.79998779296875,474.80999755859375
1994-09-16,474.80999755859375,471.19000244140625
1994-09-19,471.2099914550781,470.8500061035156
1994-09-20,470.8299865722656,463.3599853515625
1994-09-21,463.4200134277344,461.4599914550781
1994-09-22,461.45001220703125,461.2699890136719
1994-09-23,461.2699890136719,459.6700134277344
1994-09-26,459.6499938964844,460.82000732421875
1994-09-27,460.82000732421875,462.04998779296875
1994-09-28,462.1000061035156,464.8399963378906
1994-09-29,464.8399963378906,462.239990234375
1994-09-30,462.2699890136719,462.7099914550781
1994-10-03,462.69000244140625,461.739990234375
1994-10-04,461.7699890136719,454.5899963378906
1994-10-05,454.5899963378906,453.5199890136719
1994-10-06,453.5199890136719,452.3599853515625
1994-10-07,452.3699951171875,455.1000061035156
1994-10-10,455.1199951171875,459.0400085449219
1994-10-11,459.0400085449219,465.7900085449219
1994-10-12,465.7799987792969,465.4700012207031
1994-10-13,465.55999755859375,467.7900085449219
1994-10-14,467.7799987792969,469.1000061035156
1994-10-17,469.1099853515625,468.9599914550781
1994-10-18,469.0199890136719,467.6600036621094
1994-10-19,467.69000244140625,470.2799987792969
1994-10-20,470.3699951171875,466.8500061035156
1994-10-21,466.69000244140625,464.8900146484375
1994-10-24,464.8900146484375,460.8299865722656
1994-10-25,460.8299865722656,461.5299987792969
1994-10-26,461.54998779296875,462.6199951171875
1994-10-27,462.67999267578125,465.8500061035156
1994-10-28,465.8399963378906,473.7699890136719
1994-10-31,473.760009765625,472.3500061035156
1994-11-01,472.260009765625,468.4200134277344
1994-11-02,468.4100036621094,466.510009765625
1994-11-03,466.5,467.9100036621094
1994-11-04,467.9599914550781,462.2799987792969
1994-11-07,462.30999755859375,463.07000732421875
1994-11-08,463.0799865722656,465.6499938964844
1994-11-09,465.6499938964844,465.3999938964844
1994-11-10,465.3999938964844,464.3699951171875
1994-11-11,464.1700134277344,462.3500061035156
1994-11-14,462.44000244140625,466.0400085449219
1994-11-15,466.0400085449219,465.0299987792969
1994-11-16,465.05999755859375,465.6199951171875
1994-11-17,465.7099914550781,463.57000732421875
1994-11-18,463.6000061035156,461.4700012207031
1994-11-21,461.69000244140625,458.29998779296875
1994-11-22,457.95001220703125,450.0899963378906
1994-11-23,450.010009765625,449.92999267578125
1994-11-25,449.94000244140625,452.2900085449219
1994-11-28,452.260009765625,454.1600036621094
1994-11-29,454.2300109863281,455.1700134277344
1994-11-30,455.1700134277344,453.69000244140625
1994-12-01,453.54998779296875,448.9200134277344
1994-12-02,448.9200134277344,453.29998779296875
1994-12-05,453.29998779296875,453.32000732421875
1994-12-06,453.2900085449219,453.1099853515625
1994-12-07,453.1099853515625,451.2300109863281
1994-12-08,451.2300109863281,445.45001220703125
1994-12-09,445.45001220703125,446.9599914550781
1994-12-12,446.95001220703125,449.4700012207031
1994-12-13,449.5199890136719,450.1499938964844
1994-12-14,450.04998779296875,454.9700012207031
1994-12-15,454.9700012207031,455.3399963378906
1994-12-16,455.3500061035156,458.79998779296875
1994-12-19,458.7799987792969,457.9100036621094
1994-12-20,458.0799865722656,457.1000061035156
1994-12-21,457.239990234375,459.6099853515625
1994-12-22,459.6199951171875,459.67999267578125
1994-12-23,459.70001220703125,459.8299865722656
1994-12-27,459.8500061035156,462.4700012207031
1994-12-28,462.4700012207031,460.8599853515625
1994-12-29,460.9200134277344,461.1700134277344
1994-12-30,461.1700134277344,459.2699890136719
1995-01-03,459.2099914550781,459.1099853515625
1995-01-04,459.1300048828125,460.7099914550781
1995-01-05,460.7300109863281,460.3399963378906
1995-01-06,460.3800048828125,460.67999267578125
1995-01-09,460.6700134277344,460.8299865722656
1995-01-10,460.8999938964844,461.67999267578125
1995-01-11,461.67999267578125,461.6600036621094
1995-01-12,461.6400146484375,461.6400146484375
1995-01-13,461.6400146484375,465.9700012207031
1995-01-16,465.9700012207031,469.3800048828125
1995-01-17,469.3800048828125,470.04998779296875
1995-01-18,470.04998779296875,469.7099914550781
1995-01-19,469.7200012207031,466.95001220703125
1995-01-20,466.95001220703125,464.7799987792969
1995-01-23,464.7799987792969,465.82000732421875
1995-01-24,465.80999755859375,465.8599853515625
1995-01-25,465.8599853515625,467.44000244140625
1995-01-26,467.44000244140625,468.32000732421875
1995-01-27,468.32000732421875,470.3900146484375
1995-01-30,470.3900146484375,468.510009765625
1995-01-31,468.510009765625,470.4200134277344
1995-02-01,470.4200134277344,470.3999938964844
1995-02-02,470.3999938964844,472.7900085449219
1995-02-03,472.7799987792969,478.6499938964844
1995-02-06,478.6400146484375,481.1400146484375
1995-02-07,481.1400146484375,480.80999755859375
1995-02-08,480.80999755859375,481.19000244140625
1995-02-09,481.19000244140625,480.19000244140625
1995-02-10,480.19000244140625,481.4599914550781
1995-02-13,481.4599914550781,481.6499938964844
1995-02-14,481.6499938964844,482.54998779296875
1995-02-15,482.54998779296875,484.5400085449219
1995-02-16,484.55999755859375,485.2200012207031
1995-02-17,485.1499938964844,481.9700012207031
1995-02-21,481.95001220703125,482.7200012207031
1995-02-22,482.739990234375,485.07000732421875
1995-02-23,485.07000732421875,486.9100036621094
1995-02-24,486.82000732421875,488.1099853515625
1995-02-27,488.260009765625,483.80999755859375
1995-02-28,483.80999755859375,487.3900146484375
1995-03-01,487.3900146484375,485.6499938964844
1995-03-02,485.6499938964844,485.1300048828125
1995-03-03,485.1300048828125,485.4200134277344
1995-03-06,485.4200134277344,485.6300048828125
1995-03-07,485.6300048828125,482.1199951171875
1995-03-08,482.1199951171875,483.1400146484375
1995-03-09,483.1400146484375,483.1600036621094
1995-03-10,483.1600036621094,489.57000732421875
1995-03-13,489.57000732421875,490.04998779296875
1995-03-14,490.04998779296875,492.8900146484375
1995-03-15,492.8900146484375,491.8800048828125
1995-03-16,491.8699951171875,495.4100036621094
1995-03-17,495.42999267578125,495.5199890136719
1995-03-20,495.5199890136719,496.1400146484375
1995-03-21,496.1499938964844,495.07000732421875
1995-03-22,495.07000732421875,495.6700134277344
1995-03-23,495.6700134277344,495.95001220703125
1995-03-24,496.07000732421875,500.9700012207031
1995-03-27,500.9700012207031,503.20001220703125
1995-03-28,503.19000244140625,503.8999938964844
1995-03-29,503.9200134277344,503.1199951171875
1995-03-30,503.1700134277344,502.2200012207031
1995-03-31,501.94000244140625,500.7099914550781
1995-04-03,500.70001220703125,501.8500061035156
1995-04-04,501.8500061035156,505.239990234375
1995-04-05,505.2699890136719,505.57000732421875
1995-04-06,505.6300048828125,506.0799865722656
1995-04-07,506.1300048828125,506.4200134277344
1995-04-10,506.29998779296875,507.010009765625
1995-04-11,507.239990234375,505.5299987792969
1995-04-12,505.5899963378906,507.1700134277344
1995-04-13,507.19000244140625,509.2300109863281
1995-04-17,509.2300109863281,506.1300048828125
1995-04-18,506.42999267578125,505.3699951171875
1995-04-19,505.3699951171875,504.9200134277344
1995-04-20,504.9200134277344,505.2900085449219
1995-04-21,505.6300048828125,508.489990234375
1995-04-24,508.489990234375,512.8900146484375
1995-04-25,512.7999877929688,512.0999755859375
1995-04-26,511.989990234375,512.6599731445312
1995-04-27,512.7000122070312,513.5499877929688
1995-04-28,513.6400146484375,514.7100219726562
1995-05-01,514.760009765625,514.260009765625
1995-05-02,514.22998046875,514.8599853515625
1995-05-03,514.9299926757812,520.47998046875
1995-05-04,520.47998046875,520.5399780273438
1995-05-05,520.75,520.1199951171875
1995-05-08,520.0900268554688,523.9600219726562
1995-05-09,523.9600219726562,523.5599975585938
1995-05-10,523.739990234375,524.3599853515625
1995-05-11,524.3300170898438,524.3699951171875
1995-05-12,524.3699951171875,525.5499877929688
1995-05-15,525.5499877929688,527.739990234375
1995-05-16,527.739990234375,528.1900024414062
1995-05-17,528.1900024414062,527.0700073242188
1995-05-18,526.8800048828125,519.5800170898438
1995-05-19,519.5800170898438,519.1900024414062
1995-05-22,519.1900024414062,523.6500244140625
1995-05-23,523.6500244140625,528.5900268554688
1995-05-24,528.5900268554688,528.6099853515625
1995-05-25,528.3699951171875,528.5900268554688
1995-05-26,528.5900268554688,523.6500244140625
1995-05-30,523.6500244140625,523.5800170898438
1995-05-31,523.7000122070312,533.4000244140625
1995-06-01,533.4000244140625,533.489990234375
1995-06-02,533.489990234375,532.510009765625
1995-06-05,532.510009765625,535.5999755859375
1995-06-06,535.5999755859375,535.5499877929688
1995-06-07,535.5499877929688,533.1300048828125
1995-06-08,533.1300048828125,532.3499755859375
1995-06-09,532.3499755859375,527.9400024414062
1995-06-12,527.9400024414062,530.8800048828125
1995-06-13,530.8800048828125,536.0499877929688
1995-06-14,536.0499877929688,536.469970703125
1995-06-15,536.47998046875,537.1199951171875
1995-06-16,537.510009765625,539.8300170898438
1995-06-19,539.8300170898438,545.219970703125
1995-06-20,545.219970703125,544.97998046875
1995-06-21,544.97998046875,543.97998046875
1995-06-22,543.97998046875,551.0700073242188
1995-06-23,551.0700073242188,549.7100219726562
1995-06-26,549.7100219726562,544.1300048828125
1995-06-27,544.1099853515625,542.4299926757812
1995-06-28,542.4299926757812,544.72998046875
1995-06-29,544.72998046875,543.8699951171875
1995-06-30,543.8699951171875,544.75
1995-07-03,544.75,547.0900268554688
1995-07-05,547.0900268554688,547.260009765625
1995-07-06,547.260009765625,553.989990234375
1995-07-07,553.9000244140625,556.3699951171875
1995-07-10,556.3699951171875,557.1900024414062
1995-07-11,556.780029296875,554.780029296875
1995-07-12,555.27001953125,560.8900146484375
1995-07-13,560.8900146484375,561.0
1995-07-14,561.0,559.8900146484375
1995-07-17,560.3400268554688,562.719970703125
1995-07-18,562.5499877929688,558.4600219726562
1995-07-19,556.5800170898438,550.97998046875
1995-07-20,550.97998046875,553.5399780273438
1995-07-21,553.3400268554688,553.6199951171875
1995-07-24,553.6199951171875,556.6300048828125
1995-07-25,556.6300048828125,561.0999755859375
1995-07-26,561.0999755859375,561.6099853515625
1995-07-27,561.6099853515625,565.219970703125
1995-07-28,565.219970703125,562.9299926757812
1995-07-31,562.9299926757812,562.0599975585938
1995-08-01,562.0599975585938,559.6400146484375
1995-08-02,559.6400146484375,558.7999877929688
1995-08-03,558.7999877929688,558.75
1995-08-04,558.75,558.9400024414062
1995-08-07,558.9400024414062,560.030029296875
1995-08-08,560.030029296875,560.3900146484375
1995-08-09,560.3900146484375,559.7100219726562
1995-08-10,559.7100219726562,557.4500122070312
1995-08-11,557.4500122070312,555.1099853515625
1995-08-14,555.1099853515625,559.739990234375
1995-08-15,559.739990234375,558.5700073242188
1995-08-16,558.5700073242188,559.969970703125
1995-08-17,559.969970703125,559.0399780273438
1995-08-18,559.0399780273438,559.2100219726562
1995-08-21,559.2100219726562,558.1099853515625
1995-08-22,558.1099853515625,559.52001953125
1995-08-23,559.52001953125,557.1400146484375
1995-08-24,557.1400146484375,557.4600219726562
1995-08-25,557.4600219726562,560.0999755859375
1995-08-28,560.0999755859375,559.0499877929688
1995-08-29,559.0499877929688,560.0
1995-08-30,560.0,560.9199829101562
1995-08-31,561.0900268554688,561.8800048828125
1995-09-01,561.8800048828125,563.8400268554688
1995-09-05,563.8599853515625,569.1699829101562
1995-09-06,569.1699829101562,570.1699829101562
1995-09-07,570.1699829101562,570.2899780273438
1995-09-08,570.2899780273438,572.6799926757812
1995-09-11,572.6799926757812,573.9099731445312
1995-09-12,573.9099731445312,576.510009765625
1995-09-13,576.510009765625,578.77001953125
1995-09-14,578.77001953125,583.6099853515625
1995-09-15,583.6099853515625,583.3499755859375
1995-09-18,583.3499755859375,582.77001953125
1995-09-19,582.780029296875,584.2000122070312
1995-09-20,584.2000122070312,586.77001953125
1995-09-21,586.77001953125,583.0
1995-09-22,583.0,581.72998046875
1995-09-25,581.72998046875,581.8099975585938
1995-09-26,581.8099975585938,581.4099731445312
1995-09-27,581.4099731445312,581.0399780273438
1995-09-28,581.0399780273438,585.8699951171875
1995-09-29,585.8699951171875,584.4099731445312
1995-10-02,584.4099731445312,581.719970703125
1995-10-03,581.719970703125,582.3400268554688
1995-10-04,582.3400268554688,581.469970703125
1995-10-05,581.469970703125,582.6300048828125
1995-10-06,582.6300048828125,582.489990234375
1995-10-09,582.489990234375,578.3699951171875
1995-10-10,578.3699951171875,577.52001953125
1995-10-11,577.52001953125,579.4600219726562
1995-10-12,579.4600219726562,583.0999755859375
1995-10-13,583.0999755859375,584.5
1995-10-16,584.5,583.030029296875
1995-10-17,583.030029296875,586.780029296875
1995-10-18,586.780029296875,587.4400024414062
1995-10-19,587.4400024414062,590.6500244140625
1995-10-20,590.6500244140625,587.4600219726562
1995-10-23,587.4600219726562,585.0599975585938
1995-10-24,585.0599975585938,586.5399780273438
1995-10-25,586.5399780273438,582.469970703125
1995-10-26,582.469970703125,576.719970703125
1995-10-27,576.719970703125,579.7000122070312
1995-10-30,579.7000122070312,583.25
1995-10-31,583.25,581.5
1995-11-01,581.5,584.219970703125
1995-11-02,584.219970703125,589.719970703125
1995-11-03,589.719970703125,590.5700073242188
1995-11-06,590.5700073242188,588.4600219726562
1995-11-07,588.4600219726562,586.3200073242188
1995-11-08,586.3200073242188,591.7100219726562
1995-11-09,591.7100219726562,593.260009765625
1995-11-10,593.260009765625,592.719970703125
1995-11-13,592.719970703125,592.2999877929688
1995-11-14,592.2999877929688,589.2899780273438
1995-11-15,589.2899780273438,593.9600219726562
1995-11-16,593.9600219726562,597.3400268554688
1995-11-17,597.3400268554688,600.0700073242188
1995-11-20,600.0700073242188,596.8499755859375
1995-11-21,596.8499755859375,600.239990234375
1995-11-22,600.239990234375,598.4000244140625
1995-11-24,598.4000244140625,599.969970703125
1995-11-27,599.969970703125,601.3200073242188
1995-11-28,601.3200073242188,606.4500122070312
1995-11-29,606.4500122070312,607.6400146484375
1995-11-30,607.6400146484375,605.3699951171875
1995-12-01,605.3699951171875,606.97998046875
1995-12-04,606.97998046875,613.6799926757812
1995-12-05,613.6799926757812,617.6799926757812
1995-12-06,617.6799926757812,620.1799926757812
1995-12-07,620.1799926757812,616.1699829101562
1995-12-08,616.1699829101562,617.47998046875
1995-12-11,617.47998046875,619.52001953125
1995-12-12,619.52001953125,618.780029296875
1995-12-13,618.780029296875,621.6900024414062
1995-12-14,621.6900024414062,616.9199829101562
1995-12-15,616.9199829101562,616.3400268554688
1995-12-18,616.3400268554688,606.8099975585938
1995-12-19,606.8099975585938,611.9299926757812
1995-12-20,611.9299926757812,605.9400024414062
1995-12-21,605.9400024414062,610.489990234375
1995-12-22,610.489990234375,611.9500122070312
1995-12-26,611.9600219726562,614.2999877929688
1995-12-27,614.2999877929688,614.530029296875
1995-12-28,614.530029296875,614.1199951171875
1995-12-29,614.1199951171875,615.9299926757812
1996-01-02,615.9299926757812,620.72998046875
1996-01-03,620.72998046875,621.3200073242188
1996-01-04,621.3200073242188,617.7000122070312
1996-01-05,617.7000122070312,616.7100219726562
1996-01-08,616.7100219726562,618.4600219726562
1996-01-09,618.4600219726562,609.4500122070312
1996-01-10,609.4500122070312,598.47998046875
1996-01-11,598.47998046875,602.6900024414062
1996-01-12,602.6900024414062,601.8099975585938
1996-01-15,601.8099975585938,599.8200073242188
1996-01-16,599.8200073242188,608.4400024414062
1996-01-17,608.4400024414062,606.3699951171875
1996-01-18,606.3699951171875,608.239990234375
1996-01-19,608.239990234375,611.8300170898438
1996-01-22,611.8300170898438,613.4000244140625
1996-01-23,613.4000244140625,612.7899780273438
1996-01-24,612.7899780273438,619.9600219726562
1996-01-25,619.9600219726562,617.030029296875
1996-01-26,617.030029296875,621.6199951171875
1996-01-29,621.6199951171875,624.219970703125
1996-01-30,624.219970703125,630.1500244140625
1996-01-31,630.1500244140625,636.02001953125
1996-02-01,636.02001953125,638.4600219726562
1996-02-02,638.4600219726562,635.8400268554688
1996-02-05,635.8400268554688,641.4299926757812
1996-02-06,641.4299926757812,646.3300170898438
1996-02-07,646.3300170898438,649.9299926757812
1996-02-08,649.9299926757812,656.0700073242188
1996-02-09,656.0700073242188,656.3699951171875
1996-02-12,656.3699951171875,661.4500122070312
1996-02-13,661.4500122070312,660.510009765625
1996-02-14,660.510009765625,655.5800170898438
1996-02-15,655.5800170898438,651.3200073242188
1996-02-16,651.3200073242188,647.97998046875
1996-02-20,647.97998046875,640.6500244140625
1996-02-21,640.6500244140625,648.0999755859375
1996-02-22,648.0999755859375,658.8599853515625
1996-02-23,658.8599853515625,659.0800170898438
1996-02-26,659.0800170898438,650.4600219726562
1996-02-27,650.4600219726562,647.239990234375
1996-02-28,647.239990234375,644.75
1996-02-29,644.75,640.4299926757812
1996-03-01,640.4299926757812,644.3699951171875
1996-03-04,644.3699951171875,650.8099975585938
1996-03-05,650.8099975585938,655.7899780273438
1996-03-06,655.7899780273438,652.0
1996-03-07,652.0,653.6500244140625
1996-03-08,653.6500244140625,633.5
1996-03-11,633.5,640.02001953125
1996-03-12,640.02001953125,637.0900268554688
1996-03-13,637.0900268554688,638.5499877929688
1996-03-14,638.5499877929688,640.8699951171875
1996-03-15,640.8699951171875,641.4299926757812
1996-03-18,641.4299926757812,652.6500244140625
1996-03-19,652.6500244140625,651.6900024414062
1996-03-20,651.6900024414062,649.97998046875
1996-03-21,649.97998046875,649.1900024414062
1996-03-22,649.1900024414062,650.6199951171875
1996-03-25,650.6199951171875,650.0399780273438
1996-03-26,650.0399780273438,652.969970703125
1996-03-27,652.969970703125,648.9099731445312
1996-03-28,648.9099731445312,648.9400024414062
1996-03-29,648.9400024414062,645.5
1996-04-01,645.5,653.72998046875
1996-04-02,653.72998046875,655.260009765625
1996-04-03,655.260009765625,655.8800048828125
1996-04-04,655.8800048828125,655.8599853515625
1996-04-08,655.8599853515625,644.239990234375
1996-04-09,644.239990234375,642.1900024414062
1996-04-10,642.1900024414062,633.5
1996-04-11,633.5,631.1799926757812
1996-04-12,631.1799926757812,636.7100219726562
1996-04-15,636.7100219726562,642.489990234375
1996-04-16,642.489990234375,645.0
1996-04-17,645.0,641.6099853515625
1996-04-18,641.6099853515625,643.6099853515625
1996-04-19,643.6099853515625,645.0700073242188
1996-04-22,645.0700073242188,647.8900146484375
1996-04-23,647.8900146484375,651.5800170898438
1996-04-24,651.5800170898438,650.1699829101562
1996-04-25,650.1699829101562,652.8699951171875
1996-04-26,652.8699951171875,653.4600219726562
1996-04-29,653.4600219726562,654.1599731445312
1996-04-30,654.1599731445312,654.1699829101562
1996-05-01,654.1699829101562,654.5800170898438
1996-05-02,654.5800170898438,643.3800048828125
1996-05-03,643.3800048828125,641.6300048828125
1996-05-06,641.6300048828125,640.8099975585938
1996-05-07,640.8099975585938,638.260009765625
1996-05-08,638.260009765625,644.77001953125
1996-05-09,644.77001953125,645.4400024414062
1996-05-10,645.4400024414062,652.0900268554688
1996-05-13,652.0900268554688,661.510009765625
1996-05-14,661.510009765625,665.5999755859375
1996-05-15,665.5999755859375,665.4199829101562
1996-05-16,665.4199829101562,664.8499755859375
1996-05-17,664.8499755859375,668.9099731445312
1996-05-20,668.9099731445312,673.1500244140625
1996-05-21,673.1500244140625,672.760009765625
1996-05-22,672.760009765625,678.4199829101562
1996-05-23,678.4199829101562,676.0
1996-05-24,676.0,678.510009765625
1996-05-28,678.510009765625,672.22998046875
1996-05-29,672.22998046875,667.9299926757812
1996-05-30,667.9299926757812,671.7000122070312
1996-05-31,671.7000122070312,669.1199951171875
1996-06-03,669.1199951171875,667.6799926757812
1996-06-04,667.6799926757812,672.5599975585938
1996-06-05,672.5599975585938,678.4400024414062
1996-06-06,678.4400024414062,673.030029296875
1996-06-07,673.030029296875,673.3099975585938
1996-06-10,673.3099975585938,672.1599731445312
1996-06-11,672.1599731445312,670.969970703125
1996-06-12,670.969970703125,669.0399780273438
1996-06-13,669.0399780273438,667.9199829101562
1996-06-14,667.9199829101562,665.8499755859375
1996-06-17,665.8499755859375,665.1599731445312
1996-06-18,665.1599731445312,662.0599975585938
1996-06-19,662.0599975585938,661.9600219726562
1996-06-20,661.9600219726562,662.0999755859375
1996-06-21,662.0999755859375,666.8400268554688
1996-06-24,666.8400268554688,668.8499755859375
1996-06-25,668.8499755859375,668.47998046875
1996-06-26,668.47998046875,664.3900146484375
1996-06-27,664.3900146484375,668.5499877929688
1996-06-28,668.5499877929688,670.6300048828125
1996-07-01,670.6300048828125,675.8800048828125
1996-07-02,675.8800048828125,673.6099853515625
1996-07-03,673.6099853515625,672.4000244140625
1996-07-05,672.4000244140625,657.4400024414062
1996-07-08,657.4400024414062,652.5399780273438
1996-07-09,652.5399780273438,654.75
1996-07-10,654.75,656.0599975585938
1996-07-11,656.0599975585938,645.6699829101562
1996-07-12,645.6699829101562,646.1900024414062
1996-07-15,646.1900024414062,629.7999877929688
1996-07-16,629.7999877929688,628.3699951171875
1996-07-17,628.3699951171875,634.0700073242188
1996-07-18,634.0700073242188,643.5599975585938
1996-07-19,643.510009765625,638.72998046875
1996-07-22,638.72998046875,633.77001953125
1996-07-23,633.7899780273438,626.8699951171875
1996-07-24,626.1900024414062,626.6500244140625
1996-07-25,626.6500244140625,631.1699829101562
1996-07-26,631.1699829101562,635.9000244140625
1996-07-29,635.9000244140625,630.9099731445312
1996-07-30,630.9099731445312,635.260009765625
1996-07-31,635.260009765625,639.9500122070312
1996-08-01,639.9500122070312,650.02001953125
1996-08-02,650.02001953125,662.489990234375
1996-08-05,662.489990234375,660.22998046875
1996-08-06,660.22998046875,662.3800048828125
1996-08-07,662.3800048828125,664.1599731445312
1996-08-08,664.1599731445312,662.5900268554688
1996-08-09,662.5900268554688,662.0999755859375
1996-08-12,662.0999755859375,665.77001953125
1996-08-13,665.77001953125,660.2000122070312
1996-08-14,660.2000122070312,662.0499877929688
1996-08-15,662.0499877929688,662.280029296875
1996-08-16,662.280029296875,665.2100219726562
1996-08-19,665.2100219726562,666.5800170898438
1996-08-20,666.5800170898438,665.6900024414062
1996-08-21,665.6900024414062,665.0700073242188
1996-08-22,665.0700073242188,670.6799926757812
1996-08-23,670.6799926757812,667.030029296875
1996-08-26,667.030029296875,663.8800048828125
1996-08-27,663.8800048828125,666.4000244140625
1996-08-28,666.4000244140625,664.8099975585938
1996-08-29,664.8099975585938,657.4000244140625
1996-08-30,657.4000244140625,651.989990234375
1996-09-03,651.989990234375,654.719970703125
1996-09-04,654.719970703125,655.6099853515625
1996-09-05,655.6099853515625,649.4400024414062
1996-09-06,649.4400024414062,655.6799926757812
1996-09-09,655.6799926757812,663.760009765625
1996-09-10,663.760009765625,663.8099975585938
1996-09-11,663.8099975585938,667.280029296875
1996-09-12,667.280029296875,671.1500244140625
1996-09-13,671.1500244140625,680.5399780273438
1996-09-16,680.5399780273438,683.97998046875
1996-09-17,683.97998046875,682.9400024414062
1996-09-18,682.9400024414062,681.469970703125
1996-09-19,681.469970703125,683.0
1996-09-20,683.0,687.030029296875
1996-09-23,687.030029296875,686.47998046875
1996-09-24,686.47998046875,685.6099853515625
1996-09-25,685.6099853515625,685.8300170898438
1996-09-26,685.8300170898438,685.8599853515625
1996-09-27,685.8599853515625,686.1900024414062
1996-09-30,686.1900024414062,687.3300170898438
1996-10-01,687.3099975585938,689.0800170898438
1996-10-02,689.0800170898438,694.010009765625
1996-10-03,694.010009765625,692.780029296875
1996-10-04,692.780029296875,701.4600219726562
1996-10-07,701.4600219726562,703.3400268554688
1996-10-08,703.3400268554688,700.6400146484375
1996-10-09,700.6400146484375,696.739990234375
1996-10-10,696.739990234375,694.6099853515625
1996-10-11,694.6099853515625,700.6599731445312
1996-10-14,700.6599731445312,703.5399780273438
1996-10-15,703.5399780273438,702.5700073242188
1996-10-16,702.5700073242188,704.4099731445312
1996-10-17,705.0,706.989990234375
1996-10-18,706.989990234375,710.8200073242188
1996-10-21,710.8200073242188,709.8499755859375
1996-10-22,709.8499755859375,706.5700073242188
1996-10-23,706.5700073242188,707.27001953125
1996-10-24,707.27001953125,702.2899780273438
1996-10-25,702.2899780273438,700.9199829101562
1996-10-28,700.9199829101562,697.260009765625
1996-10-29,697.260009765625,701.5
1996-10-30,701.5,700.9000244140625
1996-10-31,700.9000244140625,705.27001953125
1996-11-01,705.27001953125,703.77001953125
1996-11-04,703.77001953125,706.72998046875
1996-11-05,706.72998046875,714.1400146484375
1996-11-06,714.1400146484375,724.5900268554688
1996-11-07,724.5900268554688,727.6500244140625
1996-11-08,727.6500244140625,730.8200073242188
1996-11-11,730.8200073242188,731.8699951171875
1996-11-12,731.8699951171875,729.5599975585938
1996-11-13,729.5599975585938,731.1300048828125
1996-11-14,731.1300048828125,735.8800048828125
1996-11-15,735.8800048828125,737.6199951171875
1996-11-18,737.6199951171875,737.02001953125
1996-11-19,737.02001953125,742.1599731445312
1996-11-20,742.1599731445312,743.9500122070312
1996-11-21,743.9500122070312,742.75
1996-11-22,742.75,748.72998046875
1996-11-25,748.72998046875,757.030029296875
1996-11-26,757.030029296875,755.9600219726562
1996-11-27,755.9600219726562,755.0
1996-11-29,755.0,757.02001953125
1996-12-02,757.02001953125,756.5599975585938
1996-12-03,756.5599975585938,748.280029296875
1996-12-04,748.280029296875,745.0999755859375
1996-12-05,745.0999755859375,744.3800048828125
1996-12-06,744.3800048828125,739.5999755859375
1996-12-09,739.5999755859375,749.760009765625
1996-12-10,749.760009765625,747.5399780273438
1996-12-11,747.5399780273438,740.72998046875
1996-12-12,740.72998046875,729.2999877929688
1996-12-13,729.3300170898438,728.6400146484375
1996-12-16,728.6400146484375,720.97998046875
1996-12-17,720.97998046875,726.0399780273438
1996-12-18,726.0399780273438,731.5399780273438
1996-12-19,731.5399780273438,745.760009765625
1996-12-20,745.760009765625,748.8699951171875
1996-12-23,748.8699951171875,746.9199829101562
1996-12-24,746.9199829101562,751.030029296875
1996-12-26,751.030029296875,755.8200073242188
1996-12-27,755.8200073242188,756.7899780273438
1996-12-30,756.7899780273438,753.8499755859375
1996-12-31,753.8499755859375,740.739990234375
1997-01-02,740.739990234375,737.010009765625
1997-01-03,737.010009765625,748.030029296875
1997-01-06,748.030029296875,747.6500244140625
1997-01-07,747.6500244140625,753.22998046875
1997-01-08,753.22998046875,748.4099731445312
1997-01-09,748.4099731445312,754.8499755859375
1997-01-10,754.8499755859375,759.5
1997-01-13,759.5,759.510009765625
1997-01-14,759.510009765625,768.8599853515625
1997-01-15,768.8599853515625,767.2000122070312
1997-01-16,767.2000122070312,769.75
1997-01-17,769.75,776.1699829101562
1997-01-20,776.1699829101562,776.7000122070312
1997-01-21,776.7000122070312,782.719970703125
1997-01-22,782.719970703125,786.22998046875
1997-01-23,786.22998046875,777.5599975585938
1997-01-24,777.5599975585938,770.52001953125
1997-01-27,770.52001953125,765.02001953125
1997-01-28,765.02001953125,765.02001953125
1997-01-29,765.02001953125,772.5
1997-01-30,772.5,784.1699829101562
1997-01-31,784.1699829101562,786.1599731445312
1997-02-03,786.1599731445312,786.72998046875
1997-02-04,786.72998046875,789.260009765625
1997-02-05,789.260009765625,778.280029296875
1997-02-06,778.280029296875,780.1500244140625
1997-02-07,780.1500244140625,789.5599975585938
1997-02-10,789.5599975585938,785.4299926757812
1997-02-11,785.4299926757812,789.5900268554688
1997-02-12,789.5900268554688,802.77001953125
1997-02-13,802.77001953125,811.8200073242188
1997-02-14,811.8200073242188,808.47998046875
1997-02-18,808.47998046875,816.2899780273438
1997-02-19,816.2899780273438,812.489990234375
1997-02-20,812.489990234375,802.7999877929688
1997-02-21,802.7999877929688,801.77001953125
1997-02-24,801.77001953125,810.280029296875
1997-02-25,810.280029296875,812.030029296875
1997-02-26,812.0999755859375,805.6799926757812
1997-02-27,805.6799926757812,795.0700073242188
1997-02-28,795.0700073242188,790.8200073242188
1997-03-03,790.8200073242188,795.3099975585938
1997-03-04,795.3099975585938,790.9500122070312
1997-03-05,790.9500122070312,801.989990234375
1997-03-06,801.989990234375,798.5599975585938
1997-03-07,798.5599975585938,804.969970703125
1997-03-10,804.969970703125,813.6500244140625
1997-03-11,813.6500244140625,811.3400268554688
1997-03-12,811.3400268554688,804.260009765625
1997-03-13,804.260009765625,789.5599975585938
1997-03-14,789.5599975585938,793.1699829101562
1997-03-17,793.1699829101562,795.7100219726562
1997-03-18,795.7100219726562,789.6599731445312
1997-03-19,789.6599731445312,785.77001953125
1997-03-20,785.77001953125,782.6500244140625
1997-03-21,782.6500244140625,784.0999755859375
1997-03-24,784.0999755859375,790.8900146484375
1997-03-25,790.8900146484375,789.0700073242188
1997-03-26,789.0700073242188,790.5
1997-03-27,790.5,773.8800048828125
1997-03-31,773.8800048828125,757.1199951171875
1997-04-01,757.1199951171875,759.6400146484375
1997-04-02,759.6400146484375,750.1099853515625
1997-04-03,750.1099853515625,750.3200073242188
1997-04-04,750.3200073242188,757.9000244140625
1997-04-07,757.9000244140625,762.1300048828125
1997-04-08,762.1300048828125,766.1199951171875
1997-04-09,766.1199951171875,760.5999755859375
1997-04-10,760.5999755859375,758.3400268554688
1997-04-11,758.3400268554688,737.6500244140625
1997-04-14,737.6500244140625,743.72998046875
1997-04-15,743.72998046875,754.719970703125
1997-04-16,754.719970703125,763.530029296875
1997-04-17,763.530029296875,761.77001953125
1997-04-18,761.77001953125,766.3400268554688
1997-04-21,766.3400268554688,760.3699951171875
1997-04-22,760.3699951171875,774.6099853515625
1997-04-23,774.6099853515625,773.6400146484375
1997-04-24,773.6400146484375,771.1799926757812
1997-04-25,771.1799926757812,765.3699951171875
1997-04-28,765.3699951171875,772.9600219726562
1997-04-29,772.9600219726562,794.0499877929688
1997-04-30,794.0499877929688,801.3400268554688
1997-05-01,801.3400268554688,798.530029296875
1997-05-02,798.530029296875,812.969970703125
1997-05-05,812.969970703125,830.2899780273438
1997-05-06,830.239990234375,827.760009765625
1997-05-07,827.760009765625,815.6199951171875
1997-05-08,815.6199951171875,820.260009765625
1997-05-09,820.260009765625,824.780029296875
1997-05-12,824.780029296875,837.6599731445312
1997-05-13,837.6599731445312,833.1300048828125
1997-05-14,833.1300048828125,836.0399780273438
1997-05-15,836.0399780273438,841.8800048828125
1997-05-16,841.8800048828125,829.75
1997-05-19,829.75,833.27001953125
1997-05-20,833.27001953125,841.6599731445312
1997-05-21,841.6599731445312,839.3499755859375
1997-05-22,839.3499755859375,835.6599731445312
1997-05-23,835.6599731445312,847.030029296875
1997-05-27,847.030029296875,849.7100219726562
1997-05-28,849.7100219726562,847.2100219726562
1997-05-29,847.2100219726562,844.0800170898438
1997-05-30,844.0800170898438,848.280029296875
1997-06-02,848.280029296875,846.3599853515625
1997-06-03,846.3599853515625,845.47998046875
1997-06-04,845.47998046875,840.1099853515625
1997-06-05,840.1099853515625,843.4299926757812
1997-06-06,843.4299926757812,858.010009765625
1997-06-09,858.010009765625,862.9099731445312
1997-06-10,862.9099731445312,865.27001953125
1997-06-11,865.27001953125,869.5700073242188
1997-06-12,869.5700073242188,883.4600219726562
1997-06-13,883.47998046875,893.27001953125
1997-06-16,893.27001953125,893.9000244140625
1997-06-17,893.9000244140625,894.4199829101562
1997-06-18,894.4199829101562,889.0599975585938
1997-06-19,889.0599975585938,897.989990234375
1997-06-20,897.989990234375,898.7000122070312
1997-06-23,898.7000122070312,878.6199951171875
1997-06-24,878.6199951171875,896.3400268554688
1997-06-25,896.3400268554688,888.989990234375
1997-06-26,888.989990234375,883.6799926757812
1997-06-27,883.6799926757812,887.2999877929688
1997-06-30,887.2999877929688,885.1400146484375
1997-07-01,885.1400146484375,891.030029296875
1997-07-02,891.030029296875,904.030029296875
1997-07-03,904.030029296875,916.9199829101562
1997-07-07,916.9199829101562,912.2000122070312
1997-07-08,912.2000122070312,918.75
1997-07-09,918.75,907.5399780273438
1997-07-10,907.5399780273438,913.780029296875
1997-07-11,913.780029296875,916.6799926757812
1997-07-14,916.6799926757812,918.3800048828125
1997-07-15,918.3800048828125,925.760009765625
1997-07-16,925.760009765625,936.5900268554688
1997-07-17,936.5900268554688,931.6099853515625
1997-07-18,931.6099853515625,915.2999877929688
1997-07-21,915.2999877929688,912.9400024414062
1997-07-22,912.9400024414062,933.97998046875
1997-07-23,933.97998046875,936.5599975585938
1997-07-24,936.5599975585938,940.2999877929688
1997-07-25,940.2999877929688,938.7899780273438
1997-07-28,938.7899780273438,936.4500122070312
1997-07-29,936.4500122070312,942.2899780273438
1997-07-30,942.2899780273438,952.2899780273438
1997-07-31,952.2899780273438,954.3099975585938
1997-08-01,954.2899780273438,947.1400146484375
1997-08-04,947.1400146484375,950.2999877929688
1997-08-05,950.2999877929688,952.3699951171875
1997-08-06,952.3699951171875,960.3200073242188
1997-08-07,960.3200073242188,951.1900024414062
1997-08-08,951.1900024414062,933.5399780273438
1997-08-11,933.5399780273438,937.0
1997-08-12,937.0,926.530029296875
1997-08-13,926.530029296875,922.02001953125
1997-08-14,922.02001953125,924.77001953125
1997-08-15,924.77001953125,900.8099975585938
1997-08-18,900.8099975585938,912.489990234375
1997-08-19,912.489990234375,926.010009765625
1997-08-20,926.010009765625,939.3499755859375
1997-08-21,939.3499755859375,925.0499877929688
1997-08-22,925.0499877929688,923.5399780273438
1997-08-25,923.5499877929688,920.1599731445312
1997-08-26,920.1599731445312,913.02001953125
1997-08-27,913.02001953125,913.7000122070312
1997-08-28,913.7000122070312,903.6699829101562
1997-08-29,903.6699829101562,899.469970703125
1997-09-02,899.469970703125,927.5800170898438
1997-09-03,927.5800170898438,927.8599853515625
1997-09-04,927.8599853515625,930.8699951171875
1997-09-05,930.8699951171875,929.0499877929688
1997-09-08,929.0499877929688,931.2000122070312
1997-09-09,931.2000122070312,933.6199951171875
1997-09-10,933.6199951171875,919.030029296875
1997-09-11,919.030029296875,912.5900268554688
1997-09-12,912.5900268554688,923.9099731445312
1997-09-15,923.9099731445312,919.77001953125
1997-09-16,919.77001953125,945.6400146484375
1997-09-17,945.6400146484375,943.0
1997-09-18,943.0,947.2899780273438
1997-09-19,947.2899780273438,950.510009765625
1997-09-22,950.510009765625,955.4299926757812
1997-09-23,955.4299926757812,951.9299926757812
1997-09-24,951.9299926757812,944.47998046875
1997-09-25,944.47998046875,937.9099731445312
1997-09-26,937.9099731445312,945.219970703125
1997-09-29,945.219970703125,953.3400268554688
1997-09-30,953.3400268554688,947.280029296875
1997-10-01,947.280029296875,955.4099731445312
1997-10-02,955.4099731445312,960.4600219726562
1997-10-03,960.4600219726562,965.030029296875
1997-10-06,965.030029296875,972.6900024414062
1997-10-07,972.6900024414062,983.1199951171875
1997-10-08,983.1199951171875,973.8400268554688
1997-10-09,973.8400268554688,970.6199951171875
1997-10-10,970.6199951171875,966.97998046875
1997-10-13,966.97998046875,968.0999755859375
1997-10-14,968.0999755859375,970.280029296875
1997-10-15,970.280029296875,965.719970703125
1997-10-16,965.719970703125,955.25
1997-10-17,955.22998046875,944.1599731445312
1997-10-20,944.1599731445312,955.6099853515625
1997-10-21,955.6099853515625,972.280029296875
1997-10-22,972.280029296875,968.489990234375
1997-10-23,968.489990234375,950.6900024414062
1997-10-24,950.6900024414062,941.6400146484375
1997-10-27,941.6400146484375,876.989990234375
1997-10-28,876.989990234375,921.8499755859375
1997-10-29,921.8499755859375,919.1599731445312
1997-10-30,919.1599731445312,903.6799926757812
1997-10-31,903.6799926757812,914.6199951171875
1997-11-03,914.6199951171875,938.989990234375
1997-11-04,938.989990234375,940.760009765625
1997-11-05,940.760009765625,942.760009765625
1997-11-06,942.760009765625,938.030029296875
1997-11-07,938.030029296875,927.510009765625
1997-11-10,927.510009765625,921.1300048828125
1997-11-11,921.1300048828125,923.780029296875
1997-11-12,923.780029296875,905.9600219726562
1997-11-13,905.9600219726562,916.6599731445312
1997-11-14,916.6599731445312,928.3499755859375
1997-11-17,928.3499755859375,946.2000122070312
1997-11-18,946.2000122070312,938.22998046875
1997-11-19,938.22998046875,944.5900268554688
1997-11-20,944.5900268554688,958.97998046875
1997-11-21,958.97998046875,963.0900268554688
1997-11-24,963.0900268554688,946.6699829101562
1997-11-25,946.6699829101562,950.8200073242188
1997-11-26,950.8200073242188,951.6400146484375
1997-11-28,951.6400146484375,955.4000244140625
1997-12-01,955.4000244140625,974.77001953125
1997-12-02,974.780029296875,971.6799926757812
1997-12-03,971.6799926757812,976.77001953125
1997-12-04,976.77001953125,973.0999755859375
1997-12-05,973.0999755859375,983.7899780273438
1997-12-08,983.7899780273438,982.3699951171875
1997-12-09,982.3699951171875,975.780029296875
1997-12-10,975.780029296875,969.7899780273438
1997-12-11,969.7899780273438,954.9400024414062
1997-12-12,954.9400024414062,953.3900146484375
1997-12-15,953.3900146484375,963.3900146484375
1997-12-16,963.3900146484375,968.0399780273438
1997-12-17,968.0399780273438,965.5399780273438
1997-12-18,965.5399780273438,955.2999877929688
1997-12-19,955.2999877929688,946.780029296875
1997-12-22,946.780029296875,953.7000122070312
1997-12-23,953.7000122070312,939.1300048828125
1997-12-24,939.1300048828125,932.7000122070312
1997-12-26,932.7000122070312,936.4600219726562
1997-12-29,936.4600219726562,953.3499755859375
1997-12-30,953.3499755859375,970.8400268554688
1997-12-31,970.8400268554688,970.4299926757812
1998-01-02,970.4299926757812,975.0399780273438
1998-01-05,975.0399780273438,977.0700073242188
1998-01-06,977.0700073242188,966.5800170898438
1998-01-07,966.5800170898438,964.0
1998-01-08,964.0,956.0499877929688
1998-01-09,956.0499877929688,927.6900024414062
1998-01-12,927.6900024414062,939.2100219726562
1998-01-13,939.2100219726562,952.1199951171875
1998-01-14,952.1199951171875,957.9400024414062
1998-01-15,957.9400024414062,950.72998046875
1998-01-16,950.72998046875,961.510009765625
1998-01-20,961.510009765625,978.5999755859375
1998-01-21,978.5999755859375,970.8099975585938
1998-01-22,970.8099975585938,963.0399780273438
1998-01-23,963.0399780273438,957.5900268554688
1998-01-26,957.5900268554688,956.9500122070312
1998-01-27,956.9500122070312,969.02001953125
1998-01-28,969.02001953125,977.4600219726562
1998-01-29,977.4600219726562,985.489990234375
1998-01-30,985.489990234375,980.280029296875
1998-02-02,980.280029296875,1001.27001953125
1998-02-03,1001.27001953125,1006.0
1998-02-04,1006.0,1006.9000244140625
1998-02-05,1006.9000244140625,1003.5399780273438
1998-02-06,1003.5399780273438,1012.4600219726562
1998-02-09,1012.4600219726562,1010.739990234375
1998-02-10,1010.739990234375,1019.010009765625
1998-02-11,1019.010009765625,1020.010009765625
1998-02-12,1020.010009765625,1024.1400146484375
1998-02-13,1024.1400146484375,1020.0900268554688
1998-02-17,1020.0900268554688,1022.760009765625
1998-02-18,1022.760009765625,1032.0799560546875
1998-02-19,1032.0799560546875,1028.280029296875
1998-02-20,1028.280029296875,1034.2099609375
1998-02-23,1034.2099609375,1038.1400146484375
1998-02-24,1038.1400146484375,1030.56005859375
1998-02-25,1030.56005859375,1042.9000244140625
1998-02-26,1042.9000244140625,1048.6700439453125
1998-02-27,1048.6700439453125,1049.3399658203125
1998-03-02,1049.3399658203125,1047.699951171875
1998-03-03,1047.699951171875,1052.02001953125
1998-03-04,1052.02001953125,1047.3299560546875
1998-03-05,1047.3299560546875,1035.050048828125
1998-03-06,1035.050048828125,1055.68994140625
1998-03-09,1055.68994140625,1052.31005859375
1998-03-10,1052.31005859375,1064.25
1998-03-11,1064.25,1068.469970703125
1998-03-12,1068.469970703125,1069.9200439453125
1998-03-13,1069.9200439453125,1068.6099853515625
1998-03-16,1068.6099853515625,1079.27001953125
1998-03-17,1079.27001953125,1080.449951171875
1998-03-18,1080.449951171875,1085.52001953125
1998-03-19,1085.52001953125,1089.739990234375
1998-03-20,1089.739990234375,1099.1600341796875
1998-03-23,1099.1600341796875,1095.550048828125
1998-03-24,1095.550048828125,1105.6500244140625
1998-03-25,1105.6500244140625,1101.9300537109375
1998-03-26,1101.9300537109375,1100.800048828125
1998-03-27,1100.800048828125,1095.43994140625
1998-03-30,1095.43994140625,1093.5999755859375
1998-03-31,1093.550048828125,1101.75
1998-04-01,1101.75,1108.1500244140625
1998-04-02,1108.1500244140625,1120.010009765625
1998-04-03,1120.010009765625,1122.699951171875
1998-04-06,1122.699951171875,1121.3800048828125
1998-04-07,1121.3800048828125,1109.550048828125
1998-04-08,1109.550048828125,1101.6500244140625
1998-04-09,1101.6500244140625,1110.6700439453125
1998-04-13,1110.6700439453125,1109.68994140625
1998-04-14,1109.68994140625,1115.75
1998-04-15,1115.75,1119.3199462890625
1998-04-16,1119.3199462890625,1108.1700439453125
1998-04-17,1108.1700439453125,1122.719970703125
1998-04-20,1122.719970703125,1123.6500244140625
1998-04-21,1123.6500244140625,1126.6700439453125
1998-04-22,1126.6700439453125,1130.5400390625
1998-04-23,1130.5400390625,1119.5799560546875
1998-04-24,1119.5799560546875,1107.9000244140625
1998-04-27,1107.9000244140625,1086.5400390625
1998-04-28,1086.5400390625,1085.1099853515625
1998-04-29,1085.1099853515625,1094.6199951171875
1998-04-30,1094.6300048828125,1111.75
1998-05-01,1111.75,1121.0
1998-05-04,1121.0,1122.0699462890625
1998-05-05,1122.0699462890625,1115.5
1998-05-06,1115.5,1104.9200439453125
1998-05-07,1104.9200439453125,1095.1400146484375
1998-05-08,1095.1400146484375,1108.1400146484375
1998-05-11,1108.1400146484375,1106.6400146484375
1998-05-12,1106.6400146484375,1115.7900390625
1998-05-13,1115.7900390625,1118.8599853515625
1998-05-14,1118.8599853515625,1117.3699951171875
1998-05-15,1117.3699951171875,1108.72998046875
1998-05-18,1108.72998046875,1105.8199462890625
1998-05-19,1105.8199462890625,1109.52001953125
1998-05-20,1109.52001953125,1119.06005859375
1998-05-21,1119.06005859375,1114.6400146484375
1998-05-22,1114.6400146484375,1110.469970703125
1998-05-26,1110.469970703125,1094.02001953125
1998-05-27,1094.02001953125,1092.22998046875
1998-05-28,1092.22998046875,1097.5999755859375
1998-05-29,1097.5999755859375,1090.8199462890625
1998-06-01,1090.8199462890625,1090.97998046875
1998-06-02,1090.97998046875,1093.219970703125
1998-06-03,1093.219970703125,1082.72998046875
1998-06-04,1082.72998046875,1094.8299560546875
1998-06-05,1095.0999755859375,1113.8599853515625
1998-06-08,1113.8599853515625,1115.719970703125
1998-06-09,1115.719970703125,1118.4100341796875
1998-06-10,1118.4100341796875,1112.280029296875
1998-06-11,1112.280029296875,1094.5799560546875
1998-06-12,1094.5799560546875,1098.8399658203125
1998-06-15,1098.8399658203125,1077.010009765625
1998-06-16,1077.010009765625,1087.5899658203125
1998-06-17,1087.5899658203125,1107.1099853515625
1998-06-18,1107.1099853515625,1106.3699951171875
1998-06-19,1106.3699951171875,1100.6500244140625
1998-06-22,1100.6500244140625,1103.2099609375
1998-06-23,1103.2099609375,1119.489990234375
1998-06-24,1119.489990234375,1132.8800048828125
1998-06-25,1132.8800048828125,1129.280029296875
1998-06-26,1129.280029296875,1133.199951171875
1998-06-29,1133.199951171875,1138.489990234375
1998-06-30,1138.489990234375,1133.8399658203125
1998-07-01,1133.8399658203125,1148.56005859375
1998-07-02,1148.56005859375,1146.4200439453125
1998-07-06,1146.4200439453125,1157.3299560546875
1998-07-07,1157.3299560546875,1154.6600341796875
1998-07-08,1154.6600341796875,1166.3800048828125
1998-07-09,1166.3800048828125,1158.56005859375
1998-07-10,1158.5699462890625,1164.3299560546875
1998-07-13,1164.3299560546875,1165.18994140625
1998-07-14,1165.18994140625,1177.5799560546875
1998-07-15,1177.5799560546875,1174.81005859375
1998-07-16,1174.81005859375,1183.989990234375
1998-07-17,1183.989990234375,1186.75
1998-07-20,1186.75,1184.0999755859375
1998-07-21,1184.0999755859375,1165.0699462890625
1998-07-22,1165.0699462890625,1164.0799560546875
1998-07-23,1164.0799560546875,1139.75
1998-07-24,1139.75,1140.800048828125
1998-07-27,1140.800048828125,1147.27001953125
1998-07-28,1147.27001953125,1130.239990234375
1998-07-29,1130.239990234375,1125.2099609375
1998-07-30,1125.2099609375,1142.949951171875
1998-07-31,1142.949951171875,1120.6700439453125
1998-08-03,1120.6700439453125,1112.43994140625
1998-08-04,1112.43994140625,1072.1199951171875
1998-08-05,1072.1199951171875,1081.4300537109375
1998-08-06,1081.4300537109375,1089.6300048828125
1998-08-07,1089.6300048828125,1089.449951171875
1998-08-10,1089.449951171875,1083.1400146484375
1998-08-11,1083.1400146484375,1068.97998046875
1998-08-12,1068.97998046875,1084.219970703125
1998-08-13,1084.219970703125,1074.9100341796875
1998-08-14,1074.9100341796875,1062.75
1998-08-17,1062.75,1083.6700439453125
1998-08-18,1083.6700439453125,1101.199951171875
1998-08-19,1101.199951171875,1098.06005859375
1998-08-20,1098.06005859375,1091.5999755859375
1998-08-21,1091.5999755859375,1081.239990234375
1998-08-24,1081.239990234375,1088.1400146484375
1998-08-25,1088.1400146484375,1092.8499755859375
1998-08-26,1092.8499755859375,1084.18994140625
1998-08-27,1084.18994140625,1042.5899658203125
1998-08-28,1042.5899658203125,1027.1400146484375
1998-08-31,1027.1400146484375,957.280029296875
1998-09-01,957.280029296875,994.260009765625
1998-09-02,994.260009765625,990.47998046875
1998-09-03,990.469970703125,982.260009765625
1998-09-04,982.260009765625,973.8900146484375
1998-09-08,973.8900146484375,1023.4600219726562
1998-09-09,1023.4600219726562,1006.2000122070312
1998-09-10,1006.2000122070312,980.1900024414062
1998-09-11,980.1900024414062,1009.0599975585938
1998-09-14,1009.0599975585938,1029.719970703125
1998-09-15,1029.719970703125,1037.6800537109375
1998-09-16,1037.6800537109375,1045.47998046875
1998-09-17,1045.47998046875,1018.8699951171875
1998-09-18,1018.8699951171875,1020.0900268554688
1998-09-21,1020.0900268554688,1023.8900146484375
1998-09-22,1023.8900146484375,1029.6300048828125
1998-09-23,1029.6300048828125,1066.0899658203125
1998-09-24,1066.0899658203125,1042.719970703125
1998-09-25,1042.719970703125,1044.75
1998-09-28,1044.75,1048.68994140625
1998-09-29,1048.68994140625,1049.02001953125
1998-09-30,1049.02001953125,1017.010009765625
1998-10-01,1017.010009765625,986.3900146484375
1998-10-02,986.3900146484375,1002.5999755859375
1998-10-05,1002.5999755859375,988.5599975585938
1998-10-06,988.5599975585938,984.5900268554688
1998-10-07,984.5900268554688,970.6799926757812
1998-10-08,970.6799926757812,959.4400024414062
1998-10-09,959.4400024414062,984.3900146484375
1998-10-12,984.3900146484375,997.7100219726562
1998-10-13,997.7100219726562,994.7999877929688
1998-10-14,994.7999877929688,1005.530029296875
1998-10-15,1005.530029296875,1047.489990234375
1998-10-16,1047.489990234375,1056.4200439453125
1998-10-19,1056.4200439453125,1062.3900146484375
1998-10-20,1062.3900146484375,1063.9300537109375
1998-10-21,1063.9300537109375,1069.9200439453125
1998-10-22,1069.9200439453125,1078.47998046875
1998-10-23,1078.47998046875,1070.6700439453125
1998-10-26,1070.6700439453125,1072.3199462890625
1998-10-27,1072.3199462890625,1065.3399658203125
1998-10-28,1065.3399658203125,1068.0899658203125
1998-10-29,1068.0899658203125,1085.9300537109375
1998-10-30,1085.9300537109375,1098.6700439453125
1998-11-02,1098.6700439453125,1111.5999755859375
1998-11-03,1111.5999755859375,1110.8399658203125
1998-11-04,1110.8399658203125,1118.6700439453125
1998-11-05,1118.6700439453125,1133.8499755859375
1998-11-06,1133.8499755859375,1141.010009765625
1998-11-09,1141.010009765625,1130.199951171875
1998-11-10,1130.199951171875,1128.260009765625
1998-11-11,1128.260009765625,1120.969970703125
1998-11-12,1120.969970703125,1117.68994140625
1998-11-13,1117.68994140625,1125.719970703125
1998-11-16,1125.719970703125,1135.8699951171875
1998-11-17,1135.8699951171875,1139.3199462890625
1998-11-18,1139.3199462890625,1144.47998046875
1998-11-19,1144.47998046875,1152.6099853515625
1998-11-20,1152.6099853515625,1163.550048828125
1998-11-23,1163.550048828125,1188.2099609375
1998-11-24,1188.2099609375,1182.989990234375
1998-11-25,1182.989990234375,1186.8699951171875
1998-11-27,1186.8699951171875,1192.3299560546875
1998-11-30,1192.3299560546875,1163.6300048828125
1998-12-01,1163.6300048828125,1175.280029296875
1998-12-02,1175.280029296875,1171.25
1998-12-03,1171.25,1150.1400146484375
1998-12-04,1150.1400146484375,1176.739990234375
1998-12-07,1176.739990234375,1187.699951171875
1998-12-08,1187.699951171875,1181.3800048828125
1998-12-09,1181.3800048828125,1183.489990234375
1998-12-10,1183.489990234375,1165.02001953125
1998-12-11,1165.02001953125,1166.4599609375
1998-12-14,1166.4599609375,1141.199951171875
1998-12-15,1141.199951171875,1162.8299560546875
1998-12-16,1162.8299560546875,1161.93994140625
1998-12-17,1161.93994140625,1179.97998046875
1998-12-18,1179.97998046875,1188.030029296875
1998-12-21,1188.030029296875,1202.8399658203125
1998-12-22,1202.8399658203125,1203.5699462890625
1998-12-23,1203.5699462890625,1228.5400390625
1998-12-24,1228.5400390625,1226.27001953125
1998-12-28,1226.27001953125,1225.489990234375
1998-12-29,1225.489990234375,1241.81005859375
1998-12-30,1241.81005859375,1231.9300537109375
1998-12-31,1231.9300537109375,1229.22998046875
1999-01-04,1229.22998046875,1228.0999755859375
1999-01-05,1228.0999755859375,1244.780029296875
1999-01-06,1244.780029296875,1272.3399658203125
1999-01-07,1272.3399658203125,1269.72998046875
1999-01-08,1269.72998046875,1275.0899658203125
1999-01-11,1275.0899658203125,1263.8800048828125
1999-01-12,1263.8800048828125,1239.510009765625
1999-01-13,1239.510009765625,1234.4000244140625
1999-01-14,1234.4000244140625,1212.18994140625
1999-01-15,1212.18994140625,1243.260009765625
1999-01-19,1243.260009765625,1252.0
1999-01-20,1252.0,1256.6199951171875
1999-01-21,1256.6199951171875,1235.1600341796875
1999-01-22,1235.1600341796875,1225.18994140625
1999-01-25,1225.18994140625,1233.97998046875
1999-01-26,1233.97998046875,1252.31005859375
1999-01-27,1252.31005859375,1243.1700439453125
1999-01-28,1243.1700439453125,1265.3699951171875
1999-01-29,1265.3699951171875,1279.6400146484375
1999-02-01,1279.6400146484375,1273.0
1999-02-02,1273.0,1261.989990234375
1999-02-03,1261.989990234375,1272.0699462890625
1999-02-04,1272.0699462890625,1248.489990234375
1999-02-05,1248.489990234375,1239.4000244140625
1999-02-08,1239.4000244140625,1243.77001953125
1999-02-09,1243.77001953125,1216.1400146484375
1999-02-10,1216.1400146484375,1223.550048828125
1999-02-11,1223.550048828125,1254.0400390625
1999-02-12,1254.0400390625,1230.1300048828125
1999-02-16,1230.1300048828125,1241.8699951171875
1999-02-17,1241.8699951171875,1224.030029296875
1999-02-18,1224.030029296875,1237.280029296875
1999-02-19,1237.280029296875,1239.219970703125
1999-02-22,1239.219970703125,1272.1400146484375
1999-02-23,1272.1400146484375,1271.1800537109375
1999-02-24,1271.1800537109375,1253.4100341796875
1999-02-25,1253.4100341796875,1245.02001953125
1999-02-26,1245.02001953125,1238.3299560546875
1999-03-01,1238.3299560546875,1236.1600341796875
1999-03-02,1236.1600341796875,1225.5
1999-03-03,1225.5,1227.699951171875
1999-03-04,1227.699951171875,1246.6400146484375
1999-03-05,1246.6400146484375,1275.469970703125
1999-03-08,1275.469970703125,1282.72998046875
1999-03-09,1282.72998046875,1279.8399658203125
1999-03-10,1279.8399658203125,1286.8399658203125
1999-03-11,1286.8399658203125,1297.6800537109375
1999-03-12,1297.6800537109375,1294.5899658203125
1999-03-15,1294.5899658203125,1307.260009765625
1999-03-16,1307.260009765625,1306.3800048828125
1999-03-17,1306.3800048828125,1297.8199462890625
1999-03-18,1297.8199462890625,1316.550048828125
1999-03-19,1316.550048828125,1299.2900390625
1999-03-22,1299.2900390625,1297.010009765625
1999-03-23,1297.010009765625,1262.1400146484375
1999-03-24,1262.1400146484375,1268.5899658203125
1999-03-25,1268.5899658203125,1289.989990234375
1999-03-26,1289.989990234375,1282.800048828125
1999-03-29,1282.800048828125,1310.1700439453125
1999-03-30,1310.1700439453125,1300.75
1999-03-31,1300.75,1286.3699951171875
1999-04-01,1286.3699951171875,1293.719970703125
1999-04-05,1293.719970703125,1321.1199951171875
1999-04-06,1321.1199951171875,1317.8900146484375
1999-04-07,1317.8900146484375,1326.8900146484375
1999-04-08,1326.8900146484375,1343.97998046875
1999-04-09,1343.97998046875,1348.3499755859375
1999-04-12,1348.3499755859375,1358.6300048828125
1999-04-13,1358.6400146484375,1349.8199462890625
1999-04-14,1349.8199462890625,1328.43994140625
1999-04-15,1328.43994140625,1322.8499755859375
1999-04-16,1322.8599853515625,1319.0
1999-04-19,1319.0,1289.47998046875
1999-04-20,1289.47998046875,1306.1700439453125
1999-04-21,1306.1700439453125,1336.1199951171875
1999-04-22,1336.1199951171875,1358.8199462890625
1999-04-23,1358.8299560546875,1356.8499755859375
1999-04-26,1356.8499755859375,1360.0400390625
1999-04-27,1360.0400390625,1362.800048828125
1999-04-28,1362.800048828125,1350.9100341796875
1999-04-29,1350.9100341796875,1342.8299560546875
1999-04-30,1342.8299560546875,1335.1800537109375
1999-05-03,1335.1800537109375,1354.6300048828125
1999-05-04,1354.6300048828125,1332.0
1999-05-05,1332.0,1347.31005859375
1999-05-06,1347.31005859375,1332.050048828125
1999-05-07,1332.050048828125,1345.0
1999-05-10,1345.0,1340.300048828125
1999-05-11,1340.300048828125,1355.6099853515625
1999-05-12,1355.6099853515625,1364.0
1999-05-13,1364.0,1367.56005859375
1999-05-14,1367.56005859375,1337.800048828125
1999-05-17,1337.800048828125,1339.489990234375
1999-05-18,1339.489990234375,1333.3199462890625
1999-05-19,1333.3199462890625,1344.22998046875
1999-05-20,1344.22998046875,1338.8299560546875
1999-05-21,1338.8299560546875,1330.2900390625
1999-05-24,1330.2900390625,1306.6500244140625
1999-05-25,1306.6500244140625,1284.4000244140625
1999-05-26,1284.4000244140625,1304.760009765625
1999-05-27,1304.760009765625,1281.4100341796875
1999-05-28,1281.4100341796875,1301.8399658203125
1999-06-01,1301.8399658203125,1294.260009765625
1999-06-02,1294.260009765625,1294.81005859375
1999-06-03,1294.81005859375,1299.5400390625
1999-06-04,1299.5400390625,1327.75
1999-06-07,1327.75,1334.52001953125
1999-06-08,1334.52001953125,1317.3299560546875
1999-06-09,1317.3299560546875,1318.6400146484375
1999-06-10,1318.6400146484375,1302.8199462890625
1999-06-11,1302.8199462890625,1293.6400146484375
1999-06-14,1293.6400146484375,1294.0
1999-06-15,1294.0,1301.1600341796875
1999-06-16,1301.1600341796875,1330.4100341796875
1999-06-17,1330.4100341796875,1339.9000244140625
1999-06-18,1339.9000244140625,1342.8399658203125
1999-06-21,1342.8399658203125,1349.0
1999-06-22,1349.0,1335.8800048828125
1999-06-23,1335.8699951171875,1333.06005859375
1999-06-24,1333.06005859375,1315.780029296875
1999-06-25,1315.780029296875,1315.31005859375
1999-06-28,1315.31005859375,1331.3499755859375
1999-06-29,1331.3499755859375,1351.449951171875
1999-06-30,1351.449951171875,1372.7099609375
1999-07-01,1372.7099609375,1380.9599609375
1999-07-02,1380.9599609375,1391.219970703125
1999-07-06,1391.219970703125,1388.1199951171875
1999-07-07,1388.1199951171875,1395.8599853515625
1999-07-08,1395.8599853515625,1394.4200439453125
1999-07-09,1394.4200439453125,1403.280029296875
1999-07-12,1403.280029296875,1399.0999755859375
1999-07-13,1399.0999755859375,1393.56005859375
1999-07-14,1393.56005859375,1398.1700439453125
1999-07-15,1398.1700439453125,1409.6199951171875
1999-07-16,1409.6199951171875,1418.780029296875
1999-07-19,1418.780029296875,1407.6500244140625
1999-07-20,1407.6500244140625,1377.0999755859375
1999-07-21,1377.0999755859375,1379.2900390625
1999-07-22,1379.2900390625,1360.969970703125
1999-07-23,1360.969970703125,1356.93994140625
1999-07-26,1356.93994140625,1347.760009765625
1999-07-27,1347.75,1362.8399658203125
1999-07-28,1362.8399658203125,1365.4000244140625
1999-07-29,1365.4000244140625,1341.030029296875
1999-07-30,1341.030029296875,1328.719970703125
1999-08-02,1328.719970703125,1328.050048828125
1999-08-03,1328.050048828125,1322.1800537109375
1999-08-04,1322.1800537109375,1305.3299560546875
1999-08-05,1305.3299560546875,1313.7099609375
1999-08-06,1313.7099609375,1300.2900390625
1999-08-09,1300.2900390625,1297.800048828125
1999-08-10,1297.800048828125,1281.4300537109375
1999-08-11,1281.4300537109375,1301.9300537109375
1999-08-12,1301.9300537109375,1298.1600341796875
1999-08-13,1298.1600341796875,1327.6800537109375
1999-08-16,1327.6800537109375,1330.77001953125
1999-08-17,1330.77001953125,1344.1600341796875
1999-08-18,1344.1600341796875,1332.8399658203125
1999-08-19,1332.8399658203125,1323.5899658203125
1999-08-20,1323.5899658203125,1336.6099853515625
1999-08-23,1336.6099853515625,1360.219970703125
1999-08-24,1360.219970703125,1363.5
1999-08-25,1363.5,1381.7900390625
1999-08-26,1381.7900390625,1362.010009765625
1999-08-27,1362.010009765625,1348.27001953125
1999-08-30,1348.27001953125,1324.02001953125
1999-08-31,1324.02001953125,1320.4100341796875
1999-09-01,1320.4100341796875,1331.0699462890625
1999-09-02,1331.0699462890625,1319.1099853515625
1999-09-03,1319.1099853515625,1357.239990234375
1999-09-07,1357.239990234375,1350.449951171875
1999-09-08,1350.449951171875,1344.1500244140625
1999-09-09,1344.1500244140625,1347.6600341796875
1999-09-10,1347.6600341796875,1351.6600341796875
1999-09-13,1351.6600341796875,1344.1300048828125
1999-09-14,1344.1300048828125,1336.2900390625
1999-09-15,1336.2900390625,1317.969970703125
1999-09-16,1317.969970703125,1318.47998046875
1999-09-17,1318.47998046875,1335.4200439453125
1999-09-20,1335.4200439453125,1335.530029296875
1999-09-21,1335.52001953125,1307.5799560546875
1999-09-22,1307.5799560546875,1310.510009765625
1999-09-23,1310.510009765625,1280.4100341796875
1999-09-24,1280.4100341796875,1277.3599853515625
1999-09-27,1277.3599853515625,1283.31005859375
1999-09-28,1283.31005859375,1282.199951171875
1999-09-29,1282.199951171875,1268.3699951171875
1999-09-30,1268.3699951171875,1282.7099609375
1999-10-01,1282.7099609375,1282.81005859375
1999-10-04,1282.81005859375,1304.5999755859375
1999-10-05,1304.5999755859375,1301.3499755859375
1999-10-06,1301.3499755859375,1325.4000244140625
1999-10-07,1325.4000244140625,1317.6400146484375
1999-10-08,1317.6400146484375,1336.02001953125
1999-10-11,1336.02001953125,1335.2099609375
1999-10-12,1335.2099609375,1313.0400390625
1999-10-13,1313.0400390625,1285.550048828125
1999-10-14,1285.550048828125,1283.4200439453125
1999-10-15,1283.4200439453125,1247.4100341796875
1999-10-18,1247.4100341796875,1254.1300048828125
1999-10-19,1254.1300048828125,1261.3199462890625
1999-10-20,1261.3199462890625,1289.4300537109375
1999-10-21,1289.4300537109375,1283.6099853515625
1999-10-22,1283.6099853515625,1301.6500244140625
1999-10-25,1301.6500244140625,1293.6300048828125
1999-10-26,1293.6300048828125,1281.9100341796875
1999-10-27,1281.9100341796875,1296.7099609375
1999-10-28,1296.7099609375,1342.43994140625
1999-10-29,1342.43994140625,1362.9300537109375
1999-11-01,1362.9300537109375,1354.1199951171875
1999-11-02,1354.1199951171875,1347.739990234375
1999-11-03,1347.739990234375,1354.9300537109375
1999-11-04,1354.9300537109375,1362.6400146484375
1999-11-05,1362.6400146484375,1370.22998046875
1999-11-08,1370.22998046875,1377.010009765625
1999-11-09,1377.010009765625,1365.280029296875
1999-11-10,1365.280029296875,1373.4599609375
1999-11-11,1373.4599609375,1381.4599609375
1999-11-12,1381.4599609375,1396.06005859375
1999-11-15,1396.06005859375,1394.3900146484375
1999-11-16,1394.3900146484375,1420.0699462890625
1999-11-17,1420.0699462890625,1410.7099609375
1999-11-18,1410.7099609375,1424.93994140625
1999-11-19,1424.93994140625,1422.0
1999-11-22,1422.0,1420.93994140625
1999-11-23,1420.93994140625,1404.6400146484375
1999-11-24,1404.6400146484375,1417.0799560546875
1999-11-26,1417.0799560546875,1416.6199951171875
1999-11-29,1416.6199951171875,1407.8299560546875
1999-11-30,1407.8299560546875,1388.9100341796875
1999-12-01,1388.9100341796875,1397.719970703125
1999-12-02,1397.719970703125,1409.0400390625
1999-12-03,1409.0400390625,1433.300048828125
1999-12-06,1433.300048828125,1423.3299560546875
1999-12-07,1423.3299560546875,1409.1700439453125
1999-12-08,1409.1700439453125,1403.8800048828125
1999-12-09,1403.8800048828125,1408.1099853515625
1999-12-10,1408.1099853515625,1417.0400390625
1999-12-13,1417.0400390625,1415.219970703125
1999-12-14,1415.219970703125,1403.1700439453125
1999-12-15,1403.1700439453125,1413.3299560546875
1999-12-16,1413.3199462890625,1418.780029296875
1999-12-17,1418.780029296875,1421.030029296875
1999-12-20,1421.030029296875,1418.0899658203125
1999-12-21,1418.0899658203125,1433.4300537109375
1999-12-22,1433.4300537109375,1436.1300048828125
1999-12-23,1436.1300048828125,1458.3399658203125
1999-12-27,1458.3399658203125,1457.0999755859375
1999-12-28,1457.0899658203125,1457.6600341796875
1999-12-29,1457.6600341796875,1463.4599609375
1999-12-30,1463.4599609375,1464.469970703125
1999-12-31,1464.469970703125,1469.25
2000-01-03,1469.25,1455.219970703125
2000-01-04,1455.219970703125,1399.4200439453125
2000-01-05,1399.4200439453125,1402.1099853515625
2000-01-06,1402.1099853515625,1403.449951171875
2000-01-07,1403.449951171875,1441.469970703125
2000-01-10,1441.469970703125,1457.5999755859375
2000-01-11,1457.5999755859375,1438.56005859375
2000-01-12,1438.56005859375,1432.25
2000-01-13,1432.25,1449.6800537109375
2000-01-14,1449.6800537109375,1465.1500244140625
2000-01-18,1465.1500244140625,1455.1400146484375
2000-01-19,1455.1400146484375,1455.9000244140625
2000-01-20,1455.9000244140625,1445.5699462890625
2000-01-21,1445.5699462890625,1441.3599853515625
2000-01-24,1441.3599853515625,1401.530029296875
2000-01-25,1401.530029296875,1410.030029296875
2000-01-26,1410.030029296875,1404.0899658203125
2000-01-27,1404.0899658203125,1398.56005859375
2000-01-28,1398.56005859375,1360.1600341796875
2000-01-31,1360.1600341796875,1394.4599609375
2000-02-01,1394.4599609375,1409.280029296875
2000-02-02,1409.280029296875,1409.1199951171875
2000-02-03,1409.1199951171875,1424.969970703125
2000-02-04,1424.969970703125,1424.3699951171875
2000-02-07,1424.3699951171875,1424.239990234375
2000-02-08,1424.239990234375,1441.719970703125
2000-02-09,1441.719970703125,1411.7099609375
2000-02-10,1411.699951171875,1416.8299560546875
2000-02-11,1416.8299560546875,1387.1199951171875
2000-02-14,1387.1199951171875,1389.93994140625
2000-02-15,1389.93994140625,1402.050048828125
2000-02-16,1402.050048828125,1387.6700439453125
2000-02-17,1387.6700439453125,1388.260009765625
2000-02-18,1388.260009765625,1346.0899658203125
2000-02-22,1346.0899658203125,1352.1700439453125
2000-02-23,1352.1700439453125,1360.68994140625
2000-02-24,1360.68994140625,1353.4300537109375
2000-02-25,1353.4300537109375,1333.3599853515625
2000-02-28,1333.3599853515625,1348.050048828125
2000-02-29,1348.050048828125,1366.4200439453125
2000-03-01,1366.4200439453125,1379.18994140625
2000-03-02,1379.18994140625,1381.760009765625
2000-03-03,1381.760009765625,1409.1700439453125
2000-03-06,1409.1700439453125,1391.280029296875
2000-03-07,1391.280029296875,1355.6199951171875
2000-03-08,1355.6199951171875,1366.699951171875
2000-03-09,1366.699951171875,1401.68994140625
2000-03-10,1401.68994140625,1395.0699462890625
2000-03-13,1395.0699462890625,1383.6199951171875
2000-03-14,1383.6199951171875,1359.1500244140625
2000-03-15,1359.1500244140625,1392.1400146484375
2000-03-16,1392.1500244140625,1458.469970703125
2000-03-17,1458.469970703125,1464.469970703125
2000-03-20,1464.469970703125,1456.6300048828125
2000-03-21,1456.6300048828125,1493.8699951171875
2000-03-22,1493.8699951171875,1500.6400146484375
2000-03-23,1500.6400146484375,1527.3499755859375
2000-03-24,1527.3499755859375,1527.4599609375
2000-03-27,1527.4599609375,1523.8599853515625
2000-03-28,1523.8599853515625,1507.72998046875
2000-03-29,1507.72998046875,1508.52001953125
2000-03-30,1508.52001953125,1487.9200439453125
2000-03-31,1487.9200439453125,1498.5799560546875
2000-04-03,1498.5799560546875,1505.969970703125
2000-04-04,1505.97998046875,1494.72998046875
2000-04-05,1494.72998046875,1487.3699951171875
2000-04-06,1487.3699951171875,1501.3399658203125
2000-04-07,1501.3399658203125,1516.3499755859375
2000-04-10,1516.3499755859375,1504.4599609375
2000-04-11,1504.4599609375,1500.5899658203125
2000-04-12,1500.5899658203125,1467.1700439453125
2000-04-13,1467.1700439453125,1440.510009765625
2000-04-14,1440.510009765625,1356.56005859375
2000-04-17,1356.56005859375,1401.43994140625
2000-04-18,1401.43994140625,1441.6099853515625
2000-04-19,1441.6099853515625,1427.469970703125
2000-04-20,1427.469970703125,1434.5400390625
2000-04-24,1434.5400390625,1429.8599853515625
2000-04-25,1429.8599853515625,1477.43994140625
2000-04-26,1477.43994140625,1460.989990234375
2000-04-27,1460.989990234375,1464.9200439453125
2000-04-28,1464.9200439453125,1452.4300537109375
2000-05-01,1452.4300537109375,1468.25
2000-05-02,1468.25,1446.2900390625
2000-05-03,1446.2900390625,1415.0999755859375
2000-05-04,1415.0999755859375,1409.5699462890625
2000-05-05,1409.5699462890625,1432.6300048828125
2000-05-08,1432.6300048828125,1424.1700439453125
2000-05-09,1424.1700439453125,1412.1400146484375
2000-05-10,1412.1400146484375,1383.050048828125
2000-05-11,1383.050048828125,1407.81005859375
2000-05-12,1407.81005859375,1420.9599609375
2000-05-15,1420.9599609375,1452.3599853515625
2000-05-16,1452.3599853515625,1466.0400390625
2000-05-17,1466.0400390625,1447.800048828125
2000-05-18,1447.800048828125,1437.2099609375
2000-05-19,1437.2099609375,1406.949951171875
2000-05-22,1406.949951171875,1400.719970703125
2000-05-23,1400.719970703125,1373.8599853515625
2000-05-24,1373.8599853515625,1399.050048828125
2000-05-25,1399.050048828125,1381.52001953125
2000-05-26,1381.52001953125,1378.02001953125
2000-05-30,1378.02001953125,1422.449951171875
2000-05-31,1422.43994140625,1420.5999755859375
2000-06-01,1420.5999755859375,1448.81005859375
2000-06-02,1448.81005859375,1477.260009765625
2000-06-05,1477.260009765625,1467.6300048828125
2000-06-06,1467.6300048828125,1457.8399658203125
2000-06-07,1457.8399658203125,1471.3599853515625
2000-06-08,1471.3599853515625,1461.6700439453125
2000-06-09,1461.6700439453125,1456.949951171875
2000-06-12,1456.949951171875,1446.0
2000-06-13,1446.0,1469.43994140625
2000-06-14,1469.43994140625,1470.5400390625
2000-06-15,1470.5400390625,1478.72998046875
2000-06-16,1478.72998046875,1464.4599609375
2000-06-19,1464.4599609375,1486.0
2000-06-20,1486.0,1475.949951171875
2000-06-21,1475.949951171875,1479.1300048828125
2000-06-22,1479.1300048828125,1452.1800537109375
2000-06-23,1452.1800537109375,1441.47998046875
2000-06-26,1441.47998046875,1455.31005859375
2000-06-27,1455.31005859375,1450.550048828125
2000-06-28,1450.550048828125,1454.8199462890625
2000-06-29,1454.8199462890625,1442.3900146484375
2000-06-30,1442.3900146484375,1454.5999755859375
2000-07-03,1454.5999755859375,1469.5400390625
2000-07-05,1469.5400390625,1446.22998046875
2000-07-06,1446.22998046875,1456.6700439453125
2000-07-07,1456.6700439453125,1478.9000244140625
2000-07-10,1478.9000244140625,1475.6199951171875
2000-07-11,1475.6199951171875,1480.8800048828125
2000-07-12,1480.8800048828125,1492.9200439453125
2000-07-13,1492.9200439453125,1495.8399658203125
2000-07-14,1495.8399658203125,1509.97998046875
2000-07-17,1509.97998046875,1510.489990234375
2000-07-18,1510.489990234375,1493.739990234375
2000-07-19,1493.739990234375,1481.9599609375
2000-07-20,1481.9599609375,1495.5699462890625
2000-07-21,1495.5699462890625,1480.18994140625
2000-07-24,1480.18994140625,1464.2900390625
2000-07-25,1464.2900390625,1474.469970703125
2000-07-26,1474.469970703125,1452.4200439453125
2000-07-27,1452.4200439453125,1449.6199951171875
2000-07-28,1449.6199951171875,1419.8900146484375
2000-07-31,1419.8900146484375,1430.8299560546875
2000-08-01,1430.8299560546875,1438.0999755859375
2000-08-02,1438.0999755859375,1438.699951171875
2000-08-03,1438.699951171875,1452.56005859375
2000-08-04,1452.56005859375,1462.9300537109375
2000-08-07,1462.9300537109375,1479.3199462890625
2000-08-08,1479.3199462890625,1482.800048828125
2000-08-09,1482.800048828125,1472.8699951171875
2000-08-10,1472.8699951171875,1460.25
2000-08-11,1460.25,1471.8399658203125
2000-08-14,1471.8399658203125,1491.56005859375
2000-08-15,1491.56005859375,1484.4300537109375
2000-08-16,1484.4300537109375,1479.8499755859375
2000-08-17,1479.8499755859375,1496.0699462890625
2000-08-18,1496.0699462890625,1491.719970703125
2000-08-21,1491.719970703125,1499.47998046875
2000-08-22,1499.47998046875,1498.1300048828125
2000-08-23,1498.1300048828125,1505.969970703125
2000-08-24,1505.969970703125,1508.31005859375
2000-08-25,1508.31005859375,1506.449951171875
2000-08-28,1506.449951171875,1514.0899658203125
2000-08-29,1514.0899658203125,1509.8399658203125
2000-08-30,1509.8399658203125,1502.5899658203125
2000-08-31,1502.5899658203125,1517.6800537109375
2000-09-01,1517.6800537109375,1520.77001953125
2000-09-05,1520.77001953125,1507.0799560546875
2000-09-06,1507.0799560546875,1492.25
2000-09-07,1492.25,1502.510009765625
2000-09-08,1502.510009765625,1494.5
2000-09-11,1494.5,1489.260009765625
2000-09-12,1489.260009765625,1481.989990234375
2000-09-13,1481.989990234375,1484.9100341796875
2000-09-14,1484.9100341796875,1480.8699951171875
2000-09-15,1480.8699951171875,1465.81005859375
2000-09-18,1465.81005859375,1444.510009765625
2000-09-19,1444.510009765625,1459.9000244140625
2000-09-20,1459.9000244140625,1451.3399658203125
2000-09-21,1451.3399658203125,1449.050048828125
2000-09-22,1449.050048828125,1448.719970703125
2000-09-25,1448.719970703125,1439.030029296875
2000-09-26,1439.030029296875,1427.2099609375
2000-09-27,1427.2099609375,1426.5699462890625
2000-09-28,1426.5699462890625,1458.2900390625
2000-09-29,1458.2900390625,1436.510009765625
2000-10-02,1436.52001953125,1436.22998046875
2000-10-03,1436.22998046875,1426.4599609375
2000-10-04,1426.4599609375,1434.3199462890625
2000-10-05,1434.3199462890625,1436.280029296875
2000-10-06,1436.280029296875,1408.989990234375
2000-10-09,1408.989990234375,1402.030029296875
2000-10-10,1402.030029296875,1387.02001953125
2000-10-11,1387.02001953125,1364.5899658203125
2000-10-12,1364.5899658203125,1329.780029296875
2000-10-13,1329.780029296875,1374.1700439453125
2000-10-16,1374.1700439453125,1374.6199951171875
2000-10-17,1374.6199951171875,1349.969970703125
2000-10-18,1349.969970703125,1342.1300048828125
2000-10-19,1342.1300048828125,1388.760009765625
2000-10-20,1388.760009765625,1396.9300537109375
2000-10-23,1396.9300537109375,1395.780029296875
2000-10-24,1395.780029296875,1398.1300048828125
2000-10-25,1398.1300048828125,1364.9000244140625
2000-10-26,1364.9000244140625,1364.43994140625
2000-10-27,1364.43994140625,1379.5799560546875
2000-10-30,1379.5799560546875,1398.6600341796875
2000-10-31,1398.6600341796875,1429.4000244140625
2000-11-01,1429.4000244140625,1421.219970703125
2000-11-02,1421.219970703125,1428.3199462890625
2000-11-03,1428.3199462890625,1426.68994140625
2000-11-06,1428.760009765625,1432.18994140625
2000-11-07,1432.18994140625,1431.8699951171875
2000-11-08,1431.8699951171875,1409.280029296875
2000-11-09,1409.280029296875,1400.1400146484375
2000-11-10,1400.1400146484375,1365.97998046875
2000-11-13,1365.97998046875,1351.260009765625
2000-11-14,1351.260009765625,1382.949951171875
2000-11-15,1382.949951171875,1389.81005859375
2000-11-16,1389.81005859375,1372.3199462890625
2000-11-17,1372.3199462890625,1367.719970703125
2000-11-20,1367.719970703125,1342.6199951171875
2000-11-21,1342.6199951171875,1347.3499755859375
2000-11-22,1347.3499755859375,1322.3599853515625
2000-11-24,1322.3599853515625,1341.77001953125
2000-11-27,1341.77001953125,1348.969970703125
2000-11-28,1348.969970703125,1336.0899658203125
2000-11-29,1336.0899658203125,1341.9300537109375
2000-11-30,1341.9100341796875,1314.949951171875
2000-12-01,1314.949951171875,1315.22998046875
2000-12-04,1315.1800537109375,1324.969970703125
2000-12-05,1324.969970703125,1376.5400390625
2000-12-06,1376.5400390625,1351.4599609375
2000-12-07,1351.4599609375,1343.550048828125
2000-12-08,1343.550048828125,1369.8900146484375
2000-12-11,1369.8900146484375,1380.199951171875
2000-12-12,1380.199951171875,1371.1800537109375
2000-12-13,1371.1800537109375,1359.989990234375
2000-12-14,1359.989990234375,1340.9300537109375
2000-12-15,1340.9300537109375,1312.1500244140625
2000-12-18,1312.1500244140625,1322.739990234375
2000-12-19,1322.9599609375,1305.5999755859375
2000-12-20,1305.5999755859375,1264.739990234375
2000-12-21,1264.739990234375,1274.8599853515625
2000-12-22,1274.8599853515625,1305.949951171875
2000-12-26,1305.969970703125,1315.18994140625
2000-12-27,1315.18994140625,1328.9200439453125
2000-12-28,1328.9200439453125,1334.219970703125
2000-12-29,1334.219970703125,1320.280029296875
2001-01-02,1320.280029296875,1283.27001953125
2001-01-03,1283.27001953125,1347.56005859375
2001-01-04,1347.56005859375,1333.3399658203125
2001-01-05,1333.3399658203125,1298.3499755859375
2001-01-08,1298.3499755859375,1295.8599853515625
2001-01-09,1295.8599853515625,1300.800048828125
2001-01-10,1300.800048828125,1313.27001953125
2001-01-11,1313.27001953125,1326.8199462890625
2001-01-12,1326.8199462890625,1318.550048828125
2001-01-16,1318.3199462890625,1326.6500244140625
2001-01-17,1326.6500244140625,1329.469970703125
2001-01-18,1329.8900146484375,1347.969970703125
2001-01-19,1347.969970703125,1342.5400390625
2001-01-22,1342.5400390625,1342.9000244140625
2001-01-23,1342.9000244140625,1360.4000244140625
2001-01-24,1360.4000244140625,1364.300048828125
2001-01-25,1364.300048828125,1357.510009765625
2001-01-26,1357.510009765625,1354.949951171875
2001-01-29,1354.9200439453125,1364.1700439453125
2001-01-30,1364.1700439453125,1373.72998046875
2001-01-31,1373.72998046875,1366.010009765625
2001-02-01,1366.010009765625,1373.469970703125
2001-02-02,1373.469970703125,1349.469970703125
2001-02-05,1349.469970703125,1354.31005859375
2001-02-06,1354.31005859375,1352.260009765625
2001-02-07,1352.260009765625,1340.8900146484375
2001-02-08,1341.0999755859375,1332.530029296875
2001-02-09,1332.530029296875,1314.760009765625
2001-02-12,1314.760009765625,1330.31005859375
2001-02-13,1330.31005859375,1318.800048828125
2001-02-14,1318.800048828125,1315.9200439453125
2001-02-15,1315.9200439453125,1326.6099853515625
2001-02-16,1326.6099853515625,1301.530029296875
2001-02-20,1301.530029296875,1278.93994140625
2001-02-21,1278.93994140625,1255.27001953125
2001-02-22,1255.27001953125,1252.8199462890625
2001-02-23,1252.8199462890625,1245.8599853515625
2001-02-26,1245.8599853515625,1267.6500244140625
2001-02-27,1267.6500244140625,1257.93994140625
2001-02-28,1257.93994140625,1239.93994140625
2001-03-01,1239.93994140625,1241.22998046875
2001-03-02,1241.22998046875,1234.1800537109375
2001-03-05,1234.1800537109375,1241.4100341796875
2001-03-06,1241.4100341796875,1253.800048828125
2001-03-07,1253.800048828125,1261.8900146484375
2001-03-08,1261.8900146484375,1264.739990234375
2001-03-09,1264.739990234375,1233.4200439453125
2001-03-12,1233.4200439453125,1180.1600341796875
2001-03-13,1180.1600341796875,1197.6600341796875
2001-03-14,1197.6600341796875,1166.7099609375
2001-03-15,1166.7099609375,1173.56005859375
2001-03-16,1173.56005859375,1150.530029296875
2001-03-19,1150.530029296875,1170.81005859375
2001-03-20,1170.81005859375,1142.6199951171875
2001-03-21,1142.6199951171875,1122.1400146484375
2001-03-22,1122.1400146484375,1117.5799560546875
2001-03-23,1117.5799560546875,1139.8299560546875
2001-03-26,1139.8299560546875,1152.68994140625
2001-03-27,1152.68994140625,1182.1700439453125
2001-03-28,1182.1700439453125,1153.2900390625
2001-03-29,1153.2900390625,1147.949951171875
2001-03-30,1147.949951171875,1160.3299560546875
2001-04-02,1160.3299560546875,1145.8699951171875
2001-04-03,1145.8699951171875,1106.4599609375
2001-04-04,1106.4599609375,1103.25
2001-04-05,1103.25,1151.43994140625
2001-04-06,1151.43994140625,1128.4300537109375
2001-04-09,1128.4300537109375,1137.5899658203125
2001-04-10,1137.5899658203125,1168.3800048828125
2001-04-11,1168.3800048828125,1165.8900146484375
2001-04-12,1165.8900146484375,1183.5
2001-04-16,1183.5,1179.6800537109375
2001-04-17,1179.6800537109375,1191.81005859375
2001-04-18,1191.81005859375,1238.1600341796875
2001-04-19,1238.1600341796875,1253.68994140625
2001-04-20,1253.699951171875,1242.97998046875
2001-04-23,1242.97998046875,1224.3599853515625
2001-04-24,1224.3599853515625,1209.469970703125
2001-04-25,1209.469970703125,1228.75
2001-04-26,1228.75,1234.52001953125
2001-04-27,1234.52001953125,1253.050048828125
2001-04-30,1253.050048828125,1249.4599609375
2001-05-01,1249.4599609375,1266.43994140625
2001-05-02,1266.43994140625,1267.4300537109375
2001-05-03,1267.4300537109375,1248.5799560546875
2001-05-04,1248.5799560546875,1266.6099853515625
2001-05-07,1266.6099853515625,1263.510009765625
2001-05-08,1266.7099609375,1261.199951171875
2001-05-09,1261.199951171875,1255.5400390625
2001-05-10,1255.5400390625,1255.1800537109375
2001-05-11,1255.1800537109375,1245.6700439453125
2001-05-14,1245.6700439453125,1248.9200439453125
2001-05-15,1248.9200439453125,1249.43994140625
2001-05-16,1249.43994140625,1284.989990234375
2001-05-17,1284.989990234375,1288.489990234375
2001-05-18,1288.489990234375,1291.9599609375
2001-05-21,1291.9599609375,1312.8299560546875
2001-05-22,1312.8299560546875,1309.3800048828125
2001-05-23,1309.3800048828125,1289.050048828125
2001-05-24,1289.050048828125,1293.1700439453125
2001-05-25,1293.1700439453125,1277.8900146484375
2001-05-29,1277.8900146484375,1267.9300537109375
2001-05-30,1267.9300537109375,1248.0799560546875
2001-05-31,1248.0799560546875,1255.8199462890625
2001-06-01,1255.8199462890625,1260.6700439453125
2001-06-04,1260.6700439453125,1267.1099853515625
2001-06-05,1267.1099853515625,1283.5699462890625
2001-06-06,1283.5699462890625,1270.030029296875
2001-06-07,1270.030029296875,1276.9599609375
2001-06-08,1276.9599609375,1264.9599609375
2001-06-11,1264.9599609375,1254.3900146484375
2001-06-12,1254.3900146484375,1255.8499755859375
2001-06-13,1255.8499755859375,1241.5999755859375
2001-06-14,1241.5999755859375,1219.8699951171875
2001-06-15,1219.8699951171875,1214.3599853515625
2001-06-18,1214.3599853515625,1208.4300537109375
2001-06-19,1208.4300537109375,1212.5799560546875
2001-06-20,1212.5799560546875,1223.1400146484375
2001-06-21,1223.1400146484375,1237.0400390625
2001-06-22,1237.0400390625,1225.3499755859375
2001-06-25,1225.3499755859375,1218.5999755859375
2001-06-26,1218.5999755859375,1216.760009765625
2001-06-27,1216.760009765625,1211.0699462890625
2001-06-28,1211.0699462890625,1226.199951171875
2001-06-29,1226.199951171875,1224.3800048828125
2001-07-02,1224.4200439453125,1236.719970703125
2001-07-03,1236.7099609375,1234.449951171875
2001-07-05,1234.449951171875,1219.239990234375
2001-07-06,1219.239990234375,1190.5899658203125
2001-07-09,1190.5899658203125,1198.780029296875
2001-07-10,1198.780029296875,1181.52001953125
2001-07-11,1181.52001953125,1180.1800537109375
2001-07-12,1180.1800537109375,1208.1400146484375
2001-07-13,1208.1400146484375,1215.6800537109375
2001-07-16,1215.6800537109375,1202.449951171875
2001-07-17,1202.449951171875,1214.43994140625
2001-07-18,1214.43994140625,1207.7099609375
2001-07-19,1207.7099609375,1215.02001953125
2001-07-20,1215.02001953125,1210.8499755859375
2001-07-23,1210.8499755859375,1191.030029296875
2001-07-24,1191.030029296875,1171.6500244140625
2001-07-25,1171.6500244140625,1190.489990234375
2001-07-26,1190.489990234375,1202.9300537109375
2001-07-27,1202.9300537109375,1205.8199462890625
2001-07-30,1205.8199462890625,1204.52001953125
2001-07-31,1204.52001953125,1211.22998046875
2001-08-01,1211.22998046875,1215.9300537109375
2001-08-02,1215.9300537109375,1220.75
2001-08-03,1220.75,1214.3499755859375
2001-08-06,1214.3499755859375,1200.47998046875
2001-08-07,1200.469970703125,1204.4000244140625
2001-08-08,1204.4000244140625,1183.530029296875
2001-08-09,1183.530029296875,1183.4300537109375
2001-08-10,1183.4300537109375,1190.1600341796875
2001-08-13,1190.1600341796875,1191.2900390625
2001-08-14,1191.2900390625,1186.72998046875
2001-08-15,1186.72998046875,1178.02001953125
2001-08-16,1178.02001953125,1181.6600341796875
2001-08-17,1181.6600341796875,1161.969970703125
2001-08-20,1161.969970703125,1171.4100341796875
2001-08-21,1171.4100341796875,1157.260009765625
2001-08-22,1157.260009765625,1165.31005859375
2001-08-23,1165.31005859375,1162.0899658203125
2001-08-24,1162.0899658203125,1184.9300537109375
2001-08-27,1184.9300537109375,1179.2099609375
2001-08-28,1179.2099609375,1161.510009765625
2001-08-29,1161.510009765625,1148.56005859375
2001-08-30,1148.5999755859375,1129.030029296875
2001-08-31,1129.030029296875,1133.5799560546875
2001-09-04,1133.5799560546875,1132.93994140625
2001-09-05,1132.93994140625,1131.739990234375
2001-09-06,1131.739990234375,1106.4000244140625
2001-09-07,1106.4000244140625,1085.780029296875
2001-09-10,1085.780029296875,1092.5400390625
2001-09-17,1092.5400390625,1038.77001953125
2001-09-18,1038.77001953125,1032.739990234375
2001-09-19,1032.739990234375,1016.0999755859375
2001-09-20,1016.0999755859375,984.5399780273438
2001-09-21,984.5399780273438,965.7999877929688
2001-09-24,965.7999877929688,1003.4500122070312
2001-09-25,1003.4500122070312,1012.27001953125
2001-09-26,1012.27001953125,1007.0399780273438
2001-09-27,1007.0399780273438,1018.6099853515625
2001-09-28,1018.6099853515625,1040.93994140625
2001-10-01,1040.93994140625,1038.550048828125
2001-10-02,1038.550048828125,1051.3299560546875
2001-10-03,1051.3299560546875,1072.280029296875
2001-10-04,1072.280029296875,1069.6300048828125
2001-10-05,1069.6199951171875,1071.3800048828125
2001-10-08,1071.3699951171875,1062.43994140625
2001-10-09,1062.43994140625,1056.75
2001-10-10,1056.75,1080.989990234375
2001-10-11,1080.989990234375,1097.4300537109375
2001-10-12,1097.4300537109375,1091.6500244140625
2001-10-15,1091.6500244140625,1089.97998046875
2001-10-16,1089.97998046875,1097.5400390625
2001-10-17,1097.5400390625,1077.0899658203125
2001-10-18,1077.0899658203125,1068.6099853515625
2001-10-19,1068.6099853515625,1073.47998046875
2001-10-22,1073.47998046875,1089.9000244140625
2001-10-23,1089.9000244140625,1084.780029296875
2001-10-24,1084.780029296875,1085.199951171875
2001-10-25,1085.199951171875,1100.0899658203125
2001-10-26,1100.0899658203125,1104.6099853515625
2001-10-29,1104.6099853515625,1078.300048828125
2001-10-30,1078.300048828125,1059.7900390625
2001-10-31,1059.7900390625,1059.780029296875
2001-11-01,1059.780029296875,1084.0999755859375
2001-11-02,1084.0999755859375,1087.199951171875
2001-11-05,1087.199951171875,1102.8399658203125
2001-11-06,1102.8399658203125,1118.8599853515625
2001-11-07,1118.8599853515625,1115.800048828125
2001-11-08,1115.800048828125,1118.5400390625
2001-11-09,1118.5400390625,1120.31005859375
2001-11-12,1120.31005859375,1118.3299560546875
2001-11-13,1118.3299560546875,1139.0899658203125
2001-11-14,1139.0899658203125,1141.2099609375
2001-11-15,1141.2099609375,1142.239990234375
2001-11-16,1142.239990234375,1138.6500244140625
2001-11-19,1138.6500244140625,1151.06005859375
2001-11-20,1151.06005859375,1142.6600341796875
2001-11-21,1142.6600341796875,1137.030029296875
2001-11-23,1137.030029296875,1150.3399658203125
2001-11-26,1150.3399658203125,1157.4200439453125
2001-11-27,1157.4200439453125,1149.5
2001-11-28,1149.5,1128.52001953125
2001-11-29,1128.52001953125,1140.199951171875
2001-11-30,1140.199951171875,1139.449951171875
2001-12-03,1139.449951171875,1129.9000244140625
2001-12-04,1129.9000244140625,1144.800048828125
2001-12-05,1143.77001953125,1170.3499755859375
2001-12-06,1170.3499755859375,1167.0999755859375
2001-12-07,1167.0999755859375,1158.31005859375
2001-12-10,1158.31005859375,1139.9300537109375
2001-12-11,1139.9300537109375,1136.760009765625
2001-12-12,1136.760009765625,1137.0699462890625
2001-12-13,1137.0699462890625,1119.3800048828125
2001-12-14,1119.3800048828125,1123.0899658203125
2001-12-17,1123.0899658203125,1134.3599853515625
2001-12-18,1134.3599853515625,1142.9200439453125
2001-12-19,1142.9200439453125,1149.56005859375
2001-12-20,1149.56005859375,1139.9300537109375
2001-12-21,1139.9300537109375,1144.8900146484375
2001-12-24,1144.8900146484375,1144.6500244140625
2001-12-26,1144.6500244140625,1149.3699951171875
2001-12-27,1149.3699951171875,1157.1300048828125
2001-12-28,1157.1300048828125,1161.02001953125
2001-12-31,1161.02001953125,1148.0799560546875
2002-01-02,1148.0799560546875,1154.6700439453125
2002-01-03,1154.6700439453125,1165.27001953125
2002-01-04,1165.27001953125,1172.510009765625
2002-01-07,1172.510009765625,1164.8900146484375
2002-01-08,1164.8900146484375,1160.7099609375
2002-01-09,1160.7099609375,1155.1400146484375
2002-01-10,1155.1400146484375,1156.550048828125
2002-01-11,1156.550048828125,1145.5999755859375
2002-01-14,1145.5999755859375,1138.4100341796875
2002-01-15,1138.4100341796875,1146.18994140625
2002-01-16,1146.18994140625,1127.5699462890625
2002-01-17,1127.5699462890625,1138.8800048828125
2002-01-18,1138.8800048828125,1127.5799560546875
2002-01-22,1127.5799560546875,1119.31005859375
2002-01-23,1119.31005859375,1128.1800537109375
2002-01-24,1128.1800537109375,1132.1500244140625
2002-01-25,1132.1500244140625,1133.280029296875
2002-01-28,1133.280029296875,1133.06005859375
2002-01-29,1133.06005859375,1100.6400146484375
2002-01-30,1100.6400146484375,1113.5699462890625
2002-01-31,1113.5699462890625,1130.199951171875
2002-02-01,1130.199951171875,1122.199951171875
2002-02-04,1122.199951171875,1094.43994140625
2002-02-05,1094.43994140625,1090.02001953125
2002-02-06,1090.02001953125,1083.510009765625
2002-02-07,1083.510009765625,1080.1700439453125
2002-02-08,1080.1700439453125,1096.219970703125
2002-02-11,1096.219970703125,1111.93994140625
2002-02-12,1111.93994140625,1107.5
2002-02-13,1107.5,1118.510009765625
2002-02-14,1118.510009765625,1116.47998046875
2002-02-15,1116.47998046875,1104.1800537109375
2002-02-19,1104.1800537109375,1083.3399658203125
2002-02-20,1083.3399658203125,1097.97998046875
2002-02-21,1097.97998046875,1080.949951171875
2002-02-22,1080.949951171875,1089.8399658203125
2002-02-25,1089.8399658203125,1109.4300537109375
2002-02-26,1109.4300537109375,1109.3800048828125
2002-02-27,1109.3800048828125,1109.8900146484375
2002-02-28,1109.8900146484375,1106.72998046875
2002-03-01,1106.72998046875,1131.780029296875
2002-03-04,1131.780029296875,1153.8399658203125
2002-03-05,1153.8399658203125,1146.1400146484375
2002-03-06,1146.1400146484375,1162.77001953125
2002-03-07,1162.77001953125,1157.5400390625
2002-03-08,1157.5400390625,1164.31005859375
2002-03-11,1164.31005859375,1168.260009765625
2002-03-12,1168.260009765625,1165.5799560546875
2002-03-13,1165.5799560546875,1154.0899658203125
2002-03-14,1154.0899658203125,1153.0400390625
2002-03-15,1153.0400390625,1166.1600341796875
2002-03-18,1166.1600341796875,1165.550048828125
2002-03-19,1165.550048828125,1170.2900390625
2002-03-20,1170.2900390625,1151.8499755859375
2002-03-21,1151.8499755859375,1153.5899658203125
2002-03-22,1153.5899658203125,1148.699951171875
2002-03-25,1148.699951171875,1131.8699951171875
2002-03-26,1131.8699951171875,1138.489990234375
2002-03-27,1138.489990234375,1144.5799560546875
2002-03-28,1144.5799560546875,1147.3900146484375
2002-04-01,1147.3900146484375,1146.5400390625
2002-04-02,1146.5400390625,1136.760009765625
2002-04-03,1136.760009765625,1125.4000244140625
2002-04-04,1125.4000244140625,1126.3399658203125
2002-04-05,1126.3399658203125,1122.72998046875
2002-04-08,1122.72998046875,1125.2900390625
2002-04-09,1125.2900390625,1117.800048828125
2002-04-10,1117.800048828125,1130.469970703125
2002-04-11,1130.469970703125,1103.68994140625
2002-04-12,1103.68994140625,1111.010009765625
2002-04-15,1111.010009765625,1102.550048828125
2002-04-16,1102.550048828125,1128.3699951171875
2002-04-17,1128.3699951171875,1126.0699462890625
2002-04-18,1126.0699462890625,1124.469970703125
2002-04-19,1124.469970703125,1125.1700439453125
2002-04-22,1125.1700439453125,1107.8299560546875
2002-04-23,1107.8299560546875,1100.9599609375
2002-04-24,1100.9599609375,1093.1400146484375
2002-04-25,1093.1400146484375,1091.47998046875
2002-04-26,1091.47998046875,1076.3199462890625
2002-04-29,1076.3199462890625,1065.449951171875
2002-04-30,1065.449951171875,1076.9200439453125
2002-05-01,1076.9200439453125,1086.4599609375
2002-05-02,1086.4599609375,1084.56005859375
2002-05-03,1084.56005859375,1073.4300537109375
2002-05-06,1073.4300537109375,1052.6700439453125
2002-05-07,1052.6700439453125,1049.489990234375
2002-05-08,1049.489990234375,1088.8499755859375
2002-05-09,1088.8499755859375,1073.010009765625
2002-05-10,1073.010009765625,1054.989990234375
2002-05-13,1054.989990234375,1074.56005859375
2002-05-14,1074.56005859375,1097.280029296875
2002-05-15,1097.280029296875,1091.0699462890625
2002-05-16,1091.0699462890625,1098.22998046875
2002-05-17,1098.22998046875,1106.5899658203125
2002-05-20,1106.5899658203125,1091.8800048828125
2002-05-21,1091.8800048828125,1079.8800048828125
2002-05-22,1079.8800048828125,1086.02001953125
2002-05-23,1086.02001953125,1097.0799560546875
2002-05-24,1097.0799560546875,1083.8199462890625
2002-05-28,1083.8199462890625,1074.550048828125
2002-05-29,1074.550048828125,1067.6600341796875
2002-05-30,1067.6600341796875,1064.6600341796875
2002-05-31,1064.6600341796875,1067.1400146484375
2002-06-03,1067.1400146484375,1040.6800537109375
2002-06-04,1040.6800537109375,1040.68994140625
2002-06-05,1040.68994140625,1049.9000244140625
2002-06-06,1049.9000244140625,1029.1500244140625
2002-06-07,1029.1500244140625,1027.530029296875
2002-06-10,1027.530029296875,1030.739990234375
2002-06-11,1030.739990234375,1013.5999755859375
2002-06-12,1013.260009765625,1020.260009765625
2002-06-13,1020.260009765625,1009.5599975585938
2002-06-14,1009.5599975585938,1007.27001953125
2002-06-17,1007.27001953125,1036.1700439453125
2002-06-18,1036.1700439453125,1037.1400146484375
2002-06-19,1037.1400146484375,1019.989990234375
2002-06-20,1019.989990234375,1006.2899780273438
2002-06-21,1006.2899780273438,989.1400146484375
2002-06-24,989.1400146484375,992.719970703125
2002-06-25,992.719970703125,976.1400146484375
2002-06-26,976.1400146484375,973.530029296875
2002-06-27,973.530029296875,990.6400146484375
2002-06-28,990.6400146484375,989.8200073242188
2002-07-01,989.8200073242188,968.6500244140625
2002-07-02,968.6500244140625,948.0900268554688
2002-07-03,948.0900268554688,953.989990234375
2002-07-05,953.989990234375,989.030029296875
2002-07-08,989.030029296875,976.97998046875
2002-07-09,976.97998046875,952.8300170898438
2002-07-10,952.8300170898438,920.469970703125
2002-07-11,920.469970703125,927.3699951171875
2002-07-12,927.3699951171875,921.3900146484375
2002-07-15,921.3900146484375,917.9299926757812
2002-07-16,917.9299926757812,900.9400024414062
2002-07-17,901.0499877929688,906.0399780273438
2002-07-18,905.4500122070312,881.5599975585938
2002-07-19,881.5599975585938,847.75
2002-07-22,847.760009765625,819.8499755859375
2002-07-23,819.8499755859375,797.7000122070312
2002-07-24,797.7100219726562,843.4299926757812
2002-07-25,843.4199829101562,838.6799926757812
2002-07-26,838.6799926757812,852.8400268554688
2002-07-29,852.8400268554688,898.9600219726562
2002-07-30,898.9600219726562,902.780029296875
2002-07-31,902.780029296875,911.6199951171875
2002-08-01,911.6199951171875,884.6599731445312
2002-08-02,884.4000244140625,864.239990234375
2002-08-05,864.239990234375,834.5999755859375
2002-08-06,834.5999755859375,859.5700073242188
2002-08-07,859.5700073242188,876.77001953125
2002-08-08,876.77001953125,905.4600219726562
2002-08-09,898.72998046875,908.6400146484375
2002-08-12,908.6400146484375,903.7999877929688
2002-08-13,903.7999877929688,884.2100219726562
2002-08-14,884.2100219726562,919.6199951171875
2002-08-15,919.6199951171875,930.25
2002-08-16,930.25,928.77001953125
2002-08-19,928.77001953125,950.7000122070312
2002-08-20,950.7000122070312,937.4299926757812
2002-08-21,937.4299926757812,949.3599853515625
2002-08-22,949.3599853515625,962.7000122070312
2002-08-23,962.7000122070312,940.8599853515625
2002-08-26,940.8599853515625,947.9500122070312
2002-08-27,947.9500122070312,934.8200073242188
2002-08-28,934.8200073242188,917.8699951171875
2002-08-29,917.8699951171875,917.7999877929688
2002-08-30,917.7999877929688,916.0700073242188
2002-09-03,916.0700073242188,878.02001953125
2002-09-04,878.02001953125,893.4000244140625
2002-09-05,893.4000244140625,879.1500244140625
2002-09-06,879.1500244140625,893.9199829101562
2002-09-09,893.9199829101562,902.9600219726562
2002-09-10,902.9600219726562,909.5800170898438
2002-09-11,910.6300048828125,909.4500122070312
2002-09-12,909.4500122070312,886.9099731445312
2002-09-13,886.9099731445312,889.8099975585938
2002-09-16,889.8099975585938,891.0999755859375
2002-09-17,891.0999755859375,873.52001953125
2002-09-18,873.52001953125,869.4600219726562
2002-09-19,869.4600219726562,843.3200073242188
2002-09-20,843.3200073242188,845.3900146484375
2002-09-23,845.3900146484375,833.7000122070312
2002-09-24,833.7000122070312,819.2899780273438
2002-09-25,819.27001953125,839.6599731445312
2002-09-26,839.6599731445312,854.9500122070312
2002-09-27,854.9500122070312,827.3699951171875
2002-09-30,827.3699951171875,815.280029296875
2002-10-01,815.280029296875,847.9099731445312
2002-10-02,843.77001953125,827.9099731445312
2002-10-03,827.9099731445312,818.9500122070312
2002-10-04,818.9500122070312,800.5800170898438
2002-10-07,800.5800170898438,785.280029296875
2002-10-08,785.280029296875,798.5499877929688
2002-10-09,798.5499877929688,776.760009765625
2002-10-10,776.760009765625,803.9199829101562
2002-10-11,803.9199829101562,835.3200073242188
2002-10-14,835.3200073242188,841.4400024414062
2002-10-15,841.4400024414062,881.27001953125
2002-10-16,881.27001953125,860.02001953125
2002-10-17,860.02001953125,879.2000122070312
2002-10-18,879.2000122070312,884.3900146484375
2002-10-21,884.3900146484375,899.719970703125
2002-10-22,899.719970703125,890.1599731445312
2002-10-23,890.1599731445312,896.1400146484375
2002-10-24,896.1400146484375,882.5
2002-10-25,882.5,897.6500244140625
2002-10-28,897.6500244140625,890.22998046875
2002-10-29,890.22998046875,882.1500244140625
2002-10-30,882.1500244140625,890.7100219726562
2002-10-31,890.7100219726562,885.760009765625
2002-11-01,885.760009765625,900.9600219726562
2002-11-04,900.9600219726562,908.3499755859375
2002-11-05,908.3499755859375,915.3900146484375
2002-11-06,915.3900146484375,923.760009765625
2002-11-07,923.760009765625,902.6500244140625
2002-11-08,902.6500244140625,894.739990234375
2002-11-11,894.739990234375,876.1900024414062
2002-11-12,876.1900024414062,882.9500122070312
2002-11-13,882.9500122070312,882.530029296875
2002-11-14,882.530029296875,904.27001953125
2002-11-15,904.27001953125,909.8300170898438
2002-11-18,909.8300170898438,900.3599853515625
2002-11-19,900.3599853515625,896.739990234375
2002-11-20,896.739990234375,914.1500244140625
2002-11-21,914.1500244140625,933.760009765625
2002-11-22,933.760009765625,930.5499877929688
2002-11-25,930.5499877929688,932.8699951171875
2002-11-26,932.8699951171875,913.3099975585938
2002-11-27,913.3099975585938,938.8699951171875
2002-11-29,938.8699951171875,936.3099975585938
2002-12-02,936.3099975585938,934.530029296875
2002-12-03,934.530029296875,920.75
2002-12-04,920.75,917.5800170898438
2002-12-05,917.5800170898438,906.5499877929688
2002-12-06,906.5499877929688,912.22998046875
2002-12-09,912.22998046875,892.0
2002-12-10,892.0,904.4500122070312
2002-12-11,904.4500122070312,904.9600219726562
2002-12-12,904.9600219726562,901.5800170898438
2002-12-13,901.5800170898438,889.47998046875
2002-12-16,889.47998046875,910.4000244140625
2002-12-17,910.4000244140625,902.989990234375
2002-12-18,902.989990234375,891.1199951171875
2002-12-19,890.02001953125,884.25
2002-12-20,884.25,895.760009765625
2002-12-23,895.739990234375,897.3800048828125
2002-12-24,897.3800048828125,892.469970703125
2002-12-26,892.469970703125,889.6599731445312
2002-12-27,889.6599731445312,875.4000244140625
2002-12-30,875.4000244140625,879.3900146484375
2002-12-31,879.3900146484375,879.8200073242188
2003-01-02,879.8200073242188,909.030029296875
2003-01-03,909.030029296875,908.5900268554688
2003-01-06,908.5900268554688,929.010009765625
2003-01-07,929.010009765625,922.9299926757812
2003-01-08,922.9299926757812,909.9299926757812
2003-01-09,909.9299926757812,927.5700073242188
2003-01-10,927.5800170898438,927.5700073242188
2003-01-13,927.5700073242188,926.260009765625
2003-01-14,926.260009765625,931.6599731445312
2003-01-15,931.6599731445312,918.219970703125
2003-01-16,918.219970703125,914.5999755859375
2003-01-17,914.5999755859375,901.780029296875
2003-01-21,901.780029296875,887.6199951171875
2003-01-22,887.6199951171875,878.3599853515625
2003-01-23,878.3599853515625,887.3400268554688
2003-01-24,887.3400268554688,861.4000244140625
2003-01-27,861.4000244140625,847.47998046875
2003-01-28,847.47998046875,858.5399780273438
2003-01-29,858.5399780273438,864.3599853515625
2003-01-30,864.3599853515625,844.6099853515625
2003-01-31,844.6099853515625,855.7000122070312
2003-02-03,855.7000122070312,860.3200073242188
2003-02-04,860.3200073242188,848.2000122070312
2003-02-05,848.2000122070312,843.5900268554688
2003-02-06,843.5900268554688,838.1500244140625
2003-02-07,838.1500244140625,829.6900024414062
2003-02-10,829.6900024414062,835.969970703125
2003-02-11,835.969970703125,829.2000122070312
2003-02-12,829.2000122070312,818.6799926757812
2003-02-13,818.6799926757812,817.3699951171875
2003-02-14,817.3699951171875,834.8900146484375
2003-02-18,834.8900146484375,851.1699829101562
2003-02-19,851.1699829101562,845.1300048828125
2003-02-20,845.1300048828125,837.0999755859375
2003-02-21,837.0999755859375,848.1699829101562
2003-02-24,848.1699829101562,832.5800170898438
2003-02-25,832.5800170898438,838.5700073242188
2003-02-26,838.5700073242188,827.5499877929688
2003-02-27,827.5499877929688,837.280029296875
2003-02-28,837.280029296875,841.1500244140625
2003-03-03,841.1500244140625,834.8099975585938
2003-03-04,834.8099975585938,821.989990234375
2003-03-05,821.989990234375,829.8499755859375
2003-03-06,829.8499755859375,822.0999755859375
2003-03-07,822.0999755859375,828.8900146484375
2003-03-10,828.8900146484375,807.47998046875
2003-03-11,807.47998046875,800.72998046875
2003-03-12,800.72998046875,804.1900024414062
2003-03-13,804.1900024414062,831.9000244140625
2003-03-14,831.8900146484375,833.27001953125
2003-03-17,833.27001953125,862.7899780273438
2003-03-18,862.7899780273438,866.4500122070312
2003-03-19,866.4500122070312,874.02001953125
2003-03-20,874.02001953125,875.6699829101562
2003-03-21,875.8400268554688,895.7899780273438
2003-03-24,895.7899780273438,864.22998046875
2003-03-25,864.22998046875,874.739990234375
2003-03-26,874.739990234375,869.9500122070312
2003-03-27,869.9500122070312,868.52001953125
2003-03-28,868.52001953125,863.5
2003-03-31,863.5,848.1799926757812
2003-04-01,848.1799926757812,858.47998046875
2003-04-02,858.47998046875,880.9000244140625
2003-04-03,880.9000244140625,876.4500122070312
2003-04-04,876.4500122070312,878.8499755859375
2003-04-07,878.8499755859375,879.9299926757812
2003-04-08,879.9299926757812,878.2899780273438
2003-04-09,878.2899780273438,865.989990234375
2003-04-10,865.989990234375,871.5800170898438
2003-04-11,871.5800170898438,868.2999877929688
2003-04-14,868.2999877929688,885.22998046875
2003-04-15,885.22998046875,890.8099975585938
2003-04-16,890.8099975585938,879.9099731445312
2003-04-17,879.9099731445312,893.5800170898438
2003-04-21,893.5800170898438,892.010009765625
2003-04-22,892.010009765625,911.3699951171875
2003-04-23,911.3699951171875,919.02001953125
2003-04-24,919.02001953125,911.4299926757812
2003-04-25,911.4299926757812,898.8099975585938
2003-04-28,898.8099975585938,914.8400268554688
2003-04-29,914.8400268554688,917.8400268554688
2003-04-30,917.8400268554688,916.9199829101562
2003-05-01,916.9199829101562,916.2999877929688
2003-05-02,916.2999877929688,930.0800170898438
2003-05-05,930.0800170898438,926.5499877929688
2003-05-06,926.5499877929688,934.3900146484375
2003-05-07,934.3900146484375,929.6199951171875
2003-05-08,929.6199951171875,920.27001953125
2003-05-09,920.27001953125,933.4099731445312
2003-05-12,933.4099731445312,945.1099853515625
2003-05-13,945.1099853515625,942.2999877929688
2003-05-14,942.2999877929688,939.280029296875
2003-05-15,939.280029296875,946.6699829101562
2003-05-16,946.6699829101562,944.2999877929688
2003-05-19,944.2999877929688,920.77001953125
2003-05-20,920.77001953125,919.72998046875
2003-05-21,919.72998046875,923.4199829101562
2003-05-22,923.4199829101562,931.8699951171875
2003-05-23,931.8699951171875,933.219970703125
2003-05-27,933.219970703125,951.47998046875
2003-05-28,951.47998046875,953.219970703125
2003-05-29,953.219970703125,949.6400146484375
2003-05-30,949.6400146484375,963.5900268554688
2003-06-02,963.5900268554688,967.0
2003-06-03,967.0,971.5599975585938
2003-06-04,971.5599975585938,986.239990234375
2003-06-05,986.239990234375,990.1400146484375
2003-06-06,990.1400146484375,987.760009765625
2003-06-09,987.760009765625,975.9299926757812
2003-06-10,975.9299926757812,984.8400268554688
2003-06-11,984.8400268554688,997.47998046875
2003-06-12,997.47998046875,998.510009765625
2003-06-13,998.510009765625,988.6099853515625
2003-06-16,988.6099853515625,1010.739990234375
2003-06-17,1010.739990234375,1011.6599731445312
2003-06-18,1011.6599731445312,1010.0900268554688
2003-06-19,1010.0900268554688,994.7000122070312
2003-06-20,994.7000122070312,995.6900024414062
2003-06-23,995.6900024414062,981.6400146484375
2003-06-24,981.6400146484375,983.4500122070312
2003-06-25,983.4500122070312,975.3200073242188
2003-06-26,975.3200073242188,985.8200073242188
2003-06-27,985.8200073242188,976.219970703125
2003-06-30,976.219970703125,974.5
2003-07-01,974.5,982.3200073242188
2003-07-02,982.3200073242188,993.75
2003-07-03,993.75,985.7000122070312
2003-07-07,985.7000122070312,1004.4199829101562
2003-07-08,1004.4199829101562,1007.8400268554688
2003-07-09,1007.8400268554688,1002.2100219726562
2003-07-10,1002.2100219726562,988.7000122070312
2003-07-11,988.7000122070312,998.1400146484375
2003-07-14,998.1400146484375,1003.8599853515625
2003-07-15,1003.8599853515625,1000.4199829101562
2003-07-16,1000.4199829101562,994.0900268554688
2003-07-17,994.0,981.72998046875
2003-07-18,981.72998046875,993.3200073242188
2003-07-21,993.3200073242188,978.7999877929688
2003-07-22,978.7999877929688,988.1099853515625
2003-07-23,988.1099853515625,988.6099853515625
2003-07-24,988.6099853515625,981.5999755859375
2003-07-25,981.5999755859375,998.6799926757812
2003-07-28,998.6799926757812,996.52001953125
2003-07-29,996.52001953125,989.280029296875
2003-07-30,989.280029296875,987.489990234375
2003-07-31,987.489990234375,990.3099975585938
2003-08-01,990.3099975585938,980.1500244140625
2003-08-04,980.1500244140625,982.8200073242188
2003-08-05,982.8200073242188,965.4600219726562
2003-08-06,965.4600219726562,967.0800170898438
2003-08-07,967.0800170898438,974.1199951171875
2003-08-08,974.1199951171875,977.5900268554688
2003-08-11,977.5900268554688,980.5900268554688
2003-08-12,980.5900268554688,990.3499755859375
2003-08-13,990.3499755859375,984.030029296875
2003-08-14,984.030029296875,990.510009765625
2003-08-15,990.510009765625,990.6699829101562
2003-08-18,990.6699829101562,999.739990234375
2003-08-19,999.739990234375,1002.3499755859375
2003-08-20,1002.3499755859375,1000.2999877929688
2003-08-21,1000.2999877929688,1003.27001953125
2003-08-22,1003.27001953125,993.0599975585938
2003-08-25,993.0599975585938,993.7100219726562
2003-08-26,993.7100219726562,996.72998046875
2003-08-27,996.72998046875,996.7899780273438
2003-08-28,996.7899780273438,1002.8400268554688
2003-08-29,1002.8400268554688,1008.010009765625
2003-09-02,1008.010009765625,1021.989990234375
2003-09-03,1021.989990234375,1026.27001953125
2003-09-04,1026.27001953125,1027.969970703125
2003-09-05,1027.969970703125,1021.3900146484375
2003-09-08,1021.3900146484375,1031.6400146484375
2003-09-09,1031.6400146484375,1023.1699829101562
2003-09-10,1023.1699829101562,1010.9199829101562
2003-09-11,1010.9199829101562,1016.4199829101562
2003-09-12,1016.4199829101562,1018.6300048828125
2003-09-15,1018.6300048828125,1014.8099975585938
2003-09-16,1014.8099975585938,1029.3199462890625
2003-09-17,1029.3199462890625,1025.969970703125
2003-09-18,1025.969970703125,1039.5799560546875
2003-09-19,1039.5799560546875,1036.300048828125
2003-09-22,1036.300048828125,1022.8200073242188
2003-09-23,1022.8200073242188,1029.030029296875
2003-09-24,1029.030029296875,1009.3800048828125
2003-09-25,1009.3800048828125,1003.27001953125
2003-09-26,1003.27001953125,996.8499755859375
2003-09-29,996.8499755859375,1006.5800170898438
2003-09-30,1006.5800170898438,995.969970703125
2003-10-01,995.969970703125,1018.219970703125
2003-10-02,1018.219970703125,1020.239990234375
2003-10-03,1020.239990234375,1029.8499755859375
2003-10-06,1029.8499755859375,1034.3499755859375
2003-10-07,1034.3499755859375,1039.25
2003-10-08,1039.25,1033.780029296875
2003-10-09,1033.780029296875,1038.72998046875
2003-10-10,1038.72998046875,1038.06005859375
2003-10-13,1038.06005859375,1045.3499755859375
2003-10-14,1045.3499755859375,1049.47998046875
2003-10-15,1049.47998046875,1046.760009765625
2003-10-16,1046.760009765625,1050.0699462890625
2003-10-17,1050.0699462890625,1039.3199462890625
2003-10-20,1039.3199462890625,1044.6800537109375
2003-10-21,1044.6800537109375,1046.030029296875
2003-10-22,1046.030029296875,1030.3599853515625
2003-10-23,1030.3599853515625,1033.77001953125
2003-10-24,1033.77001953125,1028.9100341796875
2003-10-27,1028.9100341796875,1031.1300048828125
2003-10-28,1031.1300048828125,1046.7900390625
2003-10-29,1046.7900390625,1048.1099853515625
2003-10-30,1048.1099853515625,1046.93994140625
2003-10-31,1046.93994140625,1050.7099609375
2003-11-03,1050.7099609375,1059.02001953125
2003-11-04,1059.02001953125,1053.25
2003-11-05,1053.25,1051.81005859375
2003-11-06,1051.81005859375,1058.050048828125
2003-11-07,1058.050048828125,1053.2099609375
2003-11-10,1053.2099609375,1047.1099853515625
2003-11-11,1047.1099853515625,1046.5699462890625
2003-11-12,1046.5699462890625,1058.530029296875
2003-11-13,1058.56005859375,1058.4100341796875
2003-11-14,1058.4100341796875,1050.3499755859375
2003-11-17,1050.3499755859375,1043.6300048828125
2003-11-18,1043.6300048828125,1034.1500244140625
2003-11-19,1034.1500244140625,1042.43994140625
2003-11-20,1042.43994140625,1033.6500244140625
2003-11-21,1033.6500244140625,1035.280029296875
2003-11-24,1035.280029296875,1052.0799560546875
2003-11-25,1052.0799560546875,1053.8900146484375
2003-11-26,1053.8900146484375,1058.449951171875
2003-11-28,1058.449951171875,1058.199951171875
2003-12-01,1058.199951171875,1070.1199951171875
2003-12-02,1070.1199951171875,1066.6199951171875
2003-12-03,1066.6199951171875,1064.72998046875
2003-12-04,1064.72998046875,1069.719970703125
2003-12-05,1069.719970703125,1061.5
2003-12-08,1061.5,1069.300048828125
2003-12-09,1069.300048828125,1060.1800537109375
2003-12-10,1060.1800537109375,1059.050048828125
2003-12-11,1059.050048828125,1071.2099609375
2003-12-12,1071.2099609375,1074.1400146484375
2003-12-15,1074.1400146484375,1068.0400390625
2003-12-16,1068.0400390625,1075.1300048828125
2003-12-17,1075.1300048828125,1076.47998046875
2003-12-18,1076.47998046875,1089.1800537109375
2003-12-19,1089.1800537109375,1088.6600341796875
2003-12-22,1088.6600341796875,1092.93994140625
2003-12-23,1092.93994140625,1096.02001953125
2003-12-24,1096.02001953125,1094.0400390625
2003-12-26,1094.0400390625,1095.8900146484375
2003-12-29,1095.8900146484375,1109.47998046875
2003-12-30,1109.47998046875,1109.6400146484375
2003-12-31,1109.6400146484375,1111.9200439453125
2004-01-02,1111.9200439453125,1108.47998046875
2004-01-05,1108.47998046875,1122.219970703125
2004-01-06,1122.219970703125,1123.6700439453125
2004-01-07,1123.6700439453125,1126.3299560546875
2004-01-08,1126.3299560546875,1131.9200439453125
2004-01-09,1131.9200439453125,1121.8599853515625
2004-01-12,1121.8599853515625,1127.22998046875
2004-01-13,1127.22998046875,1121.219970703125
2004-01-14,1121.219970703125,1130.52001953125
2004-01-15,1130.52001953125,1132.050048828125
2004-01-16,1132.050048828125,1139.8299560546875
2004-01-20,1139.8299560546875,1138.77001953125
2004-01-21,1138.77001953125,1147.6199951171875
2004-01-22,1147.6199951171875,1143.93994140625
2004-01-23,1143.93994140625,1141.550048828125
2004-01-26,1141.550048828125,1155.3699951171875
2004-01-27,1155.3699951171875,1144.050048828125
2004-01-28,1144.050048828125,1128.47998046875
2004-01-29,1128.47998046875,1134.1099853515625
2004-01-30,1134.1099853515625,1131.1300048828125
2004-02-02,1131.1300048828125,1135.260009765625
2004-02-03,1135.260009765625,1136.030029296875
2004-02-04,1136.030029296875,1126.52001953125
2004-02-05,1126.52001953125,1128.5899658203125
2004-02-06,1128.5899658203125,1142.760009765625
2004-02-09,1142.760009765625,1139.81005859375
2004-02-10,1139.81005859375,1145.5400390625
2004-02-11,1145.5400390625,1157.760009765625
2004-02-12,1157.760009765625,1152.1099853515625
2004-02-13,1152.1099853515625,1145.81005859375
2004-02-17,1145.81005859375,1156.989990234375
2004-02-18,1156.989990234375,1151.8199462890625
2004-02-19,1151.8199462890625,1147.06005859375
2004-02-20,1147.06005859375,1144.1099853515625
2004-02-23,1144.1099853515625,1140.989990234375
2004-02-24,1140.989990234375,1139.0899658203125
2004-02-25,1139.0899658203125,1143.6700439453125
2004-02-26,1143.6700439453125,1144.9100341796875
2004-02-27,1145.800048828125,1144.93994140625
2004-03-01,1144.93994140625,1155.969970703125
2004-03-02,1155.969970703125,1149.0999755859375
2004-03-03,1149.0999755859375,1151.030029296875
2004-03-04,1151.030029296875,1154.8699951171875
2004-03-05,1154.8699951171875,1156.8599853515625
2004-03-08,1156.8599853515625,1147.199951171875
2004-03-09,1147.199951171875,1140.5799560546875
2004-03-10,1140.5799560546875,1123.8900146484375
2004-03-11,1123.8900146484375,1106.780029296875
2004-03-12,1106.780029296875,1120.5699462890625
2004-03-15,1120.5699462890625,1104.489990234375
2004-03-16,1104.489990234375,1110.699951171875
2004-03-17,1110.699951171875,1123.75
2004-03-18,1123.75,1122.3199462890625
2004-03-19,1122.3199462890625,1109.780029296875
2004-03-22,1109.780029296875,1095.4000244140625
2004-03-23,1095.4000244140625,1093.949951171875
2004-03-24,1093.949951171875,1091.3299560546875
2004-03-25,1091.3299560546875,1109.18994140625
2004-03-26,1109.18994140625,1108.06005859375
2004-03-29,1108.06005859375,1122.469970703125
2004-03-30,1122.469970703125,1127.0
2004-03-31,1127.0,1126.2099609375
2004-04-01,1126.2099609375,1132.1700439453125
2004-04-02,1132.1700439453125,1141.81005859375
2004-04-05,1141.81005859375,1150.5699462890625
2004-04-06,1150.5699462890625,1148.1600341796875
2004-04-07,1148.1600341796875,1140.530029296875
2004-04-08,1140.530029296875,1139.3199462890625
2004-04-12,1139.3199462890625,1145.199951171875
2004-04-13,1145.199951171875,1129.43994140625
2004-04-14,1129.43994140625,1128.1700439453125
2004-04-15,1128.1700439453125,1128.8399658203125
2004-04-16,1128.8399658203125,1134.6099853515625
2004-04-19,1134.56005859375,1135.8199462890625
2004-04-20,1135.8199462890625,1118.1500244140625
2004-04-21,1118.1500244140625,1124.0899658203125
2004-04-22,1124.0899658203125,1139.9300537109375
2004-04-23,1139.9300537109375,1140.5999755859375
2004-04-26,1140.5999755859375,1135.530029296875
2004-04-27,1135.530029296875,1138.1099853515625
2004-04-28,1138.1099853515625,1122.4100341796875
2004-04-29,1122.4100341796875,1113.8900146484375
2004-04-30,1113.8900146484375,1107.300048828125
2004-05-03,1107.300048828125,1117.489990234375
2004-05-04,1117.489990234375,1119.550048828125
2004-05-05,1119.550048828125,1121.530029296875
2004-05-06,1121.530029296875,1113.989990234375
2004-05-07,1113.989990234375,1098.699951171875
2004-05-10,1098.699951171875,1087.1199951171875
2004-05-11,1087.1199951171875,1095.449951171875
2004-05-12,1095.449951171875,1097.280029296875
2004-05-13,1097.280029296875,1096.43994140625
2004-05-14,1096.43994140625,1095.699951171875
2004-05-17,1095.699951171875,1084.0999755859375
2004-05-18,1084.0999755859375,1091.489990234375
2004-05-19,1091.489990234375,1088.6800537109375
2004-05-20,1088.6800537109375,1089.18994140625
2004-05-21,1089.18994140625,1093.56005859375
2004-05-24,1093.56005859375,1095.4100341796875
2004-05-25,1095.4100341796875,1113.050048828125
2004-05-26,1113.050048828125,1114.93994140625
2004-05-27,1114.93994140625,1121.280029296875
2004-05-28,1121.280029296875,1120.6800537109375
2004-06-01,1120.6800537109375,1121.199951171875
2004-06-02,1121.199951171875,1124.989990234375
2004-06-03,1124.989990234375,1116.6400146484375
2004-06-04,1116.6400146484375,1122.5
2004-06-07,1122.5,1140.4200439453125
2004-06-08,1140.4200439453125,1142.1800537109375
2004-06-09,1142.1800537109375,1131.3299560546875
2004-06-10,1131.3299560546875,1136.469970703125
2004-06-14,1136.469970703125,1125.2900390625
2004-06-15,1125.2900390625,1132.010009765625
2004-06-16,1132.010009765625,1133.56005859375
2004-06-17,1133.56005859375,1132.050048828125
2004-06-18,1132.050048828125,1135.02001953125
2004-06-21,1135.02001953125,1130.300048828125
2004-06-22,1130.300048828125,1134.4100341796875
2004-06-23,1134.4100341796875,1144.06005859375
2004-06-24,1144.06005859375,1140.6500244140625
2004-06-25,1140.6500244140625,1134.4300537109375
2004-06-28,1134.4300537109375,1133.3499755859375
2004-06-29,1133.3499755859375,1136.199951171875
2004-06-30,1136.199951171875,1140.8399658203125
2004-07-01,1140.8399658203125,1128.93994140625
2004-07-02,1128.93994140625,1125.3800048828125
2004-07-06,1125.3800048828125,1116.2099609375
2004-07-07,1116.2099609375,1118.3299560546875
2004-07-08,1118.3299560546875,1109.1099853515625
2004-07-09,1109.1099853515625,1112.81005859375
2004-07-12,1112.81005859375,1114.3499755859375
2004-07-13,1114.3499755859375,1115.1400146484375
2004-07-14,1115.1400146484375,1111.469970703125
2004-07-15,1111.469970703125,1106.68994140625
2004-07-16,1106.68994140625,1101.3900146484375
2004-07-19,1101.3900146484375,1100.9000244140625
2004-07-20,1100.9000244140625,1108.6700439453125
2004-07-21,1108.6700439453125,1093.8800048828125
2004-07-22,1093.8800048828125,1096.8399658203125
2004-07-23,1096.8399658203125,1086.199951171875
2004-07-26,1086.199951171875,1084.0699462890625
2004-07-27,1084.0699462890625,1094.8299560546875
2004-07-28,1094.8299560546875,1095.4200439453125
2004-07-29,1095.4200439453125,1100.4300537109375
2004-07-30,1100.4300537109375,1101.719970703125
2004-08-02,1101.719970703125,1106.6199951171875
2004-08-03,1106.6199951171875,1099.68994140625
2004-08-04,1099.68994140625,1098.6300048828125
2004-08-05,1098.6300048828125,1080.699951171875
2004-08-06,1080.699951171875,1063.969970703125
2004-08-09,1063.969970703125,1065.219970703125
2004-08-10,1065.219970703125,1079.0400390625
2004-08-11,1079.0400390625,1075.7900390625
2004-08-12,1075.7900390625,1063.22998046875
2004-08-13,1063.22998046875,1064.800048828125
2004-08-16,1064.800048828125,1079.3399658203125
2004-08-17,1079.3399658203125,1081.7099609375
2004-08-18,1081.7099609375,1095.1700439453125
2004-08-19,1095.1700439453125,1091.22998046875
2004-08-20,1091.22998046875,1098.3499755859375
2004-08-23,1098.3499755859375,1095.6800537109375
2004-08-24,1095.6800537109375,1096.18994140625
2004-08-25,1096.18994140625,1104.9599609375
2004-08-26,1104.9599609375,1105.0899658203125
2004-08-27,1105.0899658203125,1107.77001953125
2004-08-30,1107.77001953125,1099.1500244140625
2004-08-31,1099.1500244140625,1104.239990234375
2004-09-01,1104.239990234375,1105.9100341796875
2004-09-02,1105.9100341796875,1118.31005859375
2004-09-03,1118.31005859375,1113.6300048828125
2004-09-07,1113.6300048828125,1121.300048828125
2004-09-08,1121.300048828125,1116.27001953125
2004-09-09,1116.27001953125,1118.3800048828125
2004-09-10,1118.3800048828125,1123.9200439453125
2004-09-13,1123.9200439453125,1125.8199462890625
2004-09-14,1125.8199462890625,1128.3299560546875
2004-09-15,1128.3299560546875,1120.3699951171875
2004-09-16,1120.3699951171875,1123.5
2004-09-17,1123.5,1128.550048828125
2004-09-20,1128.550048828125,1122.199951171875
2004-09-21,1122.199951171875,1129.300048828125
2004-09-22,1129.300048828125,1113.56005859375
2004-09-23,1113.56005859375,1108.3599853515625
2004-09-24,1108.3599853515625,1110.1099853515625
2004-09-27,1110.1099853515625,1103.52001953125
2004-09-28,1103.52001953125,1110.06005859375
2004-09-29,1110.06005859375,1114.800048828125
2004-09-30,1114.800048828125,1114.5799560546875
2004-10-01,1114.5799560546875,1131.5
2004-10-04,1131.5,1135.1700439453125
2004-10-05,1135.1700439453125,1134.47998046875
2004-10-06,1134.47998046875,1142.050048828125
2004-10-07,1142.050048828125,1130.6500244140625
2004-10-08,1130.6500244140625,1122.1400146484375
2004-10-11,1122.1400146484375,1124.3900146484375
2004-10-12,1124.3900146484375,1121.8399658203125
2004-10-13,1121.8399658203125,1113.6500244140625
2004-10-14,1113.6500244140625,1103.2900390625
2004-10-15,1103.2900390625,1108.199951171875
2004-10-18,1108.199951171875,1114.02001953125
2004-10-19,1114.02001953125,1103.22998046875
2004-10-20,1103.22998046875,1103.6600341796875
2004-10-21,1103.6600341796875,1106.489990234375
2004-10-22,1106.489990234375,1095.739990234375
2004-10-25,1095.739990234375,1094.800048828125
2004-10-26,1094.81005859375,1111.0899658203125
2004-10-27,1111.0899658203125,1125.4000244140625
2004-10-28,1125.3399658203125,1127.43994140625
2004-10-29,1127.43994140625,1130.199951171875
2004-11-01,1130.199951171875,1130.510009765625
2004-11-02,1130.510009765625,1130.56005859375
2004-11-03,1130.5400390625,1143.199951171875
2004-11-04,1143.199951171875,1161.6700439453125
2004-11-05,1161.6700439453125,1166.1700439453125
2004-11-08,1166.1700439453125,1164.8900146484375
2004-11-09,1164.8900146484375,1164.0799560546875
2004-11-10,1164.0799560546875,1162.9100341796875
2004-11-11,1162.9100341796875,1173.47998046875
2004-11-12,1173.47998046875,1184.1700439453125
2004-11-15,1184.1700439453125,1183.81005859375
2004-11-16,1183.81005859375,1175.4300537109375
2004-11-17,1175.4300537109375,1181.93994140625
2004-11-18,1181.93994140625,1183.550048828125
2004-11-19,1183.550048828125,1170.3399658203125
2004-11-22,1170.3399658203125,1177.239990234375
2004-11-23,1177.239990234375,1176.93994140625
2004-11-24,1176.93994140625,1181.760009765625
2004-11-26,1181.760009765625,1182.6500244140625
2004-11-29,1182.6500244140625,1178.5699462890625
2004-11-30,1178.5699462890625,1173.8199462890625
2004-12-01,1173.780029296875,1191.3699951171875
2004-12-02,1191.3699951171875,1190.3299560546875
2004-12-03,1190.3299560546875,1191.1700439453125
2004-12-06,1191.1700439453125,1190.25
2004-12-07,1190.25,1177.0699462890625
2004-12-08,1177.0699462890625,1182.81005859375
2004-12-09,1182.81005859375,1189.239990234375
2004-12-10,1189.239990234375,1188.0
2004-12-13,1188.0,1198.6800537109375
2004-12-14,1198.6800537109375,1203.3800048828125
2004-12-15,1203.3800048828125,1205.719970703125
2004-12-16,1205.719970703125,1203.2099609375
2004-12-17,1203.2099609375,1194.199951171875
2004-12-20,1194.199951171875,1194.6500244140625
2004-12-21,1194.6500244140625,1205.449951171875
2004-12-22,1205.449951171875,1209.5699462890625
2004-12-23,1209.5699462890625,1210.1300048828125
2004-12-27,1210.1300048828125,1204.9200439453125
2004-12-28,1204.9200439453125,1213.5400390625
2004-12-29,1213.5400390625,1213.449951171875
2004-12-30,1213.449951171875,1213.550048828125
2004-12-31,1213.550048828125,1211.9200439453125
2005-01-03,1211.9200439453125,1202.0799560546875
2005-01-04,1202.0799560546875,1188.050048828125
2005-01-05,1188.050048828125,1183.739990234375
2005-01-06,1183.739990234375,1187.8900146484375
2005-01-07,1187.8900146484375,1186.18994140625
2005-01-10,1186.18994140625,1190.25
2005-01-11,1190.25,1182.989990234375
2005-01-12,1182.989990234375,1187.699951171875
2005-01-13,1187.699951171875,1177.449951171875
2005-01-14,1177.449951171875,1184.52001953125
2005-01-18,1184.52001953125,1195.97998046875
2005-01-19,1195.97998046875,1184.6300048828125
2005-01-20,1184.6300048828125,1175.4100341796875
2005-01-21,1175.4100341796875,1167.8699951171875
2005-01-24,1167.8699951171875,1163.75
2005-01-25,1163.75,1168.4100341796875
2005-01-26,1168.4100341796875,1174.0699462890625
2005-01-27,1174.0699462890625,1174.550048828125
2005-01-28,1174.550048828125,1171.3599853515625
2005-01-31,1171.3599853515625,1181.27001953125
2005-02-01,1181.27001953125,1189.4100341796875
2005-02-02,1189.4100341796875,1193.18994140625
2005-02-03,1193.18994140625,1189.8900146484375
2005-02-04,1189.8900146484375,1203.030029296875
2005-02-07,1203.030029296875,1201.719970703125
2005-02-08,1201.719970703125,1202.300048828125
2005-02-09,1202.300048828125,1191.989990234375
2005-02-10,1191.989990234375,1197.010009765625
2005-02-11,1197.010009765625,1205.300048828125
2005-02-14,1205.300048828125,1206.1400146484375
2005-02-15,1206.1400146484375,1210.1199951171875
2005-02-16,1210.1199951171875,1210.3399658203125
2005-02-17,1210.3399658203125,1200.75
2005-02-18,1200.75,1201.5899658203125
2005-02-22,1201.5899658203125,1184.1600341796875
2005-02-23,1184.1600341796875,1190.800048828125
2005-02-24,1190.800048828125,1200.199951171875
2005-02-25,1200.199951171875,1211.3699951171875
2005-02-28,1211.3699951171875,1203.5999755859375
2005-03-01,1203.5999755859375,1210.4100341796875
2005-03-02,1210.4100341796875,1210.0799560546875
2005-03-03,1210.0799560546875,1210.469970703125
2005-03-04,1210.469970703125,1222.1199951171875
2005-03-07,1222.1199951171875,1225.31005859375
2005-03-08,1225.31005859375,1219.4300537109375
2005-03-09,1219.4300537109375,1207.010009765625
2005-03-10,1207.010009765625,1209.25
2005-03-11,1209.25,1200.0799560546875
2005-03-14,1200.0799560546875,1206.8299560546875
2005-03-15,1206.8299560546875,1197.75
2005-03-16,1197.75,1188.0699462890625
2005-03-17,1188.0699462890625,1190.2099609375
2005-03-18,1190.2099609375,1189.6500244140625
2005-03-21,1189.6500244140625,1183.780029296875
2005-03-22,1183.780029296875,1171.7099609375
2005-03-23,1171.7099609375,1172.530029296875
2005-03-24,1172.530029296875,1171.4200439453125
2005-03-28,1171.4200439453125,1174.280029296875
2005-03-29,1174.280029296875,1165.3599853515625
2005-03-30,1165.3599853515625,1181.4100341796875
2005-03-31,1181.4100341796875,1180.5899658203125
2005-04-01,1180.5899658203125,1172.9200439453125
2005-04-04,1172.7900390625,1176.1199951171875
2005-04-05,1176.1199951171875,1181.3900146484375
2005-04-06,1181.3900146484375,1184.0699462890625
2005-04-07,1184.0699462890625,1191.1400146484375
2005-04-08,1191.1400146484375,1181.199951171875
2005-04-11,1181.199951171875,1181.2099609375
2005-04-12,1181.2099609375,1187.760009765625
2005-04-13,1187.760009765625,1173.7900390625
2005-04-14,1173.7900390625,1162.050048828125
2005-04-15,1162.050048828125,1142.6199951171875
2005-04-18,1142.6199951171875,1145.97998046875
2005-04-19,1145.97998046875,1152.780029296875
2005-04-20,1152.780029296875,1137.5
2005-04-21,1137.5,1159.949951171875
2005-04-22,1159.949951171875,1152.1199951171875
2005-04-25,1152.1199951171875,1162.0999755859375
2005-04-26,1162.0999755859375,1151.8299560546875
2005-04-27,1151.739990234375,1156.3800048828125
2005-04-28,1156.3800048828125,1143.219970703125
2005-04-29,1143.219970703125,1156.8499755859375
2005-05-02,1156.8499755859375,1162.1600341796875
2005-05-03,1162.1600341796875,1161.1700439453125
2005-05-04,1161.1700439453125,1175.6500244140625
2005-05-05,1175.6500244140625,1172.6300048828125
2005-05-06,1172.6300048828125,1171.3499755859375
2005-05-09,1171.3499755859375,1178.8399658203125
2005-05-10,1178.8399658203125,1166.219970703125
2005-05-11,1166.219970703125,1171.1099853515625
2005-05-12,1171.1099853515625,1159.3599853515625
2005-05-13,1159.3599853515625,1154.050048828125
2005-05-16,1154.050048828125,1165.68994140625
2005-05-17,1165.68994140625,1173.800048828125
2005-05-18,1173.800048828125,1185.56005859375
2005-05-19,1185.56005859375,1191.0799560546875
2005-05-20,1191.0799560546875,1189.280029296875
2005-05-23,1189.280029296875,1193.8599853515625
2005-05-24,1193.8599853515625,1194.0699462890625
2005-05-25,1194.0699462890625,1190.010009765625
2005-05-26,1190.010009765625,1197.6199951171875
2005-05-27,1197.6199951171875,1198.780029296875
2005-05-31,1198.780029296875,1191.5
2005-06-01,1191.5,1202.219970703125
2005-06-02,1202.27001953125,1204.2900390625
2005-06-03,1204.2900390625,1196.02001953125
2005-06-06,1196.02001953125,1197.510009765625
2005-06-07,1197.510009765625,1197.260009765625
2005-06-08,1197.260009765625,1194.6700439453125
2005-06-09,1194.6700439453125,1200.9300537109375
2005-06-10,1200.9300537109375,1198.1099853515625
2005-06-13,1198.1099853515625,1200.8199462890625
2005-06-14,1200.8199462890625,1203.9100341796875
2005-06-15,1203.9100341796875,1206.5799560546875
2005-06-16,1206.550048828125,1210.9599609375
2005-06-17,1210.9300537109375,1216.9599609375
2005-06-20,1216.9599609375,1216.0999755859375
2005-06-21,1216.0999755859375,1213.6099853515625
2005-06-22,1213.6099853515625,1213.8800048828125
2005-06-23,1213.8800048828125,1200.72998046875
2005-06-24,1200.72998046875,1191.5699462890625
2005-06-27,1191.5699462890625,1190.68994140625
2005-06-28,1190.68994140625,1201.5699462890625
2005-06-29,1201.5699462890625,1199.8499755859375
2005-06-30,1199.8499755859375,1191.3299560546875
2005-07-01,1191.3299560546875,1194.43994140625
2005-07-05,1194.43994140625,1204.989990234375
2005-07-06,1204.989990234375,1194.93994140625
2005-07-07,1194.93994140625,1197.8699951171875
2005-07-08,1197.8699951171875,1211.8599853515625
2005-07-11,1211.8599853515625,1219.43994140625
2005-07-12,1219.43994140625,1222.2099609375
2005-07-13,1222.2099609375,1223.2900390625
2005-07-14,1223.2900390625,1226.5
2005-07-15,1226.5,1227.9200439453125
2005-07-18,1227.9200439453125,1221.1300048828125
2005-07-19,1221.1300048828125,1229.3499755859375
2005-07-20,1229.3499755859375,1235.199951171875
2005-07-21,1235.199951171875,1227.0400390625
2005-07-22,1227.0400390625,1233.6800537109375
2005-07-25,1233.6800537109375,1229.030029296875
2005-07-26,1229.030029296875,1231.1600341796875
2005-07-27,1231.1600341796875,1236.7900390625
2005-07-28,1236.7900390625,1243.719970703125
2005-07-29,1243.719970703125,1234.1800537109375
2005-08-01,1234.1800537109375,1235.3499755859375
2005-08-02,1235.3499755859375,1244.1199951171875
2005-08-03,1244.1199951171875,1245.0400390625
2005-08-04,1245.0400390625,1235.8599853515625
2005-08-05,1235.8599853515625,1226.4200439453125
2005-08-08,1226.4200439453125,1223.1300048828125
2005-08-09,1223.1300048828125,1231.3800048828125
2005-08-10,1231.3800048828125,1229.1300048828125
2005-08-11,1229.1300048828125,1237.81005859375
2005-08-12,1237.81005859375,1230.3900146484375
2005-08-15,1230.4000244140625,1233.8699951171875
2005-08-16,1233.8699951171875,1219.3399658203125
2005-08-17,1219.3399658203125,1220.239990234375
2005-08-18,1220.239990234375,1219.02001953125
2005-08-19,1219.02001953125,1219.7099609375
2005-08-22,1219.7099609375,1221.72998046875
2005-08-23,1221.72998046875,1217.5899658203125
2005-08-24,1217.5699462890625,1209.5899658203125
2005-08-25,1209.5899658203125,1212.3699951171875
2005-08-26,1212.4000244140625,1205.0999755859375
2005-08-29,1205.0999755859375,1212.280029296875
2005-08-30,1212.280029296875,1208.4100341796875
2005-08-31,1208.4100341796875,1220.3299560546875
2005-09-01,1220.3299560546875,1221.5899658203125
2005-09-02,1221.5899658203125,1218.02001953125
2005-09-06,1218.02001953125,1233.3900146484375
2005-09-07,1233.3900146484375,1236.3599853515625
2005-09-08,1236.3599853515625,1231.6700439453125
2005-09-09,1231.6700439453125,1241.47998046875
2005-09-12,1241.47998046875,1240.56005859375
2005-09-13,1240.5699462890625,1231.199951171875
2005-09-14,1231.199951171875,1227.1600341796875
2005-09-15,1227.1600341796875,1227.72998046875
2005-09-16,1228.4200439453125,1237.9100341796875
2005-09-19,1237.9100341796875,1231.02001953125
2005-09-20,1231.02001953125,1221.3399658203125
2005-09-21,1221.3399658203125,1210.199951171875
2005-09-22,1210.199951171875,1214.6199951171875
2005-09-23,1214.6199951171875,1215.2900390625
2005-09-26,1215.2900390625,1215.6300048828125
2005-09-27,1215.6300048828125,1215.6600341796875
2005-09-28,1215.6600341796875,1216.8900146484375
2005-09-29,1216.8900146484375,1227.6800537109375
2005-09-30,1227.6800537109375,1228.81005859375
2005-10-03,1228.81005859375,1226.699951171875
2005-10-04,1226.699951171875,1214.469970703125
2005-10-05,1214.469970703125,1196.3900146484375
2005-10-06,1196.3900146484375,1191.489990234375
2005-10-07,1191.489990234375,1195.9000244140625
2005-10-10,1195.9000244140625,1187.3299560546875
2005-10-11,1187.3299560546875,1184.8699951171875
2005-10-12,1184.8699951171875,1177.6800537109375
2005-10-13,1177.6800537109375,1176.8399658203125
2005-10-14,1176.8399658203125,1186.5699462890625
2005-10-17,1186.5699462890625,1190.0999755859375
2005-10-18,1190.0999755859375,1178.1400146484375
2005-10-19,1178.1400146484375,1195.760009765625
2005-10-20,1195.760009765625,1177.800048828125
2005-10-21,1177.800048828125,1179.5899658203125
2005-10-24,1179.5899658203125,1199.3800048828125
2005-10-25,1199.3800048828125,1196.5400390625
2005-10-26,1196.5400390625,1191.3800048828125
2005-10-27,1191.3800048828125,1178.9000244140625
2005-10-28,1178.9000244140625,1198.4100341796875
2005-10-31,1198.4100341796875,1207.010009765625
2005-11-01,1207.010009765625,1202.760009765625
2005-11-02,1202.760009765625,1214.760009765625
2005-11-03,1214.760009765625,1219.93994140625
2005-11-04,1219.93994140625,1220.1400146484375
2005-11-07,1220.1400146484375,1222.81005859375
2005-11-08,1222.81005859375,1218.5899658203125
2005-11-09,1218.5899658203125,1220.6500244140625
2005-11-10,1220.6500244140625,1230.9599609375
2005-11-11,1230.9599609375,1234.719970703125
2005-11-14,1234.719970703125,1233.760009765625
2005-11-15,1233.760009765625,1229.010009765625
2005-11-16,1229.010009765625,1231.2099609375
2005-11-17,1231.2099609375,1242.800048828125
2005-11-18,1242.800048828125,1248.27001953125
2005-11-21,1248.27001953125,1254.8499755859375
2005-11-22,1254.8499755859375,1261.22998046875
2005-11-23,1261.22998046875,1265.6099853515625
2005-11-25,1265.6099853515625,1268.25
2005-11-28,1268.25,1257.4599609375
2005-11-29,1257.4599609375,1257.47998046875
2005-11-30,1257.47998046875,1249.47998046875
2005-12-01,1249.47998046875,1264.6700439453125
2005-12-02,1264.6700439453125,1265.0799560546875
2005-12-05,1265.0799560546875,1262.0899658203125
2005-12-06,1262.0899658203125,1263.699951171875
2005-12-07,1263.699951171875,1257.3699951171875
2005-12-08,1257.3699951171875,1255.8399658203125
2005-12-09,1255.8399658203125,1259.3699951171875
2005-12-12,1259.3699951171875,1260.4300537109375
2005-12-13,1260.4300537109375,1267.4300537109375
2005-12-14,1267.4300537109375,1272.739990234375
2005-12-15,1272.739990234375,1270.93994140625
2005-12-16,1270.93994140625,1267.3199462890625
2005-12-19,1267.3199462890625,1259.9200439453125
2005-12-20,1259.9200439453125,1259.6199951171875
2005-12-21,1259.6199951171875,1262.7900390625
2005-12-22,1262.7900390625,1268.1199951171875
2005-12-23,1268.1199951171875,1268.6600341796875
2005-12-27,1268.6600341796875,1256.5400390625
2005-12-28,1256.5400390625,1258.1700439453125
2005-12-29,1258.1700439453125,1254.4200439453125
2005-12-30,1254.4200439453125,1248.2900390625
2006-01-03,1248.2900390625,1268.800048828125
2006-01-04,1268.800048828125,1273.4599609375
2006-01-05,1273.4599609375,1273.47998046875
2006-01-06,1273.47998046875,1285.449951171875
2006-01-09,1285.449951171875,1290.1500244140625
2006-01-10,1290.1500244140625,1289.68994140625
2006-01-11,1289.719970703125,1294.1800537109375
2006-01-12,1294.1800537109375,1286.06005859375
2006-01-13,1286.06005859375,1287.6099853515625
2006-01-17,1287.6099853515625,1282.9300537109375
2006-01-18,1282.9300537109375,1277.9300537109375
2006-01-19,1277.9300537109375,1285.0400390625
2006-01-20,1285.0400390625,1261.489990234375
2006-01-23,1261.489990234375,1263.8199462890625
2006-01-24,1263.8199462890625,1266.8599853515625
2006-01-25,1266.8599853515625,1264.6800537109375
2006-01-26,1264.6800537109375,1273.8299560546875
2006-01-27,1273.8299560546875,1283.719970703125
2006-01-30,1283.719970703125,1285.18994140625
2006-01-31,1285.199951171875,1280.0799560546875
2006-02-01,1280.0799560546875,1282.4599609375
2006-02-02,1282.4599609375,1270.8399658203125
2006-02-03,1270.8399658203125,1264.030029296875
2006-02-06,1264.030029296875,1265.02001953125
2006-02-07,1265.02001953125,1254.780029296875
2006-02-08,1254.780029296875,1265.6500244140625
2006-02-09,1265.6500244140625,1263.780029296875
2006-02-10,1263.8199462890625,1266.989990234375
2006-02-13,1266.989990234375,1262.8599853515625
2006-02-14,1262.8599853515625,1275.530029296875
2006-02-15,1275.530029296875,1280.0
2006-02-16,1280.0,1289.3800048828125
2006-02-17,1289.3800048828125,1287.239990234375
2006-02-21,1287.239990234375,1283.030029296875
2006-02-22,1283.030029296875,1292.6700439453125
2006-02-23,1292.6700439453125,1287.7900390625
2006-02-24,1287.7900390625,1289.4300537109375
2006-02-27,1289.4300537109375,1294.1199951171875
2006-02-28,1294.1199951171875,1280.6600341796875
2006-03-01,1280.6600341796875,1291.239990234375
2006-03-02,1291.239990234375,1289.1400146484375
2006-03-03,1289.1400146484375,1287.22998046875
2006-03-06,1287.22998046875,1278.260009765625
2006-03-07,1278.260009765625,1275.8800048828125
2006-03-08,1275.8800048828125,1278.469970703125
2006-03-09,1278.469970703125,1272.22998046875
2006-03-10,1272.22998046875,1281.4200439453125
2006-03-13,1281.5799560546875,1284.1300048828125
2006-03-14,1284.1300048828125,1297.47998046875
2006-03-15,1297.47998046875,1303.02001953125
2006-03-16,1303.02001953125,1305.3299560546875
2006-03-17,1305.3299560546875,1307.25
2006-03-20,1307.25,1305.0799560546875
2006-03-21,1305.0799560546875,1297.22998046875
2006-03-22,1297.22998046875,1305.0400390625
2006-03-23,1305.0400390625,1301.6700439453125
2006-03-24,1301.6700439453125,1302.949951171875
2006-03-27,1302.949951171875,1301.6099853515625
2006-03-28,1301.6099853515625,1293.22998046875
2006-03-29,1293.22998046875,1302.8900146484375
2006-03-30,1302.8900146484375,1300.25
2006-03-31,1300.25,1294.8699951171875
2006-04-03,1302.8800048828125,1297.81005859375
2006-04-04,1297.81005859375,1305.9300537109375
2006-04-05,1305.9300537109375,1311.56005859375
2006-04-06,1311.56005859375,1309.0400390625
2006-04-07,1309.0400390625,1295.5
2006-04-10,1295.510009765625,1296.6199951171875
2006-04-11,1296.5999755859375,1286.5699462890625
2006-04-12,1286.5699462890625,1288.1199951171875
2006-04-13,1288.1199951171875,1289.1199951171875
2006-04-17,1289.1199951171875,1285.3299560546875
2006-04-18,1285.3299560546875,1307.280029296875
2006-04-19,1307.6500244140625,1309.9300537109375
2006-04-20,1309.9300537109375,1311.4599609375
2006-04-21,1311.4599609375,1311.280029296875
2006-04-24,1311.280029296875,1308.1099853515625
2006-04-25,1308.1099853515625,1301.739990234375
2006-04-26,1301.739990234375,1305.4100341796875
2006-04-27,1305.4100341796875,1309.719970703125
2006-04-28,1309.719970703125,1310.6099853515625
2006-05-01,1310.6099853515625,1305.18994140625
2006-05-02,1305.18994140625,1313.2099609375
2006-05-03,1313.2099609375,1308.1199951171875
2006-05-04,1307.8499755859375,1312.25
2006-05-05,1312.25,1325.760009765625
2006-05-08,1325.760009765625,1324.6600341796875
2006-05-09,1324.6600341796875,1325.1400146484375
2006-05-10,1324.5699462890625,1322.8499755859375
2006-05-11,1322.6300048828125,1305.9200439453125
2006-05-12,1305.8800048828125,1291.239990234375
2006-05-15,1291.18994140625,1294.5
2006-05-16,1294.5,1292.0799560546875
2006-05-17,1291.72998046875,1270.3199462890625
2006-05-18,1270.25,1261.81005859375
2006-05-19,1261.81005859375,1267.030029296875
2006-05-22,1267.030029296875,1262.0699462890625
2006-05-23,1262.06005859375,1256.5799560546875
2006-05-24,1256.56005859375,1258.5699462890625
2006-05-25,1258.4100341796875,1272.8800048828125
2006-05-26,1272.7099609375,1280.1600341796875
2006-05-30,1280.0400390625,1259.8699951171875
2006-05-31,1259.3800048828125,1270.0899658203125
2006-06-01,1270.050048828125,1285.7099609375
2006-06-02,1285.7099609375,1288.219970703125
2006-06-05,1288.1600341796875,1265.2900390625
2006-06-06,1265.22998046875,1263.8499755859375
2006-06-07,1263.6099853515625,1256.1500244140625
2006-06-08,1256.0799560546875,1257.9300537109375
2006-06-09,1257.9300537109375,1252.300048828125
2006-06-12,1252.27001953125,1237.43994140625
2006-06-13,1236.0799560546875,1223.68994140625
2006-06-14,1223.6600341796875,1230.0400390625
2006-06-15,1230.010009765625,1256.1600341796875
2006-06-16,1256.1600341796875,1251.5400390625
2006-06-19,1251.5400390625,1240.1300048828125
2006-06-20,1240.1199951171875,1240.1199951171875
2006-06-21,1240.0899658203125,1252.199951171875
2006-06-22,1251.9200439453125,1245.5999755859375
2006-06-23,1245.5899658203125,1244.5
2006-06-26,1244.5,1250.56005859375
2006-06-27,1250.550048828125,1239.199951171875
2006-06-28,1238.989990234375,1246.0
2006-06-29,1245.93994140625,1272.8699951171875
2006-06-30,1272.8599853515625,1270.199951171875
2006-07-03,1270.06005859375,1280.18994140625
2006-07-05,1280.050048828125,1270.9100341796875
2006-07-06,1270.5799560546875,1274.0799560546875
2006-07-07,1274.0799560546875,1265.47998046875
2006-07-10,1265.4599609375,1267.3399658203125
2006-07-11,1267.260009765625,1272.4300537109375
2006-07-12,1272.3900146484375,1258.5999755859375
2006-07-13,1258.5799560546875,1242.280029296875
2006-07-14,1242.2900390625,1236.199951171875
2006-07-17,1236.199951171875,1234.489990234375
2006-07-18,1234.47998046875,1236.8599853515625
2006-07-19,1236.739990234375,1259.81005859375
2006-07-20,1259.81005859375,1249.1300048828125
2006-07-21,1249.1199951171875,1240.2900390625
2006-07-24,1240.25,1260.9100341796875
2006-07-25,1260.9100341796875,1268.8800048828125
2006-07-26,1268.8699951171875,1268.4000244140625
2006-07-27,1268.199951171875,1263.199951171875
2006-07-28,1263.1500244140625,1278.550048828125
2006-07-31,1278.530029296875,1276.6600341796875
2006-08-01,1278.530029296875,1270.9200439453125
2006-08-02,1270.72998046875,1277.4100341796875
2006-08-03,1278.219970703125,1280.27001953125
2006-08-04,1280.260009765625,1279.3599853515625
2006-08-07,1279.31005859375,1275.77001953125
2006-08-08,1275.6700439453125,1271.47998046875
2006-08-09,1271.1300048828125,1265.949951171875
2006-08-10,1265.719970703125,1271.81005859375
2006-08-11,1271.6400146484375,1266.739990234375
2006-08-14,1266.6700439453125,1268.2099609375
2006-08-15,1268.18994140625,1285.5799560546875
2006-08-16,1285.27001953125,1295.4300537109375
2006-08-17,1295.3699951171875,1297.47998046875
2006-08-18,1297.47998046875,1302.300048828125
2006-08-21,1302.300048828125,1297.52001953125
2006-08-22,1297.52001953125,1298.8199462890625
2006-08-23,1298.72998046875,1292.989990234375
2006-08-24,1292.969970703125,1296.06005859375
2006-08-25,1295.9200439453125,1295.0899658203125
2006-08-28,1295.0899658203125,1301.780029296875
2006-08-29,1301.5699462890625,1304.280029296875
2006-08-30,1303.699951171875,1305.3699951171875
2006-08-31,1304.25,1303.8199462890625
2006-09-01,1303.800048828125,1311.010009765625
2006-09-05,1310.93994140625,1313.25
2006-09-06,1313.0400390625,1300.260009765625
2006-09-07,1300.2099609375,1294.02001953125
2006-09-08,1294.02001953125,1298.9200439453125
2006-09-11,1298.8599853515625,1299.5400390625
2006-09-12,1299.530029296875,1313.0
2006-09-13,1312.739990234375,1318.0699462890625
2006-09-14,1318.0,1316.280029296875
2006-09-15,1316.280029296875,1319.6600341796875
2006-09-18,1319.8499755859375,1321.1800537109375
2006-09-19,1321.1700439453125,1317.6400146484375
2006-09-20,1318.280029296875,1325.1800537109375
2006-09-21,1324.8900146484375,1318.030029296875
2006-09-22,1318.030029296875,1314.780029296875
2006-09-25,1314.780029296875,1326.3699951171875
2006-09-26,1326.3499755859375,1336.3499755859375
2006-09-27,1336.1199951171875,1336.5899658203125
2006-09-28,1336.56005859375,1338.8800048828125
2006-09-29,1339.1500244140625,1335.8499755859375
2006-10-02,1335.8199462890625,1331.3199462890625
2006-10-03,1331.3199462890625,1334.1099853515625
2006-10-04,1333.81005859375,1350.199951171875
2006-10-05,1349.8399658203125,1353.219970703125
2006-10-06,1353.219970703125,1349.5899658203125
2006-10-09,1349.5799560546875,1350.6600341796875
2006-10-10,1350.6199951171875,1353.4200439453125
2006-10-11,1353.280029296875,1349.949951171875
2006-10-12,1349.93994140625,1362.8299560546875
2006-10-13,1362.8199462890625,1365.6199951171875
2006-10-16,1365.6099853515625,1369.06005859375
2006-10-17,1369.050048828125,1364.050048828125
2006-10-18,1363.9300537109375,1365.800048828125
2006-10-19,1365.949951171875,1366.9599609375
2006-10-20,1366.93994140625,1368.5999755859375
2006-10-23,1368.5799560546875,1377.02001953125
2006-10-24,1377.02001953125,1377.3800048828125
2006-10-25,1377.3599853515625,1382.219970703125
2006-10-26,1382.2099609375,1389.0799560546875
2006-10-27,1388.8900146484375,1377.3399658203125
2006-10-30,1377.300048828125,1377.9300537109375
2006-10-31,1377.9300537109375,1377.93994140625
2006-11-01,1377.760009765625,1367.81005859375
2006-11-02,1367.43994140625,1367.3399658203125
2006-11-03,1367.31005859375,1364.300048828125
2006-11-06,1364.27001953125,1379.780029296875
2006-11-07,1379.75,1382.8399658203125
2006-11-08,1382.5,1385.719970703125
2006-11-09,1385.4300537109375,1378.3299560546875
2006-11-10,1378.3299560546875,1380.9000244140625
2006-11-13,1380.5799560546875,1384.4200439453125
2006-11-14,1384.3599853515625,1393.219970703125
2006-11-15,1392.9100341796875,1396.5699462890625
2006-11-16,1396.530029296875,1399.760009765625
2006-11-17,1399.760009765625,1401.199951171875
2006-11-20,1401.1700439453125,1400.5
2006-11-21,1400.4300537109375,1402.81005859375
2006-11-22,1402.68994140625,1406.0899658203125
2006-11-24,1405.93994140625,1400.949951171875
2006-11-27,1400.949951171875,1381.9599609375
2006-11-28,1381.6099853515625,1386.719970703125
2006-11-29,1386.1099853515625,1399.47998046875
2006-11-30,1399.469970703125,1400.6300048828125
2006-12-01,1400.6300048828125,1396.7099609375
2006-12-04,1396.6700439453125,1409.1199951171875
2006-12-05,1409.0999755859375,1414.760009765625
2006-12-06,1414.4000244140625,1412.9000244140625
2006-12-07,1412.8599853515625,1407.2900390625
2006-12-08,1407.27001953125,1409.8399658203125
2006-12-11,1409.81005859375,1413.0400390625
2006-12-12,1413.0,1411.56005859375
2006-12-13,1411.3199462890625,1413.2099609375
2006-12-14,1413.1600341796875,1425.489990234375
2006-12-15,1425.47998046875,1427.0899658203125
2006-12-18,1427.0799560546875,1422.47998046875
2006-12-19,1422.4200439453125,1425.550048828125
2006-12-20,1425.510009765625,1423.530029296875
2006-12-21,1423.199951171875,1418.300048828125
2006-12-22,1418.0999755859375,1410.760009765625
2006-12-26,1410.75,1416.9000244140625
2006-12-27,1416.6300048828125,1426.8399658203125
2006-12-28,1426.77001953125,1424.72998046875
2006-12-29,1424.7099609375,1418.300048828125
2007-01-03,1418.030029296875,1416.5999755859375
2007-01-04,1416.5999755859375,1418.3399658203125
2007-01-05,1418.3399658203125,1409.7099609375
2007-01-08,1409.260009765625,1412.8399658203125
2007-01-09,1412.8399658203125,1412.1099853515625
2007-01-10,1408.699951171875,1414.8499755859375
2007-01-11,1414.8399658203125,1423.8199462890625
2007-01-12,1423.8199462890625,1430.72998046875
2007-01-16,1430.72998046875,1431.9000244140625
2007-01-17,1431.77001953125,1430.6199951171875
2007-01-18,1430.5899658203125,1426.3699951171875
2007-01-19,1426.3499755859375,1430.5
2007-01-22,1430.469970703125,1422.949951171875
2007-01-23,1422.949951171875,1427.989990234375
2007-01-24,1427.9599609375,1440.1300048828125
2007-01-25,1440.1199951171875,1423.9000244140625
2007-01-26,1423.9000244140625,1422.1800537109375
2007-01-29,1422.030029296875,1420.6199951171875
2007-01-30,1420.6099853515625,1428.8199462890625
2007-01-31,1428.6500244140625,1438.239990234375
2007-02-01,1437.9000244140625,1445.93994140625
2007-02-02,1445.93994140625,1448.3900146484375
2007-02-05,1448.3299560546875,1446.989990234375
2007-02-06,1446.97998046875,1448.0
2007-02-07,1447.4100341796875,1450.02001953125
2007-02-08,1449.989990234375,1448.31005859375
2007-02-09,1448.25,1438.06005859375
2007-02-12,1438.0,1433.3699951171875
2007-02-13,1433.219970703125,1444.260009765625
2007-02-14,1443.9100341796875,1455.300048828125
2007-02-15,1455.1500244140625,1456.81005859375
2007-02-16,1456.77001953125,1455.5400390625
2007-02-20,1455.530029296875,1459.6800537109375
2007-02-21,1459.5999755859375,1457.6300048828125
2007-02-22,1457.2900390625,1456.3800048828125
2007-02-23,1456.219970703125,1451.18994140625
2007-02-26,1451.0400390625,1449.3699951171875
2007-02-27,1449.25,1399.0400390625
2007-02-28,1398.6400146484375,1406.8199462890625
2007-03-01,1406.800048828125,1403.1700439453125
2007-03-02,1403.1600341796875,1387.1700439453125
2007-03-05,1387.1099853515625,1374.1199951171875
2007-03-06,1374.06005859375,1395.4100341796875
2007-03-07,1395.02001953125,1391.969970703125
2007-03-08,1391.8800048828125,1401.8900146484375
2007-03-09,1401.8900146484375,1402.8399658203125
2007-03-12,1402.800048828125,1406.5999755859375
2007-03-13,1406.22998046875,1377.949951171875
2007-03-14,1377.8599853515625,1387.1700439453125
2007-03-15,1387.1099853515625,1392.280029296875
2007-03-16,1392.280029296875,1386.949951171875
2007-03-19,1386.949951171875,1402.06005859375
2007-03-20,1402.0400390625,1410.93994140625
2007-03-21,1410.9200439453125,1435.0400390625
2007-03-22,1435.0400390625,1434.5400390625
2007-03-23,1434.5400390625,1436.1099853515625
2007-03-26,1436.1099853515625,1437.5
2007-03-27,1437.489990234375,1428.6099853515625
2007-03-28,1428.3499755859375,1417.22998046875
2007-03-29,1417.1700439453125,1422.530029296875
2007-03-30,1422.52001953125,1420.8599853515625
2007-04-02,1420.8299560546875,1424.550048828125
2007-04-03,1424.27001953125,1437.77001953125
2007-04-04,1437.75,1439.3699951171875
2007-04-05,1438.93994140625,1443.760009765625
2007-04-09,1443.77001953125,1444.6099853515625
2007-04-10,1444.5799560546875,1448.3900146484375
2007-04-11,1448.22998046875,1438.8699951171875
2007-04-12,1438.8699951171875,1447.800048828125
2007-04-13,1447.800048828125,1452.8499755859375
2007-04-16,1452.8399658203125,1468.3299560546875
2007-04-17,1468.469970703125,1471.47998046875
2007-04-18,1471.469970703125,1472.5
2007-04-19,1472.47998046875,1470.72998046875
2007-04-20,1470.68994140625,1484.3499755859375
2007-04-23,1484.3299560546875,1480.9300537109375
2007-04-24,1480.9300537109375,1480.4100341796875
2007-04-25,1480.280029296875,1495.4200439453125
2007-04-26,1495.27001953125,1494.25
2007-04-27,1494.2099609375,1494.0699462890625
2007-04-30,1494.0699462890625,1482.3699951171875
2007-05-01,1482.3699951171875,1486.300048828125
2007-05-02,1486.1300048828125,1495.9200439453125
2007-05-03,1495.56005859375,1502.3900146484375
2007-05-04,1502.3499755859375,1505.6199951171875
2007-05-07,1505.5699462890625,1509.47998046875
2007-05-08,1509.3599853515625,1507.719970703125
2007-05-09,1507.3199462890625,1512.5799560546875
2007-05-10,1512.3299560546875,1491.469970703125
2007-05-11,1491.469970703125,1505.8499755859375
2007-05-14,1505.760009765625,1503.1500244140625
2007-05-15,1503.1099853515625,1501.18994140625
2007-05-16,1500.75,1514.1400146484375
2007-05-17,1514.010009765625,1512.75
2007-05-18,1512.739990234375,1522.75
2007-05-21,1522.75,1525.0999755859375
2007-05-22,1525.0999755859375,1524.1199951171875
2007-05-23,1524.0899658203125,1522.280029296875
2007-05-24,1522.0999755859375,1507.510009765625
2007-05-25,1507.5,1515.72998046875
2007-05-29,1515.550048828125,1518.1099853515625
2007-05-30,1517.5999755859375,1530.22998046875
2007-05-31,1530.18994140625,1530.6199951171875
2007-06-01,1530.6199951171875,1536.3399658203125
2007-06-04,1536.280029296875,1539.1800537109375
2007-06-05,1539.1199951171875,1530.949951171875
2007-06-06,1530.5699462890625,1517.3800048828125
2007-06-07,1517.3599853515625,1490.719970703125
2007-06-08,1490.7099609375,1507.6700439453125
2007-06-11,1507.6400146484375,1509.1199951171875
2007-06-12,1509.1199951171875,1493.0
2007-06-13,1492.6500244140625,1515.6700439453125
2007-06-14,1515.5799560546875,1522.969970703125
2007-06-15,1522.969970703125,1532.9100341796875
2007-06-18,1532.9000244140625,1531.050048828125
2007-06-19,1531.02001953125,1533.699951171875
2007-06-20,1533.6800537109375,1512.8399658203125
2007-06-21,1512.5,1522.18994140625
2007-06-22,1522.18994140625,1502.56005859375
2007-06-25,1502.56005859375,1497.739990234375
2007-06-26,1497.6800537109375,1492.8900146484375
2007-06-27,1492.6199951171875,1506.3399658203125
2007-06-28,1506.3199462890625,1505.7099609375
2007-06-29,1505.699951171875,1503.3499755859375
2007-07-02,1504.6600341796875,1519.4300537109375
2007-07-03,1519.1199951171875,1524.8699951171875
2007-07-05,1524.8599853515625,1525.4000244140625
2007-07-06,1524.9599609375,1530.43994140625
2007-07-09,1530.4300537109375,1531.8499755859375
2007-07-10,1531.8499755859375,1510.1199951171875
2007-07-11,1509.9300537109375,1518.760009765625
2007-07-12,1518.739990234375,1547.699951171875
2007-07-13,1547.6800537109375,1552.5
2007-07-16,1552.5,1549.52001953125
2007-07-17,1549.52001953125,1549.3699951171875
2007-07-18,1549.199951171875,1546.1700439453125
2007-07-19,1546.1300048828125,1553.0799560546875
2007-07-20,1553.18994140625,1534.0999755859375
2007-07-23,1534.06005859375,1541.5699462890625
2007-07-24,1541.5699462890625,1511.0400390625
2007-07-25,1511.030029296875,1518.0899658203125
2007-07-26,1518.0899658203125,1482.6600341796875
2007-07-27,1482.43994140625,1458.949951171875
2007-07-30,1458.9300537109375,1473.9100341796875
2007-07-31,1473.9000244140625,1455.27001953125
2007-08-01,1455.1800537109375,1465.81005859375
2007-08-02,1465.4599609375,1472.199951171875
2007-08-03,1472.1800537109375,1433.06005859375
2007-08-06,1433.0400390625,1467.6700439453125
2007-08-07,1467.6199951171875,1476.7099609375
2007-08-08,1476.219970703125,1497.489990234375
2007-08-09,1497.2099609375,1453.0899658203125
2007-08-10,1453.0899658203125,1453.6400146484375
2007-08-13,1453.4200439453125,1452.9200439453125
2007-08-14,1452.8699951171875,1426.5400390625
2007-08-15,1426.1500244140625,1406.699951171875
2007-08-16,1406.6400146484375,1411.27001953125
2007-08-17,1411.260009765625,1445.93994140625
2007-08-20,1445.93994140625,1445.550048828125
2007-08-21,1445.550048828125,1447.1199951171875
2007-08-22,1447.030029296875,1464.0699462890625
2007-08-23,1464.050048828125,1462.5
2007-08-24,1462.3399658203125,1479.3699951171875
2007-08-27,1479.3599853515625,1466.7900390625
2007-08-28,1466.719970703125,1432.3599853515625
2007-08-29,1432.010009765625,1463.760009765625
2007-08-30,1463.6700439453125,1457.6400146484375
2007-08-31,1457.6099853515625,1473.989990234375
2007-09-04,1473.9599609375,1489.4200439453125
2007-09-05,1488.760009765625,1472.2900390625
2007-09-06,1472.030029296875,1478.550048828125
2007-09-07,1478.550048828125,1453.550048828125
2007-09-10,1453.5,1451.699951171875
2007-09-11,1451.68994140625,1471.489990234375
2007-09-12,1471.0999755859375,1471.56005859375
2007-09-13,1471.469970703125,1483.949951171875
2007-09-14,1483.949951171875,1484.25
2007-09-17,1484.239990234375,1476.6500244140625
2007-09-18,1476.6300048828125,1519.780029296875
2007-09-19,1519.75,1529.030029296875
2007-09-20,1528.68994140625,1518.75
2007-09-21,1518.75,1525.75
2007-09-24,1525.75,1517.72998046875
2007-09-25,1516.3399658203125,1517.2099609375
2007-09-26,1518.6199951171875,1525.4200439453125
2007-09-27,1527.3199462890625,1531.3800048828125
2007-09-28,1531.239990234375,1526.75
2007-10-01,1527.2900390625,1547.0400390625
2007-10-02,1546.9599609375,1546.6300048828125
2007-10-03,1545.800048828125,1539.5899658203125
2007-10-04,1539.9100341796875,1542.8399658203125
2007-10-05,1543.8399658203125,1557.5899658203125
2007-10-08,1556.510009765625,1552.5799560546875
2007-10-09,1553.1800537109375,1565.1500244140625
2007-10-10,1564.97998046875,1562.469970703125
2007-10-11,1564.719970703125,1554.4100341796875
2007-10-12,1555.4100341796875,1561.800048828125
2007-10-15,1562.25,1548.7099609375
2007-10-16,1547.81005859375,1538.530029296875
2007-10-17,1544.43994140625,1541.239990234375
2007-10-18,1539.2900390625,1540.0799560546875
2007-10-19,1540.0,1500.6300048828125
2007-10-22,1497.7900390625,1506.3299560546875
2007-10-23,1509.300048828125,1519.5899658203125
2007-10-24,1516.6099853515625,1515.8800048828125
2007-10-25,1516.1500244140625,1514.4000244140625
2007-10-26,1522.1700439453125,1535.280029296875
2007-10-29,1536.9200439453125,1540.97998046875
2007-10-30,1539.4200439453125,1531.02001953125
2007-10-31,1532.1500244140625,1549.3800048828125
2007-11-01,1545.7900390625,1508.43994140625
2007-11-02,1511.0699462890625,1509.6500244140625
2007-11-05,1505.6099853515625,1502.1700439453125
2007-11-06,1505.3299560546875,1520.27001953125
2007-11-07,1515.4599609375,1475.6199951171875
2007-11-08,1475.27001953125,1474.77001953125
2007-11-09,1467.5899658203125,1453.699951171875
2007-11-12,1453.6600341796875,1439.1800537109375
2007-11-13,1441.3499755859375,1481.050048828125
2007-11-14,1483.4000244140625,1470.5799560546875
2007-11-15,1468.0400390625,1451.1500244140625
2007-11-16,1453.0899658203125,1458.739990234375
2007-11-19,1456.699951171875,1433.27001953125
2007-11-20,1434.510009765625,1439.699951171875
2007-11-21,1434.7099609375,1416.77001953125
2007-11-23,1417.6199951171875,1440.699951171875
2007-11-26,1440.739990234375,1407.219970703125
2007-11-27,1409.5899658203125,1428.22998046875
2007-11-28,1432.949951171875,1469.02001953125
2007-11-29,1467.4100341796875,1469.719970703125
2007-11-30,1471.8299560546875,1481.1400146484375
2007-12-03,1479.6300048828125,1472.4200439453125
2007-12-04,1471.3399658203125,1462.7900390625
2007-12-05,1465.219970703125,1485.010009765625
2007-12-06,1484.5899658203125,1507.3399658203125
2007-12-07,1508.5999755859375,1504.6600341796875
2007-12-10,1505.1099853515625,1515.9599609375
2007-12-11,1516.6800537109375,1477.6500244140625
2007-12-12,1487.5799560546875,1486.5899658203125
2007-12-13,1483.27001953125,1488.4100341796875
2007-12-14,1486.18994140625,1467.949951171875
2007-12-17,1465.050048828125,1445.9000244140625
2007-12-18,1445.9200439453125,1454.97998046875
2007-12-19,1454.699951171875,1453.0
2007-12-20,1456.4200439453125,1460.1199951171875
2007-12-21,1463.18994140625,1484.4599609375
2007-12-24,1484.550048828125,1496.449951171875
2007-12-26,1495.1199951171875,1497.6600341796875
2007-12-27,1495.050048828125,1476.27001953125
2007-12-28,1479.8299560546875,1478.489990234375
2007-12-31,1475.25,1468.3599853515625
2008-01-02,1467.969970703125,1447.1600341796875
2008-01-03,1447.550048828125,1447.1600341796875
2008-01-04,1444.010009765625,1411.6300048828125
2008-01-07,1414.0699462890625,1416.1800537109375
2008-01-08,1415.7099609375,1390.18994140625
2008-01-09,1390.25,1409.1300048828125
2008-01-10,1406.780029296875,1420.3299560546875
2008-01-11,1419.9100341796875,1401.02001953125
2008-01-14,1402.9100341796875,1416.25
2008-01-15,1411.8800048828125,1380.949951171875
2008-01-16,1377.4100341796875,1373.199951171875
2008-01-17,1374.7900390625,1333.25
2008-01-18,1333.9000244140625,1325.18994140625
2008-01-22,1312.93994140625,1310.5
2008-01-23,1310.4100341796875,1338.5999755859375
2008-01-24,1340.1300048828125,1352.0699462890625
2008-01-25,1357.3199462890625,1330.6099853515625
2008-01-28,1330.699951171875,1353.9599609375
2008-01-29,1355.93994140625,1362.300048828125
2008-01-30,1362.219970703125,1355.81005859375
2008-01-31,1351.97998046875,1378.550048828125
2008-02-01,1378.5999755859375,1395.4200439453125
2008-02-04,1395.3800048828125,1380.8199462890625
2008-02-05,1380.280029296875,1336.6400146484375
2008-02-06,1339.47998046875,1326.449951171875
2008-02-07,1324.010009765625,1336.9100341796875
2008-02-08,1336.8800048828125,1331.2900390625
2008-02-11,1331.9200439453125,1339.1300048828125
2008-02-12,1340.550048828125,1348.8599853515625
2008-02-13,1353.1199951171875,1367.2099609375
2008-02-14,1367.3299560546875,1348.8599853515625
2008-02-15,1347.52001953125,1349.989990234375
2008-02-19,1355.8599853515625,1348.780029296875
2008-02-20,1348.3900146484375,1360.030029296875
2008-02-21,1362.2099609375,1342.530029296875
2008-02-22,1344.219970703125,1353.1099853515625
2008-02-25,1352.75,1371.800048828125
2008-02-26,1371.760009765625,1381.2900390625
2008-02-27,1378.949951171875,1380.02001953125
2008-02-28,1378.1600341796875,1367.6800537109375
2008-02-29,1364.0699462890625,1330.6300048828125
2008-03-03,1330.449951171875,1331.3399658203125
2008-03-04,1329.5799560546875,1326.75
2008-03-05,1327.68994140625,1333.699951171875
2008-03-06,1332.199951171875,1304.3399658203125
2008-03-07,1301.530029296875,1293.3699951171875
2008-03-10,1293.1600341796875,1273.3699951171875
2008-03-11,1274.4000244140625,1320.6500244140625
2008-03-12,1321.1300048828125,1308.77001953125
2008-03-13,1305.260009765625,1315.47998046875
2008-03-14,1316.050048828125,1288.1400146484375
2008-03-17,1283.2099609375,1276.5999755859375
2008-03-18,1277.1600341796875,1330.739990234375
2008-03-19,1330.969970703125,1298.4200439453125
2008-03-20,1299.6700439453125,1329.510009765625
2008-03-24,1330.2900390625,1349.8800048828125
2008-03-25,1349.0699462890625,1352.989990234375
2008-03-26,1352.449951171875,1341.1300048828125
2008-03-27,1340.3399658203125,1325.760009765625
2008-03-28,1327.02001953125,1315.219970703125
2008-03-31,1315.9200439453125,1322.699951171875
2008-04-01,1326.4100341796875,1370.1800537109375
2008-04-02,1369.9599609375,1367.530029296875
2008-04-03,1365.68994140625,1369.31005859375
2008-04-04,1369.8499755859375,1370.4000244140625
2008-04-07,1373.68994140625,1372.5400390625
2008-04-08,1370.1600341796875,1365.5400390625
2008-04-09,1365.5,1354.489990234375
2008-04-10,1355.3699951171875,1360.550048828125
2008-04-11,1357.97998046875,1332.8299560546875
2008-04-14,1332.199951171875,1328.3199462890625
2008-04-15,1331.719970703125,1334.4300537109375
2008-04-16,1337.02001953125,1364.7099609375
2008-04-17,1363.3699951171875,1365.56005859375
2008-04-18,1369.0,1390.3299560546875
2008-04-21,1387.719970703125,1388.1700439453125
2008-04-22,1386.4300537109375,1375.93994140625
2008-04-23,1378.4000244140625,1379.9300537109375
2008-04-24,1380.52001953125,1388.8199462890625
2008-04-25,1387.8800048828125,1397.8399658203125
2008-04-28,1397.9599609375,1396.3699951171875
2008-04-29,1395.6099853515625,1390.93994140625
2008-04-30,1391.219970703125,1385.5899658203125
2008-05-01,1385.969970703125,1409.3399658203125
2008-05-02,1409.1600341796875,1413.9000244140625
2008-05-05,1415.3399658203125,1407.489990234375
2008-05-06,1405.5999755859375,1418.260009765625
2008-05-07,1417.489990234375,1392.5699462890625
2008-05-08,1394.2900390625,1397.6800537109375
2008-05-09,1394.9000244140625,1388.280029296875
2008-05-12,1389.4000244140625,1403.5799560546875
2008-05-13,1404.4000244140625,1403.0400390625
2008-05-14,1405.6500244140625,1408.6600341796875
2008-05-15,1408.3599853515625,1423.5699462890625
2008-05-16,1423.8900146484375,1425.3499755859375
2008-05-19,1425.280029296875,1426.6300048828125
2008-05-20,1424.489990234375,1413.4000244140625
2008-05-21,1414.06005859375,1390.7099609375
2008-05-22,1390.8299560546875,1394.3499755859375
2008-05-23,1392.199951171875,1375.9300537109375
2008-05-27,1375.969970703125,1385.3499755859375
2008-05-28,1386.5400390625,1390.8399658203125
2008-05-29,1390.5,1398.260009765625
2008-05-30,1398.3599853515625,1400.3800048828125
2008-06-02,1399.6199951171875,1385.6700439453125
2008-06-03,1386.4200439453125,1377.6500244140625
2008-06-04,1376.260009765625,1377.199951171875
2008-06-05,1377.47998046875,1404.050048828125
2008-06-06,1400.06005859375,1360.6800537109375
2008-06-09,1360.8299560546875,1361.760009765625
2008-06-10,1358.97998046875,1358.43994140625
2008-06-11,1357.0899658203125,1335.489990234375
2008-06-12,1335.780029296875,1339.8699951171875
2008-06-13,1341.81005859375,1360.030029296875
2008-06-16,1358.8499755859375,1360.1400146484375
2008-06-17,1360.7099609375,1350.9300537109375
2008-06-18,1349.5899658203125,1337.81005859375
2008-06-19,1336.8900146484375,1342.8299560546875
2008-06-20,1341.02001953125,1317.9300537109375
2008-06-23,1319.77001953125,1318.0
2008-06-24,1317.22998046875,1314.2900390625
2008-06-25,1314.5400390625,1321.969970703125
2008-06-26,1316.2900390625,1283.1500244140625
2008-06-27,1283.5999755859375,1278.3800048828125
2008-06-30,1278.06005859375,1280.0
2008-07-01,1276.68994140625,1284.9100341796875
2008-07-02,1285.8199462890625,1261.52001953125
2008-07-03,1262.9599609375,1262.9000244140625
2008-07-07,1262.9000244140625,1252.31005859375
2008-07-08,1251.8399658203125,1273.699951171875
2008-07-09,1273.3800048828125,1244.68994140625
2008-07-10,1245.25,1253.3900146484375
2008-07-11,1248.6600341796875,1239.489990234375
2008-07-14,1241.6099853515625,1228.300048828125
2008-07-15,1226.8299560546875,1214.9100341796875
2008-07-16,1214.6500244140625,1245.3599853515625
2008-07-17,1246.31005859375,1260.3199462890625
2008-07-18,1258.219970703125,1260.6800537109375
2008-07-21,1261.8199462890625,1260.0
2008-07-22,1257.0799560546875,1277.0
2008-07-23,1278.8699951171875,1282.18994140625
2008-07-24,1283.219970703125,1252.5400390625
2008-07-25,1253.510009765625,1257.760009765625
2008-07-28,1257.760009765625,1234.3699951171875
2008-07-29,1236.3800048828125,1263.199951171875
2008-07-30,1264.52001953125,1284.260009765625
2008-07-31,1281.3699951171875,1267.3800048828125
2008-08-01,1269.4200439453125,1260.31005859375
2008-08-04,1253.27001953125,1249.010009765625
2008-08-05,1254.8699951171875,1284.8800048828125
2008-08-06,1283.989990234375,1289.18994140625
2008-08-07,1286.510009765625,1266.0699462890625
2008-08-08,1266.2900390625,1296.3199462890625
2008-08-11,1294.4200439453125,1305.3199462890625
2008-08-12,1304.7900390625,1289.5899658203125
2008-08-13,1288.6400146484375,1285.8299560546875
2008-08-14,1282.1099853515625,1292.9300537109375
2008-08-15,1293.8499755859375,1298.199951171875
2008-08-18,1298.1400146484375,1278.5999755859375
2008-08-19,1276.6500244140625,1266.68994140625
2008-08-20,1267.3399658203125,1274.5400390625
2008-08-21,1271.0699462890625,1277.719970703125
2008-08-22,1277.5899658203125,1292.199951171875
2008-08-25,1290.469970703125,1266.8399658203125
2008-08-26,1267.030029296875,1271.510009765625
2008-08-27,1271.2900390625,1281.6600341796875
2008-08-28,1283.7900390625,1300.6800537109375
2008-08-29,1296.489990234375,1282.8299560546875
2008-09-02,1287.8299560546875,1277.5799560546875
2008-09-03,1276.6099853515625,1274.97998046875
2008-09-04,1271.800048828125,1236.8299560546875
2008-09-05,1233.2099609375,1242.31005859375
2008-09-08,1249.5,1267.7900390625
2008-09-09,1267.97998046875,1224.510009765625
2008-09-10,1227.5,1232.0400390625
2008-09-11,1229.0400390625,1249.050048828125
2008-09-12,1245.8800048828125,1251.699951171875
2008-09-15,1250.9200439453125,1192.699951171875
2008-09-16,1188.31005859375,1213.5999755859375
2008-09-17,1210.3399658203125,1156.3900146484375
2008-09-18,1157.0799560546875,1206.510009765625
2008-09-19,1213.1099853515625,1255.0799560546875
2008-09-22,1255.3699951171875,1207.0899658203125
2008-09-23,1207.6099853515625,1188.219970703125
2008-09-24,1188.7900390625,1185.8699951171875
2008-09-25,1187.8699951171875,1209.1800537109375
2008-09-26,1204.469970703125,1213.27001953125
2008-09-29,1209.0699462890625,1106.4200439453125
2008-09-30,1113.780029296875,1166.3599853515625
2008-10-01,1164.1700439453125,1161.06005859375
2008-10-02,1160.6400146484375,1114.280029296875
2008-10-03,1115.1600341796875,1099.22998046875
2008-10-06,1097.56005859375,1056.8900146484375
2008-10-07,1057.5999755859375,996.22998046875
2008-10-08,988.9099731445312,984.9400024414062
2008-10-09,988.4199829101562,909.9199829101562
2008-10-10,902.3099975585938,899.219970703125
2008-10-13,912.75,1003.3499755859375
2008-10-14,1009.969970703125,998.010009765625
2008-10-15,994.5999755859375,907.8400268554688
2008-10-16,909.530029296875,946.4299926757812
2008-10-17,942.2899780273438,940.5499877929688
2008-10-20,943.510009765625,985.4000244140625
2008-10-21,980.4000244140625,955.0499877929688
2008-10-22,951.6699829101562,896.780029296875
2008-10-23,899.0800170898438,908.1099853515625
2008-10-24,895.219970703125,876.77001953125
2008-10-27,874.280029296875,848.9199829101562
2008-10-28,848.9199829101562,940.510009765625
2008-10-29,939.510009765625,930.0900268554688
2008-10-30,939.3800048828125,954.0900268554688
2008-10-31,953.1099853515625,968.75
2008-11-03,968.6699829101562,966.2999877929688
2008-11-04,971.3099975585938,1005.75
2008-11-05,1001.8400268554688,952.77001953125
2008-11-06,952.4000244140625,904.8800048828125
2008-11-07,907.4400024414062,930.989990234375
2008-11-10,936.75,919.2100219726562
2008-11-11,917.1500244140625,898.9500122070312
2008-11-12,893.3900146484375,852.2999877929688
2008-11-13,853.1300048828125,911.2899780273438
2008-11-14,904.3599853515625,873.2899780273438
2008-11-17,873.22998046875,850.75
2008-11-18,852.3400268554688,859.1199951171875
2008-11-19,859.030029296875,806.5800170898438
2008-11-20,805.8699951171875,752.4400024414062
2008-11-21,755.8400268554688,800.030029296875
2008-11-24,801.2000122070312,851.8099975585938
2008-11-25,853.4000244140625,857.3900146484375
2008-11-26,852.9000244140625,887.6799926757812
2008-11-28,886.8900146484375,896.239990234375
2008-12-01,888.6099853515625,816.2100219726562
2008-12-02,817.9400024414062,848.8099975585938
2008-12-03,843.5999755859375,870.739990234375
2008-12-04,869.75,845.219970703125
2008-12-05,844.4299926757812,876.0700073242188
2008-12-08,882.7100219726562,909.7000122070312
2008-12-09,906.47998046875,888.6699829101562
2008-12-10,892.1699829101562,899.239990234375
2008-12-11,898.3499755859375,873.5900268554688
2008-12-12,871.7899780273438,879.72998046875
2008-12-15,881.0700073242188,868.5700073242188
2008-12-16,871.530029296875,913.1799926757812
2008-12-17,908.1599731445312,904.4199829101562
2008-12-18,905.97998046875,885.280029296875
2008-12-19,886.9600219726562,887.8800048828125
2008-12-22,887.2000122070312,871.6300048828125
2008-12-23,874.3099975585938,863.1599731445312
2008-12-24,863.8699951171875,868.1500244140625
2008-12-26,869.510009765625,872.7999877929688
2008-12-29,872.3699951171875,869.4199829101562
2008-12-30,870.5800170898438,890.6400146484375
2008-12-31,890.5900268554688,903.25
2009-01-02,902.989990234375,931.7999877929688
2009-01-05,929.1699829101562,927.4500122070312
2009-01-06,931.1699829101562,934.7000122070312
2009-01-07,927.4500122070312,906.6500244140625
2009-01-08,905.72998046875,909.72998046875
2009-01-09,909.9099731445312,890.3499755859375
2009-01-12,890.4000244140625,870.260009765625
2009-01-13,869.7899780273438,871.7899780273438
2009-01-14,867.280029296875,842.6199951171875
2009-01-15,841.989990234375,843.739990234375
2009-01-16,844.4500122070312,850.1199951171875
2009-01-20,849.6400146484375,805.219970703125
2009-01-21,806.77001953125,840.239990234375
2009-01-22,839.739990234375,827.5
2009-01-23,822.1599731445312,831.9500122070312
2009-01-26,832.5,836.5700073242188
2009-01-27,837.2999877929688,845.7100219726562
2009-01-28,845.72998046875,874.0900268554688
2009-01-29,868.8900146484375,845.1400146484375
2009-01-30,845.6900024414062,825.8800048828125
2009-02-02,823.0900268554688,825.4400024414062
2009-02-03,825.6900024414062,838.510009765625
2009-02-04,837.77001953125,832.22998046875
2009-02-05,831.75,845.8499755859375
2009-02-06,846.0900268554688,868.5999755859375
2009-02-09,868.239990234375,869.8900146484375
2009-02-10,866.8699951171875,827.1599731445312
2009-02-11,827.4099731445312,833.739990234375
2009-02-12,829.9099731445312,835.1900024414062
2009-02-13,833.9500122070312,826.8400268554688
2009-02-17,818.6099853515625,789.1699829101562
2009-02-18,791.0599975585938,788.4199829101562
2009-02-19,787.9099731445312,778.9400024414062
2009-02-20,775.8699951171875,770.0499877929688
2009-02-23,773.25,743.3300170898438
2009-02-24,744.6900024414062,773.1400146484375
2009-02-25,770.6400146484375,764.9000244140625
2009-02-26,765.760009765625,752.8300170898438
2009-02-27,749.9299926757812,735.0900268554688
2009-03-02,729.5700073242188,700.8200073242188
2009-03-03,704.4400024414062,696.3300170898438
2009-03-04,698.5999755859375,712.8699951171875
2009-03-05,708.27001953125,682.5499877929688
2009-03-06,684.0399780273438,683.3800048828125
2009-03-09,680.760009765625,676.530029296875
2009-03-10,679.280029296875,719.5999755859375
2009-03-11,719.5900268554688,721.3599853515625
2009-03-12,720.8900146484375,750.739990234375
2009-03-13,751.969970703125,756.5499877929688
2009-03-16,758.8400268554688,753.8900146484375
2009-03-17,753.8800048828125,778.1199951171875
2009-03-18,776.010009765625,794.3499755859375
2009-03-19,797.9199829101562,784.0399780273438
2009-03-20,784.5800170898438,768.5399780273438
2009-03-23,772.3099975585938,822.9199829101562
2009-03-24,820.5999755859375,806.1199951171875
2009-03-25,806.8099975585938,813.8800048828125
2009-03-26,814.0599975585938,832.8599853515625
2009-03-27,828.6799926757812,815.9400024414062
2009-03-30,809.0700073242188,787.530029296875
2009-03-31,790.8800048828125,797.8699951171875
2009-04-01,793.5900268554688,811.0800170898438
2009-04-02,814.530029296875,834.3800048828125
2009-04-03,835.1300048828125,842.5
2009-04-06,839.75,835.47998046875
2009-04-07,834.1199951171875,815.5499877929688
2009-04-08,816.760009765625,825.1599731445312
2009-04-09,829.2899780273438,856.5599975585938
2009-04-13,855.3300170898438,858.72998046875
2009-04-14,856.8800048828125,841.5
2009-04-15,839.4400024414062,852.0599975585938
2009-04-16,854.5399780273438,865.2999877929688
2009-04-17,865.1799926757812,869.5999755859375
2009-04-20,868.27001953125,832.3900146484375
2009-04-21,831.25,850.0800170898438
2009-04-22,847.260009765625,843.5499877929688
2009-04-23,844.6199951171875,851.9199829101562
2009-04-24,853.9099731445312,866.22998046875
2009-04-27,862.8200073242188,857.510009765625
2009-04-28,854.47998046875,855.1599731445312
2009-04-29,856.8499755859375,873.6400146484375
2009-04-30,876.5900268554688,872.8099975585938
2009-05-01,872.739990234375,877.52001953125
2009-05-04,879.2100219726562,907.239990234375
2009-05-05,906.0999755859375,903.7999877929688
2009-05-06,903.9500122070312,919.530029296875
2009-05-07,919.5800170898438,907.3900146484375
2009-05-08,909.030029296875,929.22998046875
2009-05-11,922.989990234375,909.239990234375
2009-05-12,910.52001953125,908.3499755859375
2009-05-13,905.4000244140625,883.9199829101562
2009-05-14,884.239990234375,893.0700073242188
2009-05-15,892.760009765625,882.8800048828125
2009-05-18,886.0700073242188,909.7100219726562
2009-05-19,909.6699829101562,908.1300048828125
2009-05-20,908.6199951171875,903.469970703125
2009-05-21,900.4199829101562,888.3300170898438
2009-05-22,888.6799926757812,887.0
2009-05-26,887.0,910.3300170898438
2009-05-27,909.9500122070312,893.0599975585938
2009-05-28,892.9600219726562,906.8300170898438
2009-05-29,907.02001953125,919.1400146484375
2009-06-01,923.260009765625,942.8699951171875
2009-06-02,942.8699951171875,944.739990234375
2009-06-03,942.510009765625,931.760009765625
2009-06-04,932.489990234375,942.4600219726562
2009-06-05,945.6699829101562,940.0900268554688
2009-06-08,938.1199951171875,939.1400146484375
2009-06-09,940.3499755859375,942.4299926757812
2009-06-10,942.72998046875,939.1500244140625
2009-06-11,939.0399780273438,944.8900146484375
2009-06-12,943.4400024414062,946.2100219726562
2009-06-15,942.4500122070312,923.719970703125
2009-06-16,925.5999755859375,911.969970703125
2009-06-17,911.8900146484375,910.7100219726562
2009-06-18,910.8599853515625,918.3699951171875
2009-06-19,919.9600219726562,921.22998046875
2009-06-22,918.1300048828125,893.0399780273438
2009-06-23,893.4600219726562,895.0999755859375
2009-06-24,896.3099975585938,900.9400024414062
2009-06-25,899.4500122070312,920.260009765625
2009-06-26,918.8400268554688,918.9000244140625
2009-06-29,919.8599853515625,927.22998046875
2009-06-30,927.1500244140625,919.3200073242188
2009-07-01,920.8200073242188,923.3300170898438
2009-07-02,921.239990234375,896.4199829101562
2009-07-06,894.27001953125,898.719970703125
2009-07-07,898.5999755859375,881.030029296875
2009-07-08,881.9000244140625,879.5599975585938
2009-07-09,881.280029296875,882.6799926757812
2009-07-10,880.030029296875,879.1300048828125
2009-07-13,879.5700073242188,901.0499877929688
2009-07-14,900.77001953125,905.8400268554688
2009-07-15,910.1500244140625,932.6799926757812
2009-07-16,930.1699829101562,940.739990234375
2009-07-17,940.5599975585938,940.3800048828125
2009-07-20,942.0700073242188,951.1300048828125
2009-07-21,951.969970703125,954.5800170898438
2009-07-22,953.4000244140625,954.0700073242188
2009-07-23,954.0700073242188,976.2899780273438
2009-07-24,972.1599731445312,979.260009765625
2009-07-27,978.6300048828125,982.1799926757812
2009-07-28,981.47998046875,979.6199951171875
2009-07-29,977.6599731445312,975.1500244140625
2009-07-30,976.010009765625,986.75
2009-07-31,986.7999877929688,987.47998046875
2009-08-03,990.219970703125,1002.6300048828125
2009-08-04,1001.4099731445312,1005.6500244140625
2009-08-05,1005.4099731445312,1002.719970703125
2009-08-06,1004.0599975585938,997.0800170898438
2009-08-07,999.8300170898438,1010.47998046875
2009-08-10,1008.8900146484375,1007.0999755859375
2009-08-11,1005.77001953125,994.3499755859375
2009-08-12,994.0,1005.8099975585938
2009-08-13,1005.8599853515625,1012.72998046875
2009-08-14,1012.22998046875,1004.0900268554688
2009-08-17,998.1799926757812,979.72998046875
2009-08-18,980.6199951171875,989.6699829101562
2009-08-19,986.8800048828125,996.4600219726562
2009-08-20,996.4099731445312,1007.3699951171875
2009-08-21,1009.0599975585938,1026.1300048828125
2009-08-24,1026.5899658203125,1025.5699462890625
2009-08-25,1026.6300048828125,1028.0
2009-08-26,1027.3499755859375,1028.1199951171875
2009-08-27,1027.81005859375,1030.97998046875
2009-08-28,1031.6199951171875,1028.9300537109375
2009-08-31,1025.2099609375,1020.6199951171875
2009-09-01,1019.52001953125,998.0399780273438
2009-09-02,996.0700073242188,994.75
2009-09-03,996.1199951171875,1003.239990234375
2009-09-04,1003.8400268554688,1016.4000244140625
2009-09-08,1018.6699829101562,1025.3900146484375
2009-09-09,1025.3599853515625,1033.3699951171875
2009-09-10,1032.989990234375,1044.1400146484375
2009-09-11,1043.9200439453125,1042.72998046875
2009-09-14,1040.1500244140625,1049.3399658203125
2009-09-15,1049.030029296875,1052.6300048828125
2009-09-16,1053.989990234375,1068.760009765625
2009-09-17,1067.8699951171875,1065.489990234375
2009-09-18,1066.5999755859375,1068.300048828125
2009-09-21,1067.1400146484375,1064.6600341796875
2009-09-22,1066.3499755859375,1071.6600341796875
2009-09-23,1072.68994140625,1060.8699951171875
2009-09-24,1062.56005859375,1050.780029296875
2009-09-25,1049.47998046875,1044.3800048828125
2009-09-28,1045.3800048828125,1062.97998046875
2009-09-29,1063.68994140625,1060.6099853515625
2009-09-30,1061.02001953125,1057.0799560546875
2009-10-01,1054.9100341796875,1029.8499755859375
2009-10-02,1029.7099609375,1025.2099609375
2009-10-05,1026.8699951171875,1040.4599609375
2009-10-06,1042.02001953125,1054.719970703125
2009-10-07,1053.6500244140625,1057.5799560546875
2009-10-08,1060.030029296875,1065.47998046875
2009-10-09,1065.280029296875,1071.489990234375
2009-10-12,1071.6300048828125,1076.18994140625
2009-10-13,1074.9599609375,1073.18994140625
2009-10-14,1078.6800537109375,1092.02001953125
2009-10-15,1090.3599853515625,1096.56005859375
2009-10-16,1094.6700439453125,1087.6800537109375
2009-10-19,1088.219970703125,1097.9100341796875
2009-10-20,1098.6400146484375,1091.06005859375
2009-10-21,1090.3599853515625,1081.4000244140625
2009-10-22,1080.9599609375,1092.9100341796875
2009-10-23,1095.6199951171875,1079.5999755859375
2009-10-26,1080.3599853515625,1066.949951171875
2009-10-27,1067.5400390625,1063.4100341796875
2009-10-28,1061.510009765625,1042.6300048828125
2009-10-29,1043.68994140625,1066.1099853515625
2009-10-30,1065.4100341796875,1036.18994140625
2009-11-02,1036.1800537109375,1042.8800048828125
2009-11-03,1040.9200439453125,1045.4100341796875
2009-11-04,1047.1400146484375,1046.5
2009-11-05,1047.300048828125,1066.6300048828125
2009-11-06,1064.949951171875,1069.300048828125
2009-11-09,1072.31005859375,1093.0799560546875
2009-11-10,1091.8599853515625,1093.010009765625
2009-11-11,1096.0400390625,1098.510009765625
2009-11-12,1098.31005859375,1087.239990234375
2009-11-13,1087.5899658203125,1093.47998046875
2009-11-16,1094.1300048828125,1109.300048828125
2009-11-17,1109.219970703125,1110.3199462890625
2009-11-18,1109.43994140625,1109.800048828125
2009-11-19,1106.43994140625,1094.9000244140625
2009-11-20,1094.6600341796875,1091.3800048828125
2009-11-23,1094.8599853515625,1106.239990234375
2009-11-24,1105.8299560546875,1105.6500244140625
2009-11-25,1106.489990234375,1110.6300048828125
2009-11-27,1105.469970703125,1091.489990234375
2009-11-30,1091.0699462890625,1095.6300048828125
2009-12-01,1098.8900146484375,1108.8599853515625
2009-12-02,1109.030029296875,1109.239990234375
2009-12-03,1110.5899658203125,1099.9200439453125
2009-12-04,1100.4300537109375,1105.97998046875
2009-12-07,1105.52001953125,1103.25
2009-12-08,1103.0400390625,1091.93994140625
2009-12-09,1091.0699462890625,1095.949951171875
2009-12-10,1098.68994140625,1102.3499755859375
2009-12-11,1103.9599609375,1106.4100341796875
2009-12-14,1107.8399658203125,1114.1099853515625
2009-12-15,1114.1099853515625,1107.9300537109375
2009-12-16,1108.6099853515625,1109.1800537109375
2009-12-17,1106.3599853515625,1096.0799560546875
2009-12-18,1097.8599853515625,1102.469970703125
2009-12-21,1105.31005859375,1114.050048828125
2009-12-22,1114.510009765625,1118.02001953125
2009-12-23,1118.8399658203125,1120.5899658203125
2009-12-24,1121.0799560546875,1126.47998046875
2009-12-28,1127.530029296875,1127.780029296875
2009-12-29,1128.550048828125,1126.199951171875
2009-12-30,1125.530029296875,1126.4200439453125
2009-12-31,1126.5999755859375,1115.0999755859375
2010-01-04,1116.56005859375,1132.989990234375
2010-01-05,1132.6600341796875,1136.52001953125
2010-01-06,1135.7099609375,1137.1400146484375
2010-01-07,1136.27001953125,1141.68994140625
2010-01-08,1140.52001953125,1144.97998046875
2010-01-11,1145.9599609375,1146.97998046875
2010-01-12,1143.81005859375,1136.219970703125
2010-01-13,1137.31005859375,1145.6800537109375
2010-01-14,1145.6800537109375,1148.4599609375
2010-01-15,1147.719970703125,1136.030029296875
2010-01-19,1136.030029296875,1150.22998046875
2010-01-20,1147.949951171875,1138.0400390625
2010-01-21,1138.6800537109375,1116.47998046875
2010-01-22,1115.489990234375,1091.760009765625
2010-01-25,1092.4000244140625,1096.780029296875
2010-01-26,1095.800048828125,1092.1700439453125
2010-01-27,1091.93994140625,1097.5
2010-01-28,1096.9300537109375,1084.530029296875
2010-01-29,1087.6099853515625,1073.8699951171875
2010-02-01,1073.8900146484375,1089.18994140625
2010-02-02,1090.050048828125,1103.3199462890625
2010-02-03,1100.6700439453125,1097.280029296875
2010-02-04,1097.25,1063.1099853515625
2010-02-05,1064.1199951171875,1066.18994140625
2010-02-08,1065.510009765625,1056.739990234375
2010-02-09,1060.06005859375,1070.52001953125
2010-02-10,1069.6800537109375,1068.1300048828125
2010-02-11,1067.0999755859375,1078.469970703125
2010-02-12,1075.949951171875,1075.510009765625
2010-02-16,1079.1300048828125,1094.8699951171875
2010-02-17,1096.1400146484375,1099.510009765625
2010-02-18,1099.030029296875,1106.75
2010-02-19,1105.489990234375,1109.1700439453125
2010-02-22,1110.0,1108.010009765625
2010-02-23,1107.489990234375,1094.5999755859375
2010-02-24,1095.8900146484375,1105.239990234375
2010-02-25,1101.239990234375,1102.93994140625
2010-02-26,1103.0999755859375,1104.489990234375
2010-03-01,1105.3599853515625,1115.7099609375
2010-03-02,1117.010009765625,1118.31005859375
2010-03-03,1119.3599853515625,1118.7900390625
2010-03-04,1119.1199951171875,1122.969970703125
2010-03-05,1125.1199951171875,1138.699951171875
2010-03-08,1138.4000244140625,1138.5
2010-03-09,1137.56005859375,1140.449951171875
2010-03-10,1140.219970703125,1145.6099853515625
2010-03-11,1143.9599609375,1150.239990234375
2010-03-12,1151.7099609375,1149.989990234375
2010-03-15,1148.530029296875,1150.510009765625
2010-03-16,1150.8299560546875,1159.4599609375
2010-03-17,1159.93994140625,1166.2099609375
2010-03-18,1166.1300048828125,1165.8299560546875
2010-03-19,1166.6800537109375,1159.9000244140625
2010-03-22,1157.25,1165.81005859375
2010-03-23,1166.469970703125,1174.1700439453125
2010-03-24,1172.699951171875,1167.719970703125
2010-03-25,1170.030029296875,1165.72998046875
2010-03-26,1167.5799560546875,1166.5899658203125
2010-03-29,1167.7099609375,1173.219970703125
2010-03-30,1173.75,1173.27001953125
2010-03-31,1171.75,1169.4300537109375
2010-04-01,1171.22998046875,1178.0999755859375
2010-04-05,1178.7099609375,1187.43994140625
2010-04-06,1186.010009765625,1189.43994140625
2010-04-07,1188.22998046875,1182.449951171875
2010-04-08,1181.75,1186.43994140625
2010-04-09,1187.469970703125,1194.3699951171875
2010-04-12,1194.93994140625,1196.47998046875
2010-04-13,1195.93994140625,1197.300048828125
2010-04-14,1198.68994140625,1210.6500244140625
2010-04-15,1210.77001953125,1211.6700439453125
2010-04-16,1210.1700439453125,1192.1300048828125
2010-04-19,1192.06005859375,1197.52001953125
2010-04-20,1199.0400390625,1207.1700439453125
2010-04-21,1207.1600341796875,1205.93994140625
2010-04-22,1202.52001953125,1208.6700439453125
2010-04-23,1207.8699951171875,1217.280029296875
2010-04-26,1217.0699462890625,1212.050048828125
2010-04-27,1209.9200439453125,1183.7099609375
2010-04-28,1184.5899658203125,1191.3599853515625
2010-04-29,1193.300048828125,1206.780029296875
2010-04-30,1206.77001953125,1186.68994140625
2010-05-03,1188.5799560546875,1202.260009765625
2010-05-04,1197.5,1173.5999755859375
2010-05-05,1169.239990234375,1165.8699951171875
2010-05-06,1164.3800048828125,1128.1500244140625
2010-05-07,1127.0400390625,1110.8800048828125
2010-05-10,1122.27001953125,1159.72998046875
2010-05-11,1156.3900146484375,1155.7900390625
2010-05-12,1155.4300537109375,1171.6700439453125
2010-05-13,1170.0400390625,1157.43994140625
2010-05-14,1157.18994140625,1135.6800537109375
2010-05-17,1136.52001953125,1136.93994140625
2010-05-18,1138.780029296875,1120.800048828125
2010-05-19,1119.5699462890625,1115.050048828125
2010-05-20,1107.3399658203125,1071.5899658203125
2010-05-21,1067.260009765625,1087.68994140625
2010-05-24,1084.780029296875,1073.6500244140625
2010-05-25,1067.4200439453125,1074.030029296875
2010-05-26,1075.510009765625,1067.949951171875
2010-05-27,1074.27001953125,1103.06005859375
2010-05-28,1102.5899658203125,1089.4100341796875
2010-06-01,1087.300048828125,1070.7099609375
2010-06-02,1073.010009765625,1098.3800048828125
2010-06-03,1098.8199462890625,1102.8299560546875
2010-06-04,1098.4300537109375,1064.8800048828125
2010-06-07,1065.8399658203125,1050.469970703125
2010-06-08,1050.81005859375,1062.0
2010-06-09,1062.75,1055.68994140625
2010-06-10,1058.77001953125,1086.8399658203125
2010-06-11,1082.6500244140625,1091.5999755859375
2010-06-14,1095.0,1089.6300048828125
2010-06-15,1091.2099609375,1115.22998046875
2010-06-16,1114.02001953125,1114.6099853515625
2010-06-17,1115.97998046875,1116.0400390625
2010-06-18,1116.1600341796875,1117.510009765625
2010-06-21,1122.7900390625,1113.199951171875
2010-06-22,1113.9000244140625,1095.31005859375
2010-06-23,1095.5699462890625,1092.0400390625
2010-06-24,1090.9300537109375,1073.68994140625
2010-06-25,1075.0999755859375,1076.760009765625
2010-06-28,1077.5,1074.5699462890625
2010-06-29,1071.0999755859375,1041.239990234375
2010-06-30,1040.56005859375,1030.7099609375
2010-07-01,1031.0999755859375,1027.3699951171875
2010-07-02,1027.6500244140625,1022.5800170898438
2010-07-06,1028.0899658203125,1028.06005859375
2010-07-07,1028.5400390625,1060.27001953125
2010-07-08,1062.9200439453125,1070.25
2010-07-09,1070.5,1077.9599609375
2010-07-12,1077.22998046875,1078.75
2010-07-13,1080.6500244140625,1095.3399658203125
2010-07-14,1095.6099853515625,1095.1700439453125
2010-07-15,1094.4599609375,1096.47998046875
2010-07-16,1093.8499755859375,1064.8800048828125
2010-07-19,1066.8499755859375,1071.25
2010-07-20,1064.530029296875,1083.47998046875
2010-07-21,1086.6700439453125,1069.5899658203125
2010-07-22,1072.1400146484375,1093.6700439453125
2010-07-23,1092.1700439453125,1102.6600341796875
2010-07-26,1102.8900146484375,1115.010009765625
2010-07-27,1117.3599853515625,1113.8399658203125
2010-07-28,1112.8399658203125,1106.1300048828125
2010-07-29,1108.0699462890625,1101.530029296875
2010-07-30,1098.43994140625,1101.5999755859375
2010-08-02,1107.530029296875,1125.8599853515625
2010-08-03,1125.3399658203125,1120.4599609375
2010-08-04,1121.06005859375,1127.239990234375
2010-08-05,1125.780029296875,1125.81005859375
2010-08-06,1122.0699462890625,1121.6400146484375
2010-08-09,1122.800048828125,1127.7900390625
2010-08-10,1122.9200439453125,1121.06005859375
2010-08-11,1116.8900146484375,1089.469970703125
2010-08-12,1081.47998046875,1083.6099853515625
2010-08-13,1082.219970703125,1079.25
2010-08-16,1077.489990234375,1079.3800048828125
2010-08-17,1081.1600341796875,1092.5400390625
2010-08-18,1092.0799560546875,1094.1600341796875
2010-08-19,1092.43994140625,1075.6300048828125
2010-08-20,1075.6300048828125,1071.68994140625
2010-08-23,1073.3599853515625,1067.3599853515625
2010-08-24,1063.199951171875,1051.8699951171875
2010-08-25,1048.97998046875,1055.3299560546875
2010-08-26,1056.280029296875,1047.219970703125
2010-08-27,1049.27001953125,1064.5899658203125
2010-08-30,1062.9000244140625,1048.9200439453125
2010-08-31,1046.8800048828125,1049.3299560546875
2010-09-01,1049.719970703125,1080.2900390625
2010-09-02,1080.6600341796875,1090.0999755859375
2010-09-03,1093.6099853515625,1104.510009765625
2010-09-07,1102.5999755859375,1091.8399658203125
2010-09-08,1092.3599853515625,1098.8699951171875
2010-09-09,1101.1500244140625,1104.1800537109375
2010-09-10,1104.5699462890625,1109.550048828125
2010-09-13,1113.3800048828125,1121.9000244140625
2010-09-14,1121.1600341796875,1121.0999755859375
2010-09-15,1119.4300537109375,1125.0699462890625
2010-09-16,1123.8900146484375,1124.6600341796875
2010-09-17,1126.3900146484375,1125.5899658203125
2010-09-20,1126.5699462890625,1142.7099609375
2010-09-21,1142.8199462890625,1139.780029296875
2010-09-22,1139.489990234375,1134.280029296875
2010-09-23,1131.0999755859375,1124.8299560546875
2010-09-24,1131.68994140625,1148.6700439453125
2010-09-27,1148.6400146484375,1142.1600341796875
2010-09-28,1142.31005859375,1147.699951171875
2010-09-29,1146.75,1144.72998046875
2010-09-30,1145.969970703125,1141.199951171875
2010-10-01,1143.489990234375,1146.239990234375
2010-10-04,1144.9599609375,1137.030029296875
2010-10-05,1140.6800537109375,1160.75
2010-10-06,1159.81005859375,1159.969970703125
2010-10-07,1161.5699462890625,1158.06005859375
2010-10-08,1158.3599853515625,1165.1500244140625
2010-10-11,1165.3199462890625,1165.3199462890625
2010-10-12,1164.280029296875,1169.77001953125
2010-10-13,1171.3199462890625,1178.0999755859375
2010-10-14,1177.8199462890625,1173.81005859375
2010-10-15,1177.469970703125,1176.18994140625
2010-10-18,1176.8299560546875,1184.7099609375
2010-10-19,1178.6400146484375,1165.9000244140625
2010-10-20,1166.739990234375,1178.1700439453125
2010-10-21,1179.8199462890625,1180.260009765625
2010-10-22,1180.52001953125,1183.0799560546875
2010-10-25,1184.739990234375,1185.6199951171875
2010-10-26,1184.8800048828125,1185.6400146484375
2010-10-27,1183.8399658203125,1182.449951171875
2010-10-28,1184.469970703125,1183.780029296875
2010-10-29,1183.8699951171875,1183.260009765625
2010-11-01,1185.7099609375,1184.3800048828125
2010-11-02,1187.8599853515625,1193.5699462890625
2010-11-03,1193.7900390625,1197.9599609375
2010-11-04,1198.3399658203125,1221.06005859375
2010-11-05,1221.199951171875,1225.8499755859375
2010-11-08,1223.239990234375,1223.25
2010-11-09,1223.5899658203125,1213.4000244140625
2010-11-10,1213.1400146484375,1218.7099609375
2010-11-11,1213.0400390625,1213.5400390625
2010-11-12,1209.0699462890625,1199.2099609375
2010-11-15,1200.43994140625,1197.75
2010-11-16,1194.7900390625,1178.3399658203125
2010-11-17,1178.3299560546875,1178.5899658203125
2010-11-18,1183.75,1196.68994140625
2010-11-19,1196.1199951171875,1199.72998046875
2010-11-22,1198.0699462890625,1197.8399658203125
2010-11-23,1192.510009765625,1180.72998046875
2010-11-24,1183.699951171875,1198.3499755859375
2010-11-26,1194.1600341796875,1189.4000244140625
2010-11-29,1189.0799560546875,1187.760009765625
2010-11-30,1182.9599609375,1180.550048828125
2010-12-01,1186.5999755859375,1206.0699462890625
2010-12-02,1206.81005859375,1221.530029296875
2010-12-03,1219.9300537109375,1224.7099609375
2010-12-06,1223.8699951171875,1223.1199951171875
2010-12-07,1227.25,1223.75
2010-12-08,1225.02001953125,1228.280029296875
2010-12-09,1230.1400146484375,1233.0
2010-12-10,1233.8499755859375,1240.4000244140625
2010-12-13,1242.52001953125,1240.4599609375
2010-12-14,1241.8399658203125,1241.5899658203125
2010-12-15,1241.5799560546875,1235.22998046875
2010-12-16,1236.3399658203125,1242.8699951171875
2010-12-17,1243.6300048828125,1243.9100341796875
2010-12-20,1245.760009765625,1247.0799560546875
2010-12-21,1249.4300537109375,1254.5999755859375
2010-12-22,1254.93994140625,1258.8399658203125
2010-12-23,1257.530029296875,1256.77001953125
2010-12-27,1254.6600341796875,1257.5400390625
2010-12-28,1259.0999755859375,1258.510009765625
2010-12-29,1258.780029296875,1259.780029296875
2010-12-30,1259.43994140625,1257.8800048828125
2010-12-31,1256.760009765625,1257.6400146484375
2011-01-03,1257.6199951171875,1271.8699951171875
2011-01-04,1272.949951171875,1270.199951171875
2011-01-05,1268.780029296875,1276.56005859375
2011-01-06,1276.2900390625,1273.8499755859375
2011-01-07,1274.4100341796875,1271.5
2011-01-10,1270.8399658203125,1269.75
2011-01-11,1272.5799560546875,1274.47998046875
2011-01-12,1275.6500244140625,1285.9599609375
2011-01-13,1285.780029296875,1283.760009765625
2011-01-14,1282.9000244140625,1293.239990234375
2011-01-18,1293.219970703125,1295.02001953125
2011-01-19,1294.52001953125,1281.9200439453125
2011-01-20,1280.8499755859375,1280.260009765625
2011-01-21,1283.6300048828125,1283.3499755859375
2011-01-24,1283.2900390625,1290.8399658203125
2011-01-25,1288.1700439453125,1291.1800537109375
2011-01-26,1291.969970703125,1296.6300048828125
2011-01-27,1297.510009765625,1299.5400390625
2011-01-28,1299.6300048828125,1276.3399658203125
2011-01-31,1276.5,1286.1199951171875
2011-02-01,1289.1400146484375,1307.5899658203125
2011-02-02,1305.9100341796875,1304.030029296875
2011-02-03,1302.77001953125,1307.0999755859375
2011-02-04,1307.010009765625,1310.8699951171875
2011-02-07,1311.8499755859375,1319.050048828125
2011-02-08,1318.760009765625,1324.5699462890625
2011-02-09,1322.47998046875,1320.8800048828125
2011-02-10,1318.1300048828125,1321.8699951171875
2011-02-11,1318.6600341796875,1329.1500244140625
2011-02-14,1328.72998046875,1332.3199462890625
2011-02-15,1330.4300537109375,1328.010009765625
2011-02-16,1329.510009765625,1336.3199462890625
2011-02-17,1334.3699951171875,1340.4300537109375
2011-02-18,1340.3800048828125,1343.010009765625
2011-02-22,1338.9100341796875,1315.43994140625
2011-02-23,1315.43994140625,1307.4000244140625
2011-02-24,1307.0899658203125,1306.0999755859375
2011-02-25,1307.3399658203125,1319.8800048828125
2011-02-28,1321.6099853515625,1327.219970703125
2011-03-01,1328.6400146484375,1306.3299560546875
2011-03-02,1305.469970703125,1308.43994140625
2011-03-03,1312.3699951171875,1330.969970703125
2011-03-04,1330.72998046875,1321.1500244140625
2011-03-07,1322.719970703125,1310.1300048828125
2011-03-08,1311.050048828125,1321.8199462890625
2011-03-09,1319.9200439453125,1320.02001953125
2011-03-10,1315.719970703125,1295.1099853515625
2011-03-11,1293.4300537109375,1304.280029296875
2011-03-14,1301.18994140625,1296.3900146484375
2011-03-15,1288.4599609375,1281.8699951171875
2011-03-16,1279.4599609375,1256.8800048828125
2011-03-17,1261.6099853515625,1273.719970703125
2011-03-18,1276.7099609375,1279.2099609375
2011-03-21,1281.6500244140625,1298.3800048828125
2011-03-22,1298.2900390625,1293.77001953125
2011-03-23,1292.18994140625,1297.5400390625
2011-03-24,1300.6099853515625,1309.6600341796875
2011-03-25,1311.800048828125,1313.800048828125
2011-03-28,1315.449951171875,1310.18994140625
2011-03-29,1309.3699951171875,1319.43994140625
2011-03-30,1321.8900146484375,1328.260009765625
2011-03-31,1327.43994140625,1325.8299560546875
2011-04-01,1329.47998046875,1332.4100341796875
2011-04-04,1333.56005859375,1332.8699951171875
2011-04-05,1332.030029296875,1332.6300048828125
2011-04-06,1335.93994140625,1335.5400390625
2011-04-07,1334.8199462890625,1333.510009765625
2011-04-08,1336.1600341796875,1328.1700439453125
2011-04-11,1329.010009765625,1324.4599609375
2011-04-12,1321.9599609375,1314.1600341796875
2011-04-13,1314.030029296875,1314.4100341796875
2011-04-14,1311.1300048828125,1314.52001953125
2011-04-15,1314.5400390625,1319.6800537109375
2011-04-18,1313.3499755859375,1305.1400146484375
2011-04-19,1305.989990234375,1312.6199951171875
2011-04-20,1319.1199951171875,1330.3599853515625
2011-04-21,1333.22998046875,1337.3800048828125
2011-04-25,1337.1400146484375,1335.25
2011-04-26,1336.75,1347.239990234375
2011-04-27,1348.4300537109375,1355.6600341796875
2011-04-28,1353.8599853515625,1360.47998046875
2011-04-29,1360.1400146484375,1363.6099853515625
2011-05-02,1365.2099609375,1361.219970703125
2011-05-03,1359.760009765625,1356.6199951171875
2011-05-04,1355.9000244140625,1347.3199462890625
2011-05-05,1344.1600341796875,1335.0999755859375
2011-05-06,1340.239990234375,1340.199951171875
2011-05-09,1340.199951171875,1346.2900390625
2011-05-10,1348.3399658203125,1357.1600341796875
2011-05-11,1354.510009765625,1342.0799560546875
2011-05-12,1339.3900146484375,1348.6500244140625
2011-05-13,1348.68994140625,1337.77001953125
2011-05-16,1334.77001953125,1329.469970703125
2011-05-17,1326.0999755859375,1328.97998046875
2011-05-18,1328.5400390625,1340.6800537109375
2011-05-19,1342.4000244140625,1343.5999755859375
2011-05-20,1342.0,1333.27001953125
2011-05-23,1333.0699462890625,1317.3699951171875
2011-05-24,1317.699951171875,1316.280029296875
2011-05-25,1316.3599853515625,1320.469970703125
2011-05-26,1320.6400146484375,1325.68994140625
2011-05-27,1325.68994140625,1331.0999755859375
2011-05-31,1331.0999755859375,1345.199951171875
2011-06-01,1345.199951171875,1314.550048828125
2011-06-02,1314.550048828125,1312.93994140625
2011-06-03,1312.93994140625,1300.1600341796875
2011-06-06,1300.260009765625,1286.1700439453125
2011-06-07,1286.31005859375,1284.93994140625
2011-06-08,1284.6300048828125,1279.56005859375
2011-06-09,1279.6300048828125,1289.0
2011-06-10,1288.5999755859375,1270.97998046875
2011-06-13,1271.31005859375,1271.8299560546875
2011-06-14,1272.219970703125,1287.8699951171875
2011-06-15,1287.8699951171875,1265.4200439453125
2011-06-16,1265.530029296875,1267.6400146484375
2011-06-17,1268.5799560546875,1271.5
2011-06-20,1271.5,1278.3599853515625
2011-06-21,1278.4000244140625,1295.52001953125
2011-06-22,1295.47998046875,1287.1400146484375
2011-06-23,1286.5999755859375,1283.5
2011-06-24,1283.0400390625,1268.449951171875
2011-06-27,1268.43994140625,1280.0999755859375
2011-06-28,1280.2099609375,1296.6700439453125
2011-06-29,1296.8499755859375,1307.4100341796875
2011-06-30,1307.6400146484375,1320.6400146484375
2011-07-01,1320.6400146484375,1339.6700439453125
2011-07-05,1339.5899658203125,1337.8800048828125
2011-07-06,1337.56005859375,1339.219970703125
2011-07-07,1339.6199951171875,1353.219970703125
2011-07-08,1352.3900146484375,1343.800048828125
2011-07-11,1343.31005859375,1319.489990234375
2011-07-12,1319.6099853515625,1313.6400146484375
2011-07-13,1314.449951171875,1317.719970703125
2011-07-14,1317.739990234375,1308.8699951171875
2011-07-15,1308.8699951171875,1316.1400146484375
2011-07-18,1315.93994140625,1305.43994140625
2011-07-19,1307.0699462890625,1326.72998046875
2011-07-20,1328.6600341796875,1325.8399658203125
2011-07-21,1325.6500244140625,1343.800048828125
2011-07-22,1343.800048828125,1345.02001953125
2011-07-25,1344.3199462890625,1337.4300537109375
2011-07-26,1337.3900146484375,1331.93994140625
2011-07-27,1331.9100341796875,1304.8900146484375
2011-07-28,1304.8399658203125,1300.6700439453125
2011-07-29,1300.1199951171875,1292.280029296875
2011-08-01,1292.5899658203125,1286.93994140625
2011-08-02,1286.56005859375,1254.050048828125
2011-08-03,1254.25,1260.3399658203125
2011-08-04,1260.22998046875,1200.0699462890625
2011-08-05,1200.280029296875,1199.3800048828125
2011-08-08,1198.47998046875,1119.4599609375
2011-08-09,1120.22998046875,1172.530029296875
2011-08-10,1171.77001953125,1120.760009765625
2011-08-11,1121.300048828125,1172.6400146484375
2011-08-12,1172.8699951171875,1178.81005859375
2011-08-15,1178.8599853515625,1204.489990234375
2011-08-16,1204.219970703125,1192.760009765625
2011-08-17,1192.8900146484375,1193.8900146484375
2011-08-18,1189.6199951171875,1140.6500244140625
2011-08-19,1140.469970703125,1123.530029296875
2011-08-22,1123.550048828125,1123.8199462890625
2011-08-23,1124.3599853515625,1162.3499755859375
2011-08-24,1162.1600341796875,1177.5999755859375
2011-08-25,1176.68994140625,1159.27001953125
2011-08-26,1158.8499755859375,1176.800048828125
2011-08-29,1177.9100341796875,1210.0799560546875
2011-08-30,1209.760009765625,1212.9200439453125
2011-08-31,1213.0,1218.8900146484375
2011-09-01,1219.1199951171875,1204.4200439453125
2011-09-02,1203.9000244140625,1173.969970703125
2011-09-06,1173.969970703125,1165.239990234375
2011-09-07,1165.8499755859375,1198.6199951171875
2011-09-08,1197.97998046875,1185.9000244140625
2011-09-09,1185.3699951171875,1154.22998046875
2011-09-12,1153.5,1162.27001953125
2011-09-13,1162.5899658203125,1172.8699951171875
2011-09-14,1173.3199462890625,1188.6800537109375
2011-09-15,1189.43994140625,1209.1099853515625
2011-09-16,1209.2099609375,1216.010009765625
2011-09-19,1214.989990234375,1204.0899658203125
2011-09-20,1204.5,1202.0899658203125
2011-09-21,1203.6300048828125,1166.760009765625
2011-09-22,1164.550048828125,1129.56005859375
2011-09-23,1128.8199462890625,1136.4300537109375
2011-09-26,1136.9100341796875,1162.949951171875
2011-09-27,1163.3199462890625,1175.3800048828125
2011-09-28,1175.3900146484375,1151.06005859375
2011-09-29,1151.739990234375,1160.4000244140625
2011-09-30,1159.9300537109375,1131.4200439453125
2011-10-03,1131.2099609375,1099.22998046875
2011-10-04,1097.4200439453125,1123.949951171875
2011-10-05,1124.030029296875,1144.030029296875
2011-10-06,1144.1099853515625,1164.969970703125
2011-10-07,1165.030029296875,1155.4599609375
2011-10-10,1158.1500244140625,1194.8900146484375
2011-10-11,1194.5999755859375,1195.5400390625
2011-10-12,1196.18994140625,1207.25
2011-10-13,1206.9599609375,1203.6600341796875
2011-10-14,1205.6500244140625,1224.5799560546875
2011-10-17,1224.469970703125,1200.8599853515625
2011-10-18,1200.75,1225.3800048828125
2011-10-19,1223.4599609375,1209.8800048828125
2011-10-20,1209.9200439453125,1215.3900146484375
2011-10-21,1215.3900146484375,1238.25
2011-10-24,1238.719970703125,1254.18994140625
2011-10-25,1254.18994140625,1229.050048828125
2011-10-26,1229.1700439453125,1242.0
2011-10-27,1243.969970703125,1284.5899658203125
2011-10-28,1284.3900146484375,1285.0899658203125
2011-10-31,1284.9599609375,1253.300048828125
2011-11-01,1251.0,1218.280029296875
2011-11-02,1219.6199951171875,1237.9000244140625
2011-11-03,1238.25,1261.1500244140625
2011-11-04,1260.8199462890625,1253.22998046875
2011-11-07,1253.2099609375,1261.1199951171875
2011-11-08,1261.1199951171875,1275.9200439453125
2011-11-09,1275.1800537109375,1229.0999755859375
2011-11-10,1229.5899658203125,1239.699951171875
2011-11-11,1240.1199951171875,1263.8499755859375
2011-11-14,1263.8499755859375,1251.780029296875
2011-11-15,1251.699951171875,1257.81005859375
2011-11-16,1257.81005859375,1236.9100341796875
2011-11-17,1236.56005859375,1216.1300048828125
2011-11-18,1216.18994140625,1215.6500244140625
2011-11-21,1215.6199951171875,1192.97998046875
2011-11-22,1192.97998046875,1188.0400390625
2011-11-23,1187.47998046875,1161.7900390625
2011-11-25,1161.4100341796875,1158.6700439453125
2011-11-28,1158.6700439453125,1192.550048828125
2011-11-29,1192.56005859375,1195.18994140625
2011-11-30,1196.719970703125,1246.9599609375
2011-12-01,1246.9100341796875,1244.5799560546875
2011-12-02,1246.030029296875,1244.280029296875
2011-12-05,1244.3299560546875,1257.0799560546875
2011-12-06,1257.18994140625,1258.469970703125
2011-12-07,1258.1400146484375,1261.010009765625
2011-12-08,1260.8699951171875,1234.3499755859375
2011-12-09,1234.47998046875,1255.18994140625
2011-12-12,1255.050048828125,1236.469970703125
2011-12-13,1236.8299560546875,1225.72998046875
2011-12-14,1225.72998046875,1211.8199462890625
2011-12-15,1212.1199951171875,1215.75
2011-12-16,1216.0899658203125,1219.6600341796875
2011-12-19,1219.739990234375,1205.3499755859375
2011-12-20,1205.719970703125,1241.300048828125
2011-12-21,1241.25,1243.719970703125
2011-12-22,1243.719970703125,1254.0
2011-12-23,1254.0,1265.3299560546875
2011-12-27,1265.02001953125,1265.4300537109375
2011-12-28,1265.3800048828125,1249.6400146484375
2011-12-29,1249.75,1263.02001953125
2011-12-30,1262.8199462890625,1257.5999755859375
2012-01-03,1258.8599853515625,1277.06005859375
2012-01-04,1277.030029296875,1277.300048828125
2012-01-05,1277.300048828125,1281.06005859375
2012-01-06,1280.9300537109375,1277.81005859375
2012-01-09,1277.8299560546875,1280.699951171875
2012-01-10,1280.77001953125,1292.0799560546875
2012-01-11,1292.02001953125,1292.47998046875
2012-01-12,1292.47998046875,1295.5
2012-01-13,1294.8199462890625,1289.0899658203125
2012-01-17,1290.219970703125,1293.6700439453125
2012-01-18,1293.6500244140625,1308.0400390625
2012-01-19,1308.0699462890625,1314.5
2012-01-20,1314.489990234375,1315.3800048828125
2012-01-23,1315.2900390625,1316.0
2012-01-24,1315.9599609375,1314.6500244140625
2012-01-25,1314.4000244140625,1326.06005859375
2012-01-26,1326.280029296875,1318.4300537109375
2012-01-27,1318.25,1316.3299560546875
2012-01-30,1316.1600341796875,1313.010009765625
2012-01-31,1313.530029296875,1312.4100341796875
2012-02-01,1312.449951171875,1324.0899658203125
2012-02-02,1324.239990234375,1325.5400390625
2012-02-03,1326.2099609375,1344.9000244140625
2012-02-06,1344.3199462890625,1344.3299560546875
2012-02-07,1344.3299560546875,1347.050048828125
2012-02-08,1347.0400390625,1349.9599609375
2012-02-09,1349.969970703125,1351.949951171875
2012-02-10,1351.2099609375,1342.6400146484375
2012-02-13,1343.06005859375,1351.77001953125
2012-02-14,1351.300048828125,1350.5
2012-02-15,1350.52001953125,1343.22998046875
2012-02-16,1342.6099853515625,1358.0400390625
2012-02-17,1358.06005859375,1361.22998046875
2012-02-21,1361.219970703125,1362.2099609375
2012-02-22,1362.1099853515625,1357.6600341796875
2012-02-23,1357.530029296875,1363.4599609375
2012-02-24,1363.4599609375,1365.739990234375
2012-02-27,1365.199951171875,1367.5899658203125
2012-02-28,1367.56005859375,1372.1800537109375
2012-02-29,1372.199951171875,1365.6800537109375
2012-03-01,1365.9000244140625,1374.0899658203125
2012-03-02,1374.0899658203125,1369.6300048828125
2012-03-05,1369.5899658203125,1364.3299560546875
2012-03-06,1363.6300048828125,1343.3599853515625
2012-03-07,1343.3900146484375,1352.6300048828125
2012-03-08,1352.6500244140625,1365.9100341796875
2012-03-09,1365.969970703125,1370.8699951171875
2012-03-12,1370.780029296875,1371.0899658203125
2012-03-13,1371.9200439453125,1395.949951171875
2012-03-14,1395.949951171875,1394.280029296875
2012-03-15,1394.1700439453125,1402.5999755859375
2012-03-16,1402.550048828125,1404.1700439453125
2012-03-19,1404.1700439453125,1409.75
2012-03-20,1409.5899658203125,1405.52001953125
2012-03-21,1405.52001953125,1402.8900146484375
2012-03-22,1402.8900146484375,1392.780029296875
2012-03-23,1392.780029296875,1397.1099853515625
2012-03-26,1397.1099853515625,1416.510009765625
2012-03-27,1416.550048828125,1412.52001953125
2012-03-28,1412.52001953125,1405.5400390625
2012-03-29,1405.3900146484375,1403.280029296875
2012-03-30,1403.31005859375,1408.469970703125
2012-04-02,1408.469970703125,1419.0400390625
2012-04-03,1418.97998046875,1413.3800048828125
2012-04-04,1413.0899658203125,1398.9599609375
2012-04-05,1398.7900390625,1398.0799560546875
2012-04-09,1397.449951171875,1382.199951171875
2012-04-10,1382.1800537109375,1358.5899658203125
2012-04-11,1358.97998046875,1368.7099609375
2012-04-12,1368.77001953125,1387.5699462890625
2012-04-13,1387.6099853515625,1370.260009765625
2012-04-16,1370.27001953125,1369.5699462890625
2012-04-17,1369.5699462890625,1390.780029296875
2012-04-18,1390.780029296875,1385.1400146484375
2012-04-19,1385.0799560546875,1376.9200439453125
2012-04-20,1376.9599609375,1378.530029296875
2012-04-23,1378.530029296875,1366.93994140625
2012-04-24,1366.969970703125,1371.969970703125
2012-04-25,1372.1099853515625,1390.68994140625
2012-04-26,1390.6400146484375,1399.97998046875
2012-04-27,1400.18994140625,1403.3599853515625
2012-04-30,1403.260009765625,1397.9100341796875
2012-05-01,1397.8599853515625,1405.8199462890625
2012-05-02,1405.5,1402.31005859375
2012-05-03,1402.3199462890625,1391.5699462890625
2012-05-04,1391.510009765625,1369.0999755859375
2012-05-07,1368.7900390625,1369.5799560546875
2012-05-08,1369.1600341796875,1363.719970703125
2012-05-09,1363.199951171875,1354.5799560546875
2012-05-10,1354.5799560546875,1357.989990234375
2012-05-11,1358.1099853515625,1353.3900146484375
2012-05-14,1351.9300537109375,1338.3499755859375
2012-05-15,1338.3599853515625,1330.6600341796875
2012-05-16,1330.780029296875,1324.800048828125
2012-05-17,1324.8199462890625,1304.8599853515625
2012-05-18,1305.050048828125,1295.219970703125
2012-05-21,1295.72998046875,1315.989990234375
2012-05-22,1316.0899658203125,1316.6300048828125
2012-05-23,1316.02001953125,1318.8599853515625
2012-05-24,1318.719970703125,1320.6800537109375
2012-05-25,1320.81005859375,1317.8199462890625
2012-05-29,1318.9000244140625,1332.4200439453125
2012-05-30,1331.25,1313.3199462890625
2012-05-31,1313.0899658203125,1310.3299560546875
2012-06-01,1309.8699951171875,1278.0400390625
2012-06-04,1278.2900390625,1278.1800537109375
2012-06-05,1277.8199462890625,1285.5
2012-06-06,1285.6099853515625,1315.1300048828125
2012-06-07,1316.1500244140625,1314.989990234375
2012-06-08,1314.989990234375,1325.6600341796875
2012-06-11,1325.719970703125,1308.9300537109375
2012-06-12,1309.4000244140625,1324.1800537109375
2012-06-13,1324.02001953125,1314.8800048828125
2012-06-14,1314.8800048828125,1329.0999755859375
2012-06-15,1329.18994140625,1342.8399658203125
2012-06-18,1342.4200439453125,1344.780029296875
2012-06-19,1344.8299560546875,1357.97998046875
2012-06-20,1358.0400390625,1355.68994140625
2012-06-21,1355.4300537109375,1325.510009765625
2012-06-22,1325.9200439453125,1335.02001953125
2012-06-25,1334.9000244140625,1313.719970703125
2012-06-26,1314.0899658203125,1319.989990234375
2012-06-27,1320.7099609375,1331.8499755859375
2012-06-28,1331.52001953125,1329.0400390625
2012-06-29,1330.1199951171875,1362.1600341796875
2012-07-02,1362.3299560546875,1365.510009765625
2012-07-03,1365.75,1374.02001953125
2012-07-05,1373.719970703125,1367.5799560546875
2012-07-06,1367.0899658203125,1354.6800537109375
2012-07-09,1354.6600341796875,1352.4599609375
2012-07-10,1352.9599609375,1341.469970703125
2012-07-11,1341.4000244140625,1341.449951171875
2012-07-12,1341.2900390625,1334.760009765625
2012-07-13,1334.81005859375,1356.780029296875
2012-07-16,1356.5,1353.6400146484375
2012-07-17,1353.6800537109375,1363.6700439453125
2012-07-18,1363.5799560546875,1372.780029296875
2012-07-19,1373.010009765625,1376.510009765625
2012-07-20,1376.510009765625,1362.6600341796875
2012-07-23,1362.3399658203125,1350.52001953125
2012-07-24,1350.52001953125,1338.31005859375
2012-07-25,1338.3499755859375,1337.8900146484375
2012-07-26,1338.1700439453125,1360.02001953125
2012-07-27,1360.050048828125,1385.969970703125
2012-07-30,1385.93994140625,1385.300048828125
2012-07-31,1385.27001953125,1379.3199462890625
2012-08-01,1379.3199462890625,1375.3199462890625
2012-08-02,1375.1300048828125,1365.0
2012-08-03,1365.449951171875,1390.989990234375
2012-08-06,1391.0400390625,1394.22998046875
2012-08-07,1394.4599609375,1401.3499755859375
2012-08-08,1401.22998046875,1402.219970703125
2012-08-09,1402.260009765625,1402.800048828125
2012-08-10,1402.5799560546875,1405.8699951171875
2012-08-13,1405.8699951171875,1404.1099853515625
2012-08-14,1404.3599853515625,1403.9300537109375
2012-08-15,1403.8900146484375,1405.530029296875
2012-08-16,1405.5699462890625,1415.510009765625
2012-08-17,1415.8399658203125,1418.1600341796875
2012-08-20,1417.8499755859375,1418.1300048828125
2012-08-21,1418.1300048828125,1413.1700439453125
2012-08-22,1413.0899658203125,1413.489990234375
2012-08-23,1413.489990234375,1402.0799560546875
2012-08-24,1401.989990234375,1411.1300048828125
2012-08-27,1411.1300048828125,1410.43994140625
2012-08-28,1410.43994140625,1409.300048828125
2012-08-29,1409.3199462890625,1410.489990234375
2012-08-30,1410.0799560546875,1399.47998046875
2012-08-31,1400.0699462890625,1406.5799560546875
2012-09-04,1406.5400390625,1404.93994140625
2012-09-05,1404.93994140625,1403.43994140625
2012-09-06,1403.739990234375,1432.1199951171875
2012-09-07,1432.1199951171875,1437.9200439453125
2012-09-10,1437.9200439453125,1429.0799560546875
2012-09-11,1429.1300048828125,1433.56005859375
2012-09-12,1433.56005859375,1436.56005859375
2012-09-13,1436.56005859375,1459.989990234375
2012-09-14,1460.0699462890625,1465.77001953125
2012-09-17,1465.4200439453125,1461.18994140625
2012-09-18,1461.18994140625,1459.3199462890625
2012-09-19,1459.5,1461.050048828125
2012-09-20,1461.050048828125,1460.260009765625
2012-09-21,1460.3399658203125,1460.1500244140625
2012-09-24,1459.760009765625,1456.8900146484375
2012-09-25,1456.93994140625,1441.5899658203125
2012-09-26,1441.5999755859375,1433.3199462890625
2012-09-27,1433.3599853515625,1447.1500244140625
2012-09-28,1447.1300048828125,1440.6700439453125
2012-10-01,1440.9000244140625,1444.489990234375
2012-10-02,1444.989990234375,1445.75
2012-10-03,1446.050048828125,1450.989990234375
2012-10-04,1451.0799560546875,1461.4000244140625
2012-10-05,1461.4000244140625,1460.9300537109375
2012-10-08,1460.9300537109375,1455.8800048828125
2012-10-09,1455.9000244140625,1441.47998046875
2012-10-10,1441.47998046875,1432.56005859375
2012-10-11,1432.8199462890625,1432.8399658203125
2012-10-12,1432.8399658203125,1428.5899658203125
2012-10-15,1428.75,1440.1300048828125
2012-10-16,1440.31005859375,1454.9200439453125
2012-10-17,1454.219970703125,1460.9100341796875
2012-10-18,1460.93994140625,1457.3399658203125
2012-10-19,1457.3399658203125,1433.18994140625
2012-10-22,1433.2099609375,1433.8199462890625
2012-10-23,1433.739990234375,1413.1099853515625
2012-10-24,1413.199951171875,1408.75
2012-10-25,1409.739990234375,1412.969970703125
2012-10-26,1412.969970703125,1411.93994140625
2012-10-31,1410.989990234375,1412.1600341796875
2012-11-01,1412.199951171875,1427.5899658203125
2012-11-02,1427.5899658203125,1414.199951171875
2012-11-05,1414.02001953125,1417.260009765625
2012-11-06,1417.260009765625,1428.3900146484375
2012-11-07,1428.27001953125,1394.530029296875
2012-11-08,1394.530029296875,1377.510009765625
2012-11-09,1377.550048828125,1379.8499755859375
2012-11-12,1379.8599853515625,1380.030029296875
2012-11-13,1380.030029296875,1374.530029296875
2012-11-14,1374.6400146484375,1355.489990234375
2012-11-15,1355.4100341796875,1353.3299560546875
2012-11-16,1353.3599853515625,1359.8800048828125
2012-11-19,1359.8800048828125,1386.8900146484375
2012-11-20,1386.8199462890625,1387.81005859375
2012-11-21,1387.7900390625,1391.030029296875
2012-11-23,1391.030029296875,1409.1500244140625
2012-11-26,1409.1500244140625,1406.2900390625
2012-11-27,1406.2900390625,1398.93994140625
2012-11-28,1398.77001953125,1409.9300537109375
2012-11-29,1409.9599609375,1415.949951171875
2012-11-30,1415.949951171875,1416.1800537109375
2012-12-03,1416.3399658203125,1409.4599609375
2012-12-04,1409.4599609375,1407.050048828125
2012-12-05,1407.050048828125,1409.280029296875
2012-12-06,1409.4300537109375,1413.93994140625
2012-12-07,1413.949951171875,1418.0699462890625
2012-12-10,1418.0699462890625,1418.550048828125
2012-12-11,1418.550048828125,1427.8399658203125
2012-12-12,1427.8399658203125,1428.47998046875
2012-12-13,1428.47998046875,1419.449951171875
2012-12-14,1419.449951171875,1413.5799560546875
2012-12-17,1413.5400390625,1430.3599853515625
2012-12-18,1430.469970703125,1446.7900390625
2012-12-19,1446.7900390625,1435.81005859375
2012-12-20,1435.81005859375,1443.68994140625
2012-12-21,1443.6700439453125,1430.1500244140625
2012-12-24,1430.1500244140625,1426.6600341796875
2012-12-26,1426.6600341796875,1419.8299560546875
2012-12-27,1419.8299560546875,1418.0999755859375
2012-12-28,1418.0999755859375,1402.4300537109375
2012-12-31,1402.4300537109375,1426.18994140625
2013-01-02,1426.18994140625,1462.4200439453125
2013-01-03,1462.4200439453125,1459.3699951171875
2013-01-04,1459.3699951171875,1466.469970703125
2013-01-07,1466.469970703125,1461.8900146484375
2013-01-08,1461.8900146484375,1457.1500244140625
2013-01-09,1457.1500244140625,1461.02001953125
2013-01-10,1461.02001953125,1472.1199951171875
2013-01-11,1472.1199951171875,1472.050048828125
2013-01-14,1472.050048828125,1470.6800537109375
2013-01-15,1470.6700439453125,1472.3399658203125
2013-01-16,1472.3299560546875,1472.6300048828125
2013-01-17,1472.6300048828125,1480.93994140625
2013-01-18,1480.949951171875,1485.97998046875
2013-01-22,1485.97998046875,1492.56005859375
2013-01-23,1492.56005859375,1494.81005859375
2013-01-24,1494.81005859375,1494.8199462890625
2013-01-25,1494.8199462890625,1502.9599609375
2013-01-28,1502.9599609375,1500.1800537109375
2013-01-29,1500.1800537109375,1507.8399658203125
2013-01-30,1507.8399658203125,1501.9599609375
2013-01-31,1501.9599609375,1498.1099853515625
2013-02-01,1498.1099853515625,1513.1700439453125
2013-02-04,1513.1700439453125,1495.7099609375
2013-02-05,1495.7099609375,1511.2900390625
2013-02-06,1511.2900390625,1512.1199951171875
2013-02-07,1512.1199951171875,1509.3900146484375
2013-02-08,1509.3900146484375,1517.9300537109375
2013-02-11,1517.9300537109375,1517.010009765625
2013-02-12,1517.010009765625,1519.4300537109375
2013-02-13,1519.4300537109375,1520.3299560546875
2013-02-14,1520.3299560546875,1521.3800048828125
2013-02-15,1521.3800048828125,1519.7900390625
2013-02-19,1519.7900390625,1530.93994140625
2013-02-20,1530.93994140625,1511.949951171875
2013-02-21,1511.949951171875,1502.4200439453125
2013-02-22,1502.4200439453125,1515.5999755859375
2013-02-25,1515.5999755859375,1487.8499755859375
2013-02-26,1487.8499755859375,1496.93994140625
2013-02-27,1496.93994140625,1515.989990234375
2013-02-28,1515.989990234375,1514.6800537109375
2013-03-01,1514.6800537109375,1518.199951171875
2013-03-04,1518.199951171875,1525.199951171875
2013-03-05,1525.199951171875,1539.7900390625
2013-03-06,1539.7900390625,1541.4599609375
2013-03-07,1541.4599609375,1544.260009765625
2013-03-08,1544.260009765625,1551.1800537109375
2013-03-11,1551.1500244140625,1556.219970703125
2013-03-12,1556.219970703125,1552.47998046875
2013-03-13,1552.47998046875,1554.52001953125
2013-03-14,1554.52001953125,1563.22998046875
2013-03-15,1563.2099609375,1560.699951171875
2013-03-18,1560.699951171875,1552.0999755859375
2013-03-19,1552.0999755859375,1548.3399658203125
2013-03-20,1548.3399658203125,1558.7099609375
2013-03-21,1558.7099609375,1545.800048828125
2013-03-22,1545.9000244140625,1556.8900146484375
2013-03-25,1556.8900146484375,1551.68994140625
2013-03-26,1551.68994140625,1563.77001953125
2013-03-27,1563.75,1562.8499755859375
2013-03-28,1562.8599853515625,1569.18994140625
2013-04-01,1569.1800537109375,1562.1700439453125
2013-04-02,1562.1700439453125,1570.25
2013-04-03,1570.25,1553.68994140625
2013-04-04,1553.68994140625,1559.97998046875
2013-04-05,1559.97998046875,1553.280029296875
2013-04-08,1553.260009765625,1563.0699462890625
2013-04-09,1563.1099853515625,1568.6099853515625
2013-04-10,1568.6099853515625,1587.72998046875
2013-04-11,1587.72998046875,1593.3699951171875
2013-04-12,1593.300048828125,1588.8499755859375
2013-04-15,1588.8399658203125,1552.3599853515625
2013-04-16,1552.3599853515625,1574.5699462890625
2013-04-17,1574.5699462890625,1552.010009765625
2013-04-18,1552.030029296875,1541.6099853515625
2013-04-19,1541.6099853515625,1555.25
2013-04-22,1555.25,1562.5
2013-04-23,1562.5,1578.780029296875
2013-04-24,1578.780029296875,1578.7900390625
2013-04-25,1578.9300537109375,1585.1600341796875
2013-04-26,1585.1600341796875,1582.239990234375
2013-04-29,1582.3399658203125,1593.6099853515625
2013-04-30,1593.5799560546875,1597.5699462890625
2013-05-01,1597.550048828125,1582.699951171875
2013-05-02,1582.77001953125,1597.5899658203125
2013-05-03,1597.5999755859375,1614.4200439453125
2013-05-06,1614.4000244140625,1617.5
2013-05-07,1617.550048828125,1625.9599609375
2013-05-08,1625.949951171875,1632.68994140625
2013-05-09,1632.68994140625,1626.6700439453125
2013-05-10,1626.68994140625,1633.699951171875
2013-05-13,1632.0999755859375,1633.77001953125
2013-05-14,1633.75,1650.3399658203125
2013-05-15,1649.1300048828125,1658.780029296875
2013-05-16,1658.0699462890625,1650.469970703125
2013-05-17,1652.449951171875,1667.469970703125
2013-05-20,1665.7099609375,1666.2900390625
2013-05-21,1666.199951171875,1669.1600341796875
2013-05-22,1669.3900146484375,1655.3499755859375
2013-05-23,1651.6199951171875,1650.510009765625
2013-05-24,1646.6700439453125,1649.5999755859375
2013-05-28,1652.6300048828125,1660.06005859375
2013-05-29,1656.5699462890625,1648.3599853515625
2013-05-30,1649.1400146484375,1654.4100341796875
2013-05-31,1652.1300048828125,1630.739990234375
2013-06-03,1631.7099609375,1640.4200439453125
2013-06-04,1640.72998046875,1631.3800048828125
2013-06-05,1629.050048828125,1608.9000244140625
2013-06-06,1609.2900390625,1622.56005859375
2013-06-07,1625.27001953125,1643.3800048828125
2013-06-10,1644.6700439453125,1642.81005859375
2013-06-11,1638.6400146484375,1626.1300048828125
2013-06-12,1629.93994140625,1612.52001953125
2013-06-13,1612.1500244140625,1636.3599853515625
2013-06-14,1635.52001953125,1626.72998046875
2013-06-17,1630.6400146484375,1639.0400390625
2013-06-18,1639.77001953125,1651.81005859375
2013-06-19,1651.8299560546875,1628.9300537109375
2013-06-20,1624.6199951171875,1588.18994140625
2013-06-21,1588.6199951171875,1592.4300537109375
2013-06-24,1588.77001953125,1573.0899658203125
2013-06-25,1577.52001953125,1588.030029296875
2013-06-26,1592.27001953125,1603.260009765625
2013-06-27,1606.43994140625,1613.199951171875
2013-06-28,1611.1199951171875,1606.280029296875
2013-07-01,1609.780029296875,1614.9599609375
2013-07-02,1614.2900390625,1614.0799560546875
2013-07-03,1611.47998046875,1615.4100341796875
2013-07-05,1618.6500244140625,1631.8900146484375
2013-07-08,1634.199951171875,1640.4599609375
2013-07-09,1642.8900146484375,1652.3199462890625
2013-07-10,1651.56005859375,1652.6199951171875
2013-07-11,1657.4100341796875,1675.02001953125
2013-07-12,1675.260009765625,1680.18994140625
2013-07-15,1679.5899658203125,1682.5
2013-07-16,1682.699951171875,1676.260009765625
2013-07-17,1677.9100341796875,1680.9100341796875
2013-07-18,1681.050048828125,1689.3699951171875
2013-07-19,1686.1500244140625,1692.0899658203125
2013-07-22,1694.4100341796875,1695.530029296875
2013-07-23,1696.6300048828125,1692.3900146484375
2013-07-24,1696.06005859375,1685.93994140625
2013-07-25,1685.2099609375,1690.25
2013-07-26,1687.31005859375,1691.6500244140625
2013-07-29,1690.3199462890625,1685.3299560546875
2013-07-30,1687.9200439453125,1685.9599609375
2013-07-31,1687.760009765625,1685.72998046875
2013-08-01,1689.4200439453125,1706.8699951171875
2013-08-02,1706.0999755859375,1709.6700439453125
2013-08-05,1708.010009765625,1707.1400146484375
2013-08-06,1705.7900390625,1697.3699951171875
2013-08-07,1695.300048828125,1690.9100341796875
2013-08-08,1693.3499755859375,1697.47998046875
2013-08-09,1696.0999755859375,1691.4200439453125
2013-08-12,1688.3699951171875,1689.469970703125
2013-08-13,1690.6500244140625,1694.1600341796875
2013-08-14,1693.8800048828125,1685.3900146484375
2013-08-15,1679.6099853515625,1661.3199462890625
2013-08-16,1661.219970703125,1655.8299560546875
2013-08-19,1655.25,1646.06005859375
2013-08-20,1646.81005859375,1652.3499755859375
2013-08-21,1650.6600341796875,1642.800048828125
2013-08-22,1645.030029296875,1656.9599609375
2013-08-23,1659.9200439453125,1663.5
2013-08-26,1664.2900390625,1656.780029296875
2013-08-27,1652.5400390625,1630.47998046875
2013-08-28,1630.25,1634.9599609375
2013-08-29,1633.5,1638.1700439453125
2013-08-30,1638.8900146484375,1632.969970703125
2013-09-03,1635.949951171875,1639.77001953125
2013-09-04,1640.719970703125,1653.0799560546875
2013-09-05,1653.280029296875,1655.0799560546875
2013-09-06,1657.43994140625,1655.1700439453125
2013-09-09,1656.8499755859375,1671.7099609375
2013-09-10,1675.1099853515625,1683.989990234375
2013-09-11,1681.0400390625,1689.1300048828125
2013-09-12,1689.2099609375,1683.4200439453125
2013-09-13,1685.0400390625,1687.989990234375
2013-09-16,1691.699951171875,1697.5999755859375
2013-09-17,1697.72998046875,1704.760009765625
2013-09-18,1705.739990234375,1725.52001953125
2013-09-19,1727.3399658203125,1722.3399658203125
2013-09-20,1722.43994140625,1709.9100341796875
2013-09-23,1711.43994140625,1701.8399658203125
2013-09-24,1702.5999755859375,1697.4200439453125
2013-09-25,1698.02001953125,1692.77001953125
2013-09-26,1694.050048828125,1698.6700439453125
2013-09-27,1695.52001953125,1691.75
2013-09-30,1687.260009765625,1681.550048828125
2013-10-01,1682.4100341796875,1695.0
2013-10-02,1691.9000244140625,1693.8699951171875
2013-10-03,1692.3499755859375,1678.6600341796875
2013-10-04,1678.7900390625,1690.5
2013-10-07,1687.1500244140625,1676.1199951171875
2013-10-08,1676.219970703125,1655.449951171875
2013-10-09,1656.989990234375,1656.4000244140625
2013-10-10,1660.8800048828125,1692.56005859375
2013-10-11,1691.0899658203125,1703.199951171875
2013-10-14,1699.8599853515625,1710.1400146484375
2013-10-15,1709.1700439453125,1698.06005859375
2013-10-16,1700.489990234375,1721.5400390625
2013-10-17,1720.1700439453125,1733.1500244140625
2013-10-18,1736.719970703125,1744.5
2013-10-21,1745.199951171875,1744.6600341796875
2013-10-22,1746.47998046875,1754.6700439453125
2013-10-23,1752.27001953125,1746.3800048828125
2013-10-24,1747.47998046875,1752.0699462890625
2013-10-25,1756.010009765625,1759.77001953125
2013-10-28,1759.4200439453125,1762.1099853515625
2013-10-29,1762.9300537109375,1771.949951171875
2013-10-30,1772.27001953125,1763.31005859375
2013-10-31,1763.239990234375,1756.5400390625
2013-11-01,1758.699951171875,1761.6400146484375
2013-11-04,1763.4000244140625,1767.9300537109375
2013-11-05,1765.6700439453125,1762.969970703125
2013-11-06,1765.0,1770.489990234375
2013-11-07,1770.739990234375,1747.1500244140625
2013-11-08,1748.3699951171875,1770.6099853515625
2013-11-11,1769.9599609375,1771.8900146484375
2013-11-12,1769.510009765625,1767.68994140625
2013-11-13,1764.3699951171875,1782.0
2013-11-14,1782.75,1790.6199951171875
2013-11-15,1790.6600341796875,1798.1800537109375
2013-11-18,1798.8199462890625,1791.530029296875
2013-11-19,1790.7900390625,1787.8699951171875
2013-11-20,1789.5899658203125,1781.3699951171875
2013-11-21,1783.52001953125,1795.8499755859375
2013-11-22,1797.2099609375,1804.760009765625
2013-11-25,1806.3299560546875,1802.47998046875
2013-11-26,1802.8699951171875,1802.75
2013-11-27,1803.47998046875,1807.22998046875
2013-11-29,1808.68994140625,1805.81005859375
2013-12-02,1806.550048828125,1800.9000244140625
2013-12-03,1800.0999755859375,1795.1500244140625
2013-12-04,1793.1500244140625,1792.81005859375
2013-12-05,1792.8199462890625,1785.030029296875
2013-12-06,1788.3599853515625,1805.0899658203125
2013-12-09,1806.2099609375,1808.3699951171875
2013-12-10,1807.5999755859375,1802.6199951171875
2013-12-11,1802.760009765625,1782.219970703125
2013-12-12,1781.7099609375,1775.5
2013-12-13,1777.97998046875,1775.3199462890625
2013-12-16,1777.47998046875,1786.5400390625
2013-12-17,1786.469970703125,1781.0
2013-12-18,1781.4599609375,1810.6500244140625
2013-12-19,1809.0,1809.5999755859375
2013-12-20,1810.3900146484375,1818.3199462890625
2013-12-23,1822.9200439453125,1827.989990234375
2013-12-24,1828.02001953125,1833.3199462890625
2013-12-26,1834.9599609375,1842.02001953125
2013-12-27,1842.969970703125,1841.4000244140625
2013-12-30,1841.469970703125,1841.0699462890625
2013-12-31,1842.6099853515625,1848.3599853515625
2014-01-02,1845.8599853515625,1831.97998046875
2014-01-03,1833.2099609375,1831.3699951171875
2014-01-06,1832.31005859375,1826.77001953125
2014-01-07,1828.7099609375,1837.8800048828125
2014-01-08,1837.9000244140625,1837.489990234375
2014-01-09,1839.0,1838.1300048828125
2014-01-10,1840.06005859375,1842.3699951171875
2014-01-13,1841.260009765625,1819.199951171875
2014-01-14,1821.3599853515625,1838.8800048828125
2014-01-15,1840.52001953125,1848.3800048828125
2014-01-16,1847.989990234375,1845.8900146484375
2014-01-17,1844.22998046875,1838.699951171875
2014-01-21,1841.050048828125,1843.800048828125
2014-01-22,1844.7099609375,1844.8599853515625
2014-01-23,1842.2900390625,1828.4599609375
2014-01-24,1826.9599609375,1790.2900390625
2014-01-27,1791.030029296875,1781.56005859375
2014-01-28,1783.0,1792.5
2014-01-29,1790.1500244140625,1774.199951171875
2014-01-30,1777.1700439453125,1794.18994140625
2014-01-31,1790.8800048828125,1782.5899658203125
2014-02-03,1782.6800537109375,1741.8900146484375
2014-02-04,1743.8199462890625,1755.199951171875
2014-02-05,1753.3800048828125,1751.6400146484375
2014-02-06,1752.989990234375,1773.4300537109375
2014-02-07,1776.010009765625,1797.02001953125
2014-02-10,1796.199951171875,1799.8399658203125
2014-02-11,1800.449951171875,1819.75
2014-02-12,1820.1199951171875,1819.260009765625
2014-02-13,1814.8199462890625,1829.8299560546875
2014-02-14,1828.4599609375,1838.6300048828125
2014-02-18,1839.030029296875,1840.760009765625
2014-02-19,1838.9000244140625,1828.75
2014-02-20,1829.239990234375,1839.780029296875
2014-02-21,1841.0699462890625,1836.25
2014-02-24,1836.780029296875,1847.6099853515625
2014-02-25,1847.6600341796875,1845.1199951171875
2014-02-26,1845.7900390625,1845.1600341796875
2014-02-27,1844.9000244140625,1854.2900390625
2014-02-28,1855.1199951171875,1859.449951171875
2014-03-03,1857.6800537109375,1845.72998046875
2014-03-04,1849.22998046875,1873.9100341796875
2014-03-05,1874.050048828125,1873.81005859375
2014-03-06,1874.1800537109375,1877.030029296875
2014-03-07,1878.52001953125,1878.0400390625
2014-03-10,1877.8599853515625,1877.1700439453125
2014-03-11,1878.260009765625,1867.6300048828125
2014-03-12,1866.1500244140625,1868.199951171875
2014-03-13,1869.06005859375,1846.3399658203125
2014-03-14,1845.0699462890625,1841.1300048828125
2014-03-17,1842.81005859375,1858.8299560546875
2014-03-18,1858.9200439453125,1872.25
2014-03-19,1872.25,1860.77001953125
2014-03-20,1860.0899658203125,1872.010009765625
2014-03-21,1874.530029296875,1866.52001953125
2014-03-24,1867.6700439453125,1857.43994140625
2014-03-25,1859.47998046875,1865.6199951171875
2014-03-26,1867.0899658203125,1852.56005859375
2014-03-27,1852.1099853515625,1849.0400390625
2014-03-28,1850.0699462890625,1857.6199951171875
2014-03-31,1859.1600341796875,1872.3399658203125
2014-04-01,1873.9599609375,1885.52001953125
2014-04-02,1886.6099853515625,1890.9000244140625
2014-04-03,1891.4300537109375,1888.77001953125
2014-04-04,1890.25,1865.0899658203125
2014-04-07,1863.9200439453125,1845.0400390625
2014-04-08,1845.47998046875,1851.9599609375
2014-04-09,1852.6400146484375,1872.1800537109375
2014-04-10,1872.280029296875,1833.0799560546875
2014-04-11,1830.6500244140625,1815.68994140625
2014-04-14,1818.1800537109375,1830.6099853515625
2014-04-15,1831.449951171875,1842.97998046875
2014-04-16,1846.010009765625,1862.31005859375
2014-04-17,1861.72998046875,1864.8499755859375
2014-04-21,1865.7900390625,1871.8900146484375
2014-04-22,1872.5699462890625,1879.550048828125
2014-04-23,1879.3199462890625,1875.3900146484375
2014-04-24,1881.969970703125,1878.6099853515625
2014-04-25,1877.719970703125,1863.4000244140625
2014-04-28,1865.0,1869.4300537109375
2014-04-29,1870.780029296875,1878.3299560546875
2014-04-30,1877.0999755859375,1883.949951171875
2014-05-01,1884.3900146484375,1883.6800537109375
2014-05-02,1885.300048828125,1881.1400146484375
2014-05-05,1879.449951171875,1884.6600341796875
2014-05-06,1883.68994140625,1867.719970703125
2014-05-07,1868.530029296875,1878.2099609375
2014-05-08,1877.3900146484375,1875.6300048828125
2014-05-09,1875.27001953125,1878.47998046875
2014-05-12,1880.030029296875,1896.6500244140625
2014-05-13,1896.75,1897.449951171875
2014-05-14,1897.1300048828125,1888.530029296875
2014-05-15,1888.1600341796875,1870.8499755859375
2014-05-16,1871.18994140625,1877.8599853515625
2014-05-19,1876.6600341796875,1885.0799560546875
2014-05-20,1884.8800048828125,1872.8299560546875
2014-05-21,1873.3399658203125,1888.030029296875
2014-05-22,1888.18994140625,1892.489990234375
2014-05-23,1893.3199462890625,1900.530029296875
2014-05-27,1902.010009765625,1911.9100341796875
2014-05-28,1911.77001953125,1909.780029296875
2014-05-29,1910.5999755859375,1920.030029296875
2014-05-30,1920.3299560546875,1923.5699462890625
2014-06-02,1923.8699951171875,1924.969970703125
2014-06-03,1923.0699462890625,1924.239990234375
2014-06-04,1923.06005859375,1927.8800048828125
2014-06-05,1928.52001953125,1940.4599609375
2014-06-06,1942.4100341796875,1949.43994140625
2014-06-09,1948.969970703125,1951.27001953125
2014-06-10,1950.3399658203125,1950.7900390625
2014-06-11,1949.3699951171875,1943.8900146484375
2014-06-12,1943.3499755859375,1930.1099853515625
2014-06-13,1930.800048828125,1936.1600341796875
2014-06-16,1934.8399658203125,1937.780029296875
2014-06-17,1937.1500244140625,1941.989990234375
2014-06-18,1942.72998046875,1956.97998046875
2014-06-19,1957.5,1959.47998046875
2014-06-20,1960.449951171875,1962.8699951171875
2014-06-23,1962.9200439453125,1962.6099853515625
2014-06-24,1961.969970703125,1949.97998046875
2014-06-25,1949.27001953125,1959.530029296875
2014-06-26,1959.8900146484375,1957.219970703125
2014-06-27,1956.56005859375,1960.9599609375
2014-06-30,1960.7900390625,1960.22998046875
2014-07-01,1962.2900390625,1973.3199462890625
2014-07-02,1973.06005859375,1974.6199951171875
2014-07-03,1975.8800048828125,1985.43994140625
2014-07-07,1984.219970703125,1977.6500244140625
2014-07-08,1976.3900146484375,1963.7099609375
2014-07-09,1965.0999755859375,1972.8299560546875
2014-07-10,1966.6700439453125,1964.6800537109375
2014-07-11,1965.760009765625,1967.5699462890625
2014-07-14,1969.8599853515625,1977.0999755859375
2014-07-15,1977.3599853515625,1973.280029296875
2014-07-16,1976.3499755859375,1981.5699462890625
2014-07-17,1979.75,1958.1199951171875
2014-07-18,1961.5400390625,1978.219970703125
2014-07-21,1976.9300537109375,1973.6300048828125
2014-07-22,1975.6500244140625,1983.530029296875
2014-07-23,1985.3199462890625,1987.010009765625
2014-07-24,1988.0699462890625,1987.97998046875
2014-07-25,1984.5999755859375,1978.3399658203125
2014-07-28,1978.25,1978.9100341796875
2014-07-29,1980.030029296875,1969.949951171875
2014-07-30,1973.2099609375,1970.0699462890625
2014-07-31,1965.1400146484375,1930.6700439453125
2014-08-01,1929.800048828125,1925.1500244140625
2014-08-04,1926.6199951171875,1938.989990234375
2014-08-05,1936.3399658203125,1920.2099609375
2014-08-06,1917.2900390625,1920.239990234375
2014-08-07,1923.030029296875,1909.5699462890625
2014-08-08,1910.3499755859375,1931.5899658203125
2014-08-11,1933.4300537109375,1936.9200439453125
2014-08-12,1935.72998046875,1933.75
2014-08-13,1935.5999755859375,1946.719970703125
2014-08-14,1947.4100341796875,1955.1800537109375
2014-08-15,1958.8699951171875,1955.06005859375
2014-08-18,1958.3599853515625,1971.739990234375
2014-08-19,1972.72998046875,1981.5999755859375
2014-08-20,1980.4599609375,1986.510009765625
2014-08-21,1986.8199462890625,1992.3699951171875
2014-08-22,1992.5999755859375,1988.4000244140625
2014-08-25,1991.739990234375,1997.9200439453125
2014-08-26,1998.5899658203125,2000.02001953125
2014-08-27,2000.5400390625,2000.1199951171875
2014-08-28,1997.4200439453125,1996.739990234375
2014-08-29,1998.449951171875,2003.3699951171875
2014-09-02,2004.0699462890625,2002.280029296875
2014-09-03,2003.5699462890625,2000.719970703125
2014-09-04,2001.6700439453125,1997.6500244140625
2014-09-05,1998.0,2007.7099609375
2014-09-08,2007.1700439453125,2001.5400390625
2014-09-09,2000.72998046875,1988.43994140625
2014-09-10,1988.4100341796875,1995.68994140625
2014-09-11,1992.8499755859375,1997.449951171875
2014-09-12,1996.739990234375,1985.5400390625
2014-09-15,1986.0400390625,1984.1300048828125
2014-09-16,1981.9300537109375,1998.97998046875
2014-09-17,1999.300048828125,2001.5699462890625
2014-09-18,2003.0699462890625,2011.3599853515625
2014-09-19,2012.739990234375,2010.4000244140625
2014-09-22,2009.0799560546875,1994.2900390625
2014-09-23,1992.780029296875,1982.77001953125
2014-09-24,1983.3399658203125,1998.300048828125
2014-09-25,1997.3199462890625,1965.989990234375
2014-09-26,1966.219970703125,1982.8499755859375
2014-09-29,1978.9599609375,1977.800048828125
2014-09-30,1978.2099609375,1972.2900390625
2014-10-01,1971.43994140625,1946.1600341796875
2014-10-02,1945.8299560546875,1946.1700439453125
2014-10-03,1948.1199951171875,1967.9000244140625
2014-10-06,1970.010009765625,1964.8199462890625
2014-10-07,1962.3599853515625,1935.0999755859375
2014-10-08,1935.550048828125,1968.8900146484375
2014-10-09,1967.6800537109375,1928.2099609375
2014-10-10,1925.6300048828125,1906.1300048828125
2014-10-13,1905.6500244140625,1874.739990234375
2014-10-14,1877.1099853515625,1877.699951171875
2014-10-15,1874.1800537109375,1862.489990234375
2014-10-16,1855.949951171875,1862.760009765625
2014-10-17,1864.9100341796875,1886.760009765625
2014-10-20,1885.6199951171875,1904.010009765625
2014-10-21,1909.3800048828125,1941.280029296875
2014-10-22,1941.2900390625,1927.1099853515625
2014-10-23,1931.02001953125,1950.8199462890625
2014-10-24,1951.5899658203125,1964.5799560546875
2014-10-27,1962.969970703125,1961.6300048828125
2014-10-28,1964.1400146484375,1985.050048828125
2014-10-29,1983.2900390625,1982.300048828125
2014-10-30,1979.489990234375,1994.6500244140625
2014-10-31,2001.199951171875,2018.050048828125
2014-11-03,2018.2099609375,2017.81005859375
2014-11-04,2015.81005859375,2012.0999755859375
2014-11-05,2015.2900390625,2023.5699462890625
2014-11-06,2023.3299560546875,2031.2099609375
2014-11-07,2032.3599853515625,2031.9200439453125
2014-11-10,2032.010009765625,2038.260009765625
2014-11-11,2038.199951171875,2039.6800537109375
2014-11-12,2037.75,2038.25
2014-11-13,2039.2099609375,2039.3299560546875
2014-11-14,2039.739990234375,2039.8199462890625
2014-11-17,2038.2900390625,2041.3199462890625
2014-11-18,2041.47998046875,2051.800048828125
2014-11-19,2051.159912109375,2048.719970703125
2014-11-20,2045.8699951171875,2052.75
2014-11-21,2057.4599609375,2063.5
2014-11-24,2065.070068359375,2069.409912109375
2014-11-25,2070.14990234375,2067.030029296875
2014-11-26,2067.360107421875,2072.830078125
2014-11-28,2074.780029296875,2067.56005859375
2014-12-01,2065.780029296875,2053.43994140625
2014-12-02,2053.77001953125,2066.550048828125
2014-12-03,2067.449951171875,2074.330078125
2014-12-04,2073.639892578125,2071.919921875
2014-12-05,2072.780029296875,2075.3701171875
2014-12-08,2074.840087890625,2060.31005859375
2014-12-09,2056.550048828125,2059.820068359375
2014-12-10,2058.860107421875,2026.1400146484375
2014-12-11,2027.9200439453125,2035.3299560546875
2014-12-12,2030.3599853515625,2002.3299560546875
2014-12-15,2005.030029296875,1989.6300048828125
2014-12-16,1986.7099609375,1972.739990234375
2014-12-17,1973.77001953125,2012.8900146484375
2014-12-18,2018.97998046875,2061.22998046875
2014-12-19,2061.0400390625,2070.64990234375
2014-12-22,2069.280029296875,2078.5400390625
2014-12-23,2081.47998046875,2082.169921875
2014-12-24,2083.25,2081.8798828125
2014-12-26,2084.300048828125,2088.77001953125
2014-12-29,2087.6298828125,2090.570068359375
2014-12-30,2088.489990234375,2080.35009765625
2014-12-31,2082.110107421875,2058.89990234375
2015-01-02,2058.89990234375,2058.199951171875
2015-01-05,2054.43994140625,2020.5799560546875
2015-01-06,2022.1500244140625,2002.6099853515625
2015-01-07,2005.550048828125,2025.9000244140625
2015-01-08,2030.6099853515625,2062.139892578125
2015-01-09,2063.449951171875,2044.81005859375
2015-01-12,2046.1300048828125,2028.260009765625
2015-01-13,2031.5799560546875,2023.030029296875
2015-01-14,2018.4000244140625,2011.27001953125
2015-01-15,2013.75,1992.6700439453125
2015-01-16,1992.25,2019.4200439453125
2015-01-20,2020.760009765625,2022.550048828125
2015-01-21,2020.18994140625,2032.1199951171875
2015-01-22,2034.300048828125,2063.14990234375
2015-01-23,2062.97998046875,2051.820068359375
2015-01-26,2050.419921875,2057.090087890625
2015-01-27,2047.8599853515625,2029.550048828125
2015-01-28,2032.3399658203125,2002.1600341796875
2015-01-29,2002.449951171875,2021.25
2015-01-30,2019.3499755859375,1994.989990234375
2015-02-02,1996.6700439453125,2020.8499755859375
2015-02-03,2022.7099609375,2050.030029296875
2015-02-04,2048.860107421875,2041.510009765625
2015-02-05,2043.449951171875,2062.52001953125
2015-02-06,2062.280029296875,2055.469970703125
2015-02-09,2053.469970703125,2046.739990234375
2015-02-10,2049.3798828125,2068.590087890625
2015-02-11,2068.550048828125,2068.530029296875
2015-02-12,2069.97998046875,2088.47998046875
2015-02-13,2088.780029296875,2096.989990234375
2015-02-17,2096.469970703125,2100.340087890625
2015-02-18,2099.159912109375,2099.679931640625
2015-02-19,2099.25,2097.449951171875
2015-02-20,2097.64990234375,2110.300048828125
2015-02-23,2109.830078125,2109.659912109375
2015-02-24,2109.10009765625,2115.47998046875
2015-02-25,2115.300048828125,2113.860107421875
2015-02-26,2113.909912109375,2110.739990234375
2015-02-27,2110.8798828125,2104.5
2015-03-02,2105.22998046875,2117.389892578125
2015-03-03,2115.760009765625,2107.780029296875
2015-03-04,2107.719970703125,2098.530029296875
2015-03-05,2098.5400390625,2101.0400390625
2015-03-06,2100.909912109375,2071.260009765625
2015-03-09,2072.25,2079.429931640625
2015-03-10,2076.139892578125,2044.1600341796875
2015-03-11,2044.68994140625,2040.239990234375
2015-03-12,2041.0999755859375,2065.949951171875
2015-03-13,2064.56005859375,2053.39990234375
2015-03-16,2055.35009765625,2081.18994140625
2015-03-17,2080.590087890625,2074.280029296875
2015-03-18,2072.840087890625,2099.5
2015-03-19,2098.68994140625,2089.27001953125
2015-03-20,2090.320068359375,2108.10009765625
2015-03-23,2107.989990234375,2104.419921875
2015-03-24,2103.93994140625,2091.5
2015-03-25,2093.10009765625,2061.050048828125
2015-03-26,2059.93994140625,2056.14990234375
2015-03-27,2055.780029296875,2061.02001953125
2015-03-30,2064.110107421875,2086.239990234375
2015-03-31,2084.050048828125,2067.889892578125
2015-04-01,2067.6298828125,2059.68994140625
2015-04-02,2060.030029296875,2066.9599609375
2015-04-06,2064.8701171875,2080.6201171875
2015-04-07,2080.7900390625,2076.330078125
2015-04-08,2076.93994140625,2081.89990234375
2015-04-09,2081.2900390625,2091.179931640625
2015-04-10,2091.510009765625,2102.06005859375
2015-04-13,2102.030029296875,2092.429931640625
2015-04-14,2092.280029296875,2095.840087890625
2015-04-15,2097.820068359375,2106.6298828125
2015-04-16,2105.9599609375,2104.989990234375
2015-04-17,2102.580078125,2081.179931640625
2015-04-20,2084.110107421875,2100.39990234375
2015-04-21,2102.820068359375,2097.2900390625
2015-04-22,2098.27001953125,2107.9599609375
2015-04-23,2107.2099609375,2112.929931640625
2015-04-24,2112.800048828125,2117.68994140625
2015-04-27,2119.2900390625,2108.919921875
2015-04-28,2108.35009765625,2114.760009765625
2015-04-29,2112.489990234375,2106.85009765625
2015-04-30,2105.52001953125,2085.510009765625
2015-05-01,2087.3798828125,2108.2900390625
2015-05-04,2110.22998046875,2114.489990234375
2015-05-05,2112.6298828125,2089.4599609375
2015-05-06,2091.260009765625,2080.14990234375
2015-05-07,2079.9599609375,2088.0
2015-05-08,2092.1298828125,2116.10009765625
2015-05-11,2115.56005859375,2105.330078125
2015-05-12,2102.8701171875,2099.1201171875
2015-05-13,2099.6201171875,2098.47998046875
2015-05-14,2100.429931640625,2121.10009765625
2015-05-15,2122.070068359375,2122.72998046875
2015-05-18,2121.300048828125,2129.199951171875
2015-05-19,2129.449951171875,2127.830078125
2015-05-20,2127.7900390625,2125.85009765625
2015-05-21,2125.550048828125,2130.820068359375
2015-05-22,2130.360107421875,2126.06005859375
2015-05-26,2125.340087890625,2104.199951171875
2015-05-27,2105.1298828125,2123.47998046875
2015-05-28,2122.27001953125,2120.7900390625
2015-05-29,2120.659912109375,2107.389892578125
2015-06-01,2108.639892578125,2111.72998046875
2015-06-02,2110.409912109375,2109.60009765625
2015-06-03,2110.639892578125,2114.070068359375
2015-06-04,2112.35009765625,2095.840087890625
2015-06-05,2095.090087890625,2092.830078125
2015-06-08,2092.340087890625,2079.280029296875
2015-06-09,2079.070068359375,2080.14990234375
2015-06-10,2081.1201171875,2105.199951171875
2015-06-11,2106.239990234375,2108.860107421875
2015-06-12,2107.429931640625,2094.110107421875
2015-06-15,2091.340087890625,2084.429931640625
2015-06-16,2084.260009765625,2096.2900390625
2015-06-17,2097.39990234375,2100.43994140625
2015-06-18,2101.580078125,2121.239990234375
2015-06-19,2121.06005859375,2109.989990234375
2015-06-22,2112.5,2122.85009765625
2015-06-23,2123.159912109375,2124.199951171875
2015-06-24,2123.64990234375,2108.580078125
2015-06-25,2109.9599609375,2102.31005859375
2015-06-26,2102.6201171875,2101.489990234375
2015-06-29,2098.6298828125,2057.639892578125
2015-06-30,2061.18994140625,2063.110107421875
2015-07-01,2067.0,2077.419921875
2015-07-02,2078.030029296875,2076.780029296875
2015-07-06,2073.949951171875,2068.760009765625
2015-07-07,2069.52001953125,2081.340087890625
2015-07-08,2077.659912109375,2046.6800537109375
2015-07-09,2049.72998046875,2051.31005859375
2015-07-10,2052.739990234375,2076.6201171875
2015-07-13,2080.030029296875,2099.60009765625
2015-07-14,2099.719970703125,2108.949951171875
2015-07-15,2109.010009765625,2107.39990234375
2015-07-16,2110.550048828125,2124.2900390625
2015-07-17,2126.800048828125,2126.639892578125
2015-07-20,2126.85009765625,2128.280029296875
2015-07-21,2127.550048828125,2119.2099609375
2015-07-22,2118.2099609375,2114.14990234375
2015-07-23,2114.159912109375,2102.14990234375
2015-07-24,2102.239990234375,2079.64990234375
2015-07-27,2078.18994140625,2067.639892578125
2015-07-28,2070.75,2093.25
2015-07-29,2094.699951171875,2108.570068359375
2015-07-30,2106.780029296875,2108.6298828125
2015-07-31,2111.60009765625,2103.840087890625
2015-08-03,2104.489990234375,2098.0400390625
2015-08-04,2097.679931640625,2093.320068359375
2015-08-05,2095.27001953125,2099.840087890625
2015-08-06,2100.75,2083.56005859375
2015-08-07,2082.610107421875,2077.570068359375
2015-08-10,2080.97998046875,2104.179931640625
2015-08-11,2102.659912109375,2084.070068359375
2015-08-12,2081.10009765625,2086.050048828125
2015-08-13,2086.18994140625,2083.389892578125
2015-08-14,2083.14990234375,2091.5400390625
2015-08-17,2089.699951171875,2102.43994140625
2015-08-18,2101.989990234375,2096.919921875
2015-08-19,2095.68994140625,2079.610107421875
2015-08-20,2076.610107421875,2035.72998046875
2015-08-21,2034.0799560546875,1970.8900146484375
2015-08-24,1965.1500244140625,1893.2099609375
2015-08-25,1898.0799560546875,1867.6099853515625
2015-08-26,1872.75,1940.510009765625
2015-08-27,1942.77001953125,1987.6600341796875
2015-08-28,1986.06005859375,1988.8699951171875
2015-08-31,1986.72998046875,1972.1800537109375
2015-09-01,1970.0899658203125,1913.8499755859375
2015-09-02,1916.52001953125,1948.8599853515625
2015-09-03,1950.7900390625,1951.1300048828125
2015-09-04,1947.760009765625,1921.219970703125
2015-09-08,1927.300048828125,1969.4100341796875
2015-09-09,1971.449951171875,1942.0400390625
2015-09-10,1941.5899658203125,1952.2900390625
2015-09-11,1951.449951171875,1961.050048828125
2015-09-14,1963.06005859375,1953.030029296875
2015-09-15,1955.0999755859375,1978.0899658203125
2015-09-16,1978.02001953125,1995.31005859375
2015-09-17,1995.3299560546875,1990.199951171875
2015-09-18,1989.6600341796875,1958.030029296875
2015-09-21,1960.8399658203125,1966.969970703125
2015-09-22,1961.3900146484375,1942.739990234375
2015-09-23,1943.239990234375,1938.760009765625
2015-09-24,1934.81005859375,1932.239990234375
2015-09-25,1935.9300537109375,1931.3399658203125
2015-09-28,1929.1800537109375,1881.77001953125
2015-09-29,1881.9000244140625,1884.0899658203125
2015-09-30,1887.1400146484375,1920.030029296875
2015-10-01,1919.6500244140625,1923.8199462890625
2015-10-02,1921.77001953125,1951.3599853515625
2015-10-05,1954.3299560546875,1987.050048828125
2015-10-06,1986.6300048828125,1979.9200439453125
2015-10-07,1982.3399658203125,1995.8299560546875
2015-10-08,1994.010009765625,2013.4300537109375
2015-10-09,2013.72998046875,2014.8900146484375
2015-10-12,2015.6500244140625,2017.4599609375
2015-10-13,2015.0,2003.68994140625
2015-10-14,2003.6600341796875,1994.239990234375
2015-10-15,1996.469970703125,2023.8599853515625
2015-10-16,2024.3699951171875,2033.1099853515625
2015-10-19,2031.72998046875,2033.6600341796875
2015-10-20,2033.1300048828125,2030.77001953125
2015-10-21,2033.469970703125,2018.93994140625
2015-10-22,2021.8800048828125,2052.510009765625
2015-10-23,2058.18994140625,2075.14990234375
2015-10-26,2075.080078125,2071.179931640625
2015-10-27,2068.75,2065.889892578125
2015-10-28,2066.47998046875,2090.35009765625
2015-10-29,2088.35009765625,2089.409912109375
2015-10-30,2090.0,2079.360107421875
2015-11-02,2080.760009765625,2104.050048828125
2015-11-03,2102.6298828125,2109.7900390625
2015-11-04,2110.60009765625,2102.31005859375
2015-11-05,2101.679931640625,2099.929931640625
2015-11-06,2098.60009765625,2099.199951171875
2015-11-09,2096.56005859375,2078.580078125
2015-11-10,2077.18994140625,2081.719970703125
2015-11-11,2083.409912109375,2075.0
2015-11-12,2072.2900390625,2045.969970703125
2015-11-13,2044.6400146484375,2023.0400390625
2015-11-16,2022.0799560546875,2053.18994140625
2015-11-17,2053.669921875,2050.43994140625
2015-11-18,2051.989990234375,2083.580078125
2015-11-19,2083.699951171875,2081.239990234375
2015-11-20,2082.820068359375,2089.169921875
2015-11-23,2089.409912109375,2086.590087890625
2015-11-24,2084.419921875,2089.139892578125
2015-11-25,2089.300048828125,2088.8701171875
2015-11-27,2088.820068359375,2090.110107421875
2015-11-30,2090.949951171875,2080.409912109375
2015-12-01,2082.929931640625,2102.6298828125
2015-12-02,2101.7099609375,2079.510009765625
2015-12-03,2080.7099609375,2049.6201171875
2015-12-04,2051.239990234375,2091.68994140625
2015-12-07,2090.419921875,2077.070068359375
2015-12-08,2073.389892578125,2063.590087890625
2015-12-09,2061.169921875,2047.6199951171875
2015-12-10,2047.9300537109375,2052.22998046875
2015-12-11,2047.27001953125,2012.3699951171875
2015-12-14,2013.3699951171875,2021.93994140625
2015-12-15,2025.550048828125,2043.4100341796875
2015-12-16,2046.5,2073.070068359375
2015-12-17,2073.760009765625,2041.8900146484375
2015-12-18,2040.81005859375,2005.550048828125
2015-12-21,2010.27001953125,2021.1500244140625
2015-12-22,2023.1500244140625,2038.969970703125
2015-12-23,2042.199951171875,2064.2900390625
2015-12-24,2063.52001953125,2060.989990234375
2015-12-28,2057.77001953125,2056.5
2015-12-29,2060.5400390625,2078.360107421875
2015-12-30,2077.340087890625,2063.360107421875
2015-12-31,2060.590087890625,2043.93994140625
2016-01-04,2038.199951171875,2012.6600341796875
2016-01-05,2013.780029296875,2016.7099609375
2016-01-06,2011.7099609375,1990.260009765625
2016-01-07,1985.3199462890625,1943.0899658203125
2016-01-08,1945.969970703125,1922.030029296875
2016-01-11,1926.1199951171875,1923.6700439453125
2016-01-12,1927.8299560546875,1938.6800537109375
2016-01-13,1940.3399658203125,1890.280029296875
2016-01-14,1891.6800537109375,1921.8399658203125
2016-01-15,1916.6800537109375,1880.3299560546875
2016-01-19,1888.6600341796875,1881.3299560546875
2016-01-20,1876.1800537109375,1859.3299560546875
2016-01-21,1861.4599609375,1868.989990234375
2016-01-22,1877.4000244140625,1906.9000244140625
2016-01-25,1906.280029296875,1877.0799560546875
2016-01-26,1878.7900390625,1903.6300048828125
2016-01-27,1902.52001953125,1882.949951171875
2016-01-28,1885.219970703125,1893.3599853515625
2016-01-29,1894.0,1940.239990234375
2016-02-01,1936.93994140625,1939.3800048828125
2016-02-02,1935.260009765625,1903.030029296875
2016-02-03,1907.0699462890625,1912.530029296875
2016-02-04,1911.6700439453125,1915.449951171875
2016-02-05,1913.0699462890625,1880.050048828125
2016-02-08,1873.25,1853.43994140625
2016-02-09,1848.4599609375,1852.2099609375
2016-02-10,1857.0999755859375,1851.8599853515625
2016-02-11,1847.0,1829.0799560546875
2016-02-12,1833.4000244140625,1864.780029296875
2016-02-16,1871.43994140625,1895.5799560546875
2016-02-17,1898.800048828125,1926.8199462890625
2016-02-18,1927.5699462890625,1917.8299560546875
2016-02-19,1916.739990234375,1917.780029296875
2016-02-22,1924.43994140625,1945.5
2016-02-23,1942.3800048828125,1921.27001953125
2016-02-24,1917.56005859375,1929.800048828125
2016-02-25,1931.8699951171875,1951.699951171875
2016-02-26,1954.949951171875,1948.050048828125
2016-02-29,1947.1300048828125,1932.22998046875
2016-03-01,1937.0899658203125,1978.3499755859375
2016-03-02,1976.5999755859375,1986.449951171875
2016-03-03,1985.5999755859375,1993.4000244140625
2016-03-04,1994.010009765625,1999.989990234375
2016-03-07,1996.1099853515625,2001.760009765625
2016-03-08,1996.8800048828125,1979.260009765625
2016-03-09,1981.43994140625,1989.260009765625
2016-03-10,1990.969970703125,1989.5699462890625
2016-03-11,1994.7099609375,2022.18994140625
2016-03-14,2019.27001953125,2019.6400146484375
2016-03-15,2015.27001953125,2015.9300537109375
2016-03-16,2014.239990234375,2027.219970703125
2016-03-17,2026.9000244140625,2040.5899658203125
2016-03-18,2041.1600341796875,2049.580078125
2016-03-21,2047.8800048828125,2051.60009765625
2016-03-22,2048.639892578125,2049.800048828125
2016-03-23,2048.550048828125,2036.7099609375
2016-03-24,2032.47998046875,2035.93994140625
2016-03-28,2037.8900146484375,2037.050048828125
2016-03-29,2035.75,2055.010009765625
2016-03-30,2058.27001953125,2063.949951171875
2016-03-31,2063.77001953125,2059.739990234375
2016-04-01,2056.6201171875,2072.780029296875
2016-04-04,2073.18994140625,2066.1298828125
2016-04-05,2062.5,2045.1700439453125
2016-04-06,2045.56005859375,2066.659912109375
2016-04-07,2063.010009765625,2041.9100341796875
2016-04-08,2045.5400390625,2047.5999755859375
2016-04-11,2050.22998046875,2041.989990234375
2016-04-12,2043.719970703125,2061.719970703125
2016-04-13,2065.919921875,2082.419921875
2016-04-14,2082.889892578125,2082.780029296875
2016-04-15,2083.10009765625,2080.72998046875
2016-04-18,2078.830078125,2094.340087890625
2016-04-19,2096.050048828125,2100.800048828125
2016-04-20,2101.52001953125,2102.39990234375
2016-04-21,2102.090087890625,2091.47998046875
2016-04-22,2091.489990234375,2091.580078125
2016-04-25,2089.3701171875,2087.7900390625
2016-04-26,2089.840087890625,2091.699951171875
2016-04-27,2092.330078125,2095.14990234375
2016-04-28,2090.929931640625,2075.81005859375
2016-04-29,2071.820068359375,2065.300048828125
2016-05-02,2067.169921875,2081.429931640625
2016-05-03,2077.179931640625,2063.3701171875
2016-05-04,2060.300048828125,2051.1201171875
2016-05-05,2052.949951171875,2050.6298828125
2016-05-06,2047.77001953125,2057.139892578125
2016-05-09,2057.550048828125,2058.68994140625
2016-05-10,2062.6298828125,2084.389892578125
2016-05-11,2083.2900390625,2064.4599609375
2016-05-12,2067.169921875,2064.110107421875
2016-05-13,2062.5,2046.6099853515625
2016-05-16,2046.530029296875,2066.659912109375
2016-05-17,2065.0400390625,2047.2099609375
2016-05-18,2044.3800048828125,2047.6300048828125
2016-05-19,2044.2099609375,2040.0400390625
2016-05-20,2041.8800048828125,2052.320068359375
2016-05-23,2052.22998046875,2048.0400390625
2016-05-24,2052.64990234375,2076.06005859375
2016-05-25,2078.929931640625,2090.5400390625
2016-05-26,2091.43994140625,2090.10009765625
2016-05-27,2090.06005859375,2099.06005859375
2016-05-31,2100.1298828125,2096.949951171875
2016-06-01,2093.93994140625,2099.330078125
2016-06-02,2097.7099609375,2105.260009765625
2016-06-03,2104.070068359375,2099.1298828125
2016-06-06,2100.830078125,2109.409912109375
2016-06-07,2110.179931640625,2112.1298828125
2016-06-08,2112.7099609375,2119.1201171875
2016-06-09,2115.64990234375,2115.47998046875
2016-06-10,2109.570068359375,2096.070068359375
2016-06-13,2091.75,2079.06005859375
2016-06-14,2076.64990234375,2075.320068359375
2016-06-15,2077.60009765625,2071.5
2016-06-16,2066.360107421875,2077.989990234375
2016-06-17,2078.199951171875,2071.219970703125
2016-06-20,2075.580078125,2083.25
2016-06-21,2085.18994140625,2088.89990234375
2016-06-22,2089.75,2085.449951171875
2016-06-23,2092.800048828125,2113.320068359375
2016-06-24,2103.81005859375,2037.4100341796875
2016-06-27,2031.449951171875,2000.5400390625
2016-06-28,2006.6700439453125,2036.0899658203125
2016-06-29,2042.68994140625,2070.77001953125
2016-06-30,2073.169921875,2098.860107421875
2016-07-01,2099.340087890625,2102.949951171875
2016-07-05,2095.050048828125,2088.550048828125
2016-07-06,2084.429931640625,2099.72998046875
2016-07-07,2100.419921875,2097.89990234375
2016-07-08,2106.969970703125,2129.89990234375
2016-07-11,2131.719970703125,2137.159912109375
2016-07-12,2139.5,2152.139892578125
2016-07-13,2153.81005859375,2152.429931640625
2016-07-14,2157.8798828125,2163.75
2016-07-15,2165.1298828125,2161.739990234375
2016-07-18,2162.0400390625,2166.889892578125
2016-07-19,2163.7900390625,2163.780029296875
2016-07-20,2166.10009765625,2173.02001953125
2016-07-21,2172.909912109375,2165.169921875
2016-07-22,2166.469970703125,2175.030029296875
2016-07-25,2173.7099609375,2168.47998046875
2016-07-26,2168.969970703125,2169.179931640625
2016-07-27,2169.81005859375,2166.580078125
2016-07-28,2166.050048828125,2170.06005859375
2016-07-29,2168.830078125,2173.60009765625
2016-08-01,2173.14990234375,2170.840087890625
2016-08-02,2169.93994140625,2157.030029296875
2016-08-03,2156.81005859375,2163.7900390625
2016-08-04,2163.510009765625,2164.25
2016-08-05,2168.7900390625,2182.8701171875
2016-08-08,2183.760009765625,2180.889892578125
2016-08-09,2182.239990234375,2181.739990234375
2016-08-10,2182.81005859375,2175.489990234375
2016-08-11,2177.969970703125,2185.7900390625
2016-08-12,2183.739990234375,2184.050048828125
2016-08-15,2186.080078125,2190.14990234375
2016-08-16,2186.239990234375,2178.14990234375
2016-08-17,2177.840087890625,2182.219970703125
2016-08-18,2181.89990234375,2187.02001953125
2016-08-19,2184.239990234375,2183.8701171875
2016-08-22,2181.580078125,2182.639892578125
2016-08-23,2187.81005859375,2186.89990234375
2016-08-24,2185.090087890625,2175.43994140625
2016-08-25,2173.2900390625,2172.469970703125
2016-08-26,2175.10009765625,2169.0400390625
2016-08-29,2170.18994140625,2180.3798828125
2016-08-30,2179.449951171875,2176.1201171875
2016-08-31,2173.56005859375,2170.949951171875
2016-09-01,2171.330078125,2170.860107421875
2016-09-02,2177.489990234375,2179.97998046875
2016-09-06,2181.610107421875,2186.47998046875
2016-09-07,2185.169921875,2186.159912109375
2016-09-08,2182.760009765625,2181.300048828125
2016-09-09,2169.080078125,2127.81005859375
2016-09-12,2120.860107421875,2159.0400390625
2016-09-13,2150.469970703125,2127.02001953125
2016-09-14,2127.860107421875,2125.77001953125
2016-09-15,2125.360107421875,2147.260009765625
2016-09-16,2146.47998046875,2139.159912109375
2016-09-19,2143.989990234375,2139.1201171875
2016-09-20,2145.93994140625,2139.760009765625
2016-09-21,2144.580078125,2163.1201171875
2016-09-22,2170.93994140625,2177.179931640625
2016-09-23,2173.2900390625,2164.68994140625
2016-09-26,2158.5400390625,2146.10009765625
2016-09-27,2146.0400390625,2159.929931640625
2016-09-28,2161.85009765625,2171.3701171875
2016-09-29,2168.89990234375,2151.1298828125
2016-09-30,2156.510009765625,2168.27001953125
2016-10-03,2164.330078125,2161.199951171875
2016-10-04,2163.3701171875,2150.489990234375
2016-10-05,2155.14990234375,2159.72998046875
2016-10-06,2158.219970703125,2160.77001953125
2016-10-07,2164.18994140625,2153.739990234375
2016-10-10,2160.389892578125,2163.659912109375
2016-10-11,2161.35009765625,2136.72998046875
2016-10-12,2137.669921875,2139.179931640625
2016-10-13,2130.260009765625,2132.550048828125
2016-10-14,2139.679931640625,2132.97998046875
2016-10-17,2132.949951171875,2126.5
2016-10-18,2138.31005859375,2139.60009765625
2016-10-19,2140.81005859375,2144.2900390625
2016-10-20,2142.510009765625,2141.340087890625
2016-10-21,2139.429931640625,2141.159912109375
2016-10-24,2148.5,2151.330078125
2016-10-25,2149.719970703125,2143.159912109375
2016-10-26,2136.969970703125,2139.429931640625
2016-10-27,2144.06005859375,2133.0400390625
2016-10-28,2132.22998046875,2126.409912109375
2016-10-31,2129.780029296875,2126.14990234375
2016-11-01,2128.679931640625,2111.719970703125
2016-11-02,2109.429931640625,2097.93994140625
2016-11-03,2098.800048828125,2088.659912109375
2016-11-04,2083.7900390625,2085.179931640625
2016-11-07,2100.590087890625,2131.52001953125
2016-11-08,2129.919921875,2139.56005859375
2016-11-09,2131.56005859375,2163.260009765625
2016-11-10,2167.489990234375,2167.47998046875
2016-11-11,2162.7099609375,2164.449951171875
2016-11-14,2165.639892578125,2164.199951171875
2016-11-15,2168.2900390625,2180.389892578125
2016-11-16,2177.530029296875,2176.93994140625
2016-11-17,2178.610107421875,2187.1201171875
2016-11-18,2186.85009765625,2181.89990234375
2016-11-21,2186.429931640625,2198.179931640625
2016-11-22,2201.56005859375,2202.93994140625
2016-11-23,2198.550048828125,2204.719970703125
2016-11-25,2206.27001953125,2213.35009765625
2016-11-28,2210.2099609375,2201.719970703125
2016-11-29,2200.760009765625,2204.659912109375
2016-11-30,2204.969970703125,2198.81005859375
2016-12-01,2200.169921875,2191.080078125
2016-12-02,2191.1201171875,2191.949951171875
2016-12-05,2200.64990234375,2204.7099609375
2016-12-06,2207.260009765625,2212.22998046875
2016-12-07,2210.719970703125,2241.35009765625
2016-12-08,2241.1298828125,2246.18994140625
2016-12-09,2249.72998046875,2259.530029296875
2016-12-12,2258.830078125,2256.9599609375
2016-12-13,2263.320068359375,2271.719970703125
2016-12-14,2268.35009765625,2253.280029296875
2016-12-15,2253.77001953125,2262.030029296875
2016-12-16,2266.81005859375,2258.070068359375
2016-12-19,2259.239990234375,2262.530029296875
2016-12-20,2266.5,2270.760009765625
2016-12-21,2270.5400390625,2265.179931640625
2016-12-22,2262.929931640625,2260.9599609375
2016-12-23,2260.25,2263.7900390625
2016-12-27,2266.22998046875,2268.8798828125
2016-12-28,2270.22998046875,2249.919921875
2016-12-29,2249.5,2249.260009765625
2016-12-30,2251.610107421875,2238.830078125
2017-01-03,2251.570068359375,2257.830078125
2017-01-04,2261.60009765625,2270.75
2017-01-05,2268.179931640625,2269.0
2017-01-06,2271.139892578125,2276.97998046875
2017-01-09,2273.590087890625,2268.89990234375
2017-01-10,2269.719970703125,2268.89990234375
2017-01-11,2268.60009765625,2275.320068359375
2017-01-12,2271.139892578125,2270.43994140625
2017-01-13,2272.739990234375,2274.639892578125
2017-01-17,2269.139892578125,2267.889892578125
2017-01-18,2269.139892578125,2271.889892578125
2017-01-19,2271.89990234375,2263.68994140625
2017-01-20,2269.9599609375,2271.31005859375
2017-01-23,2267.780029296875,2265.199951171875
2017-01-24,2267.8798828125,2280.070068359375
2017-01-25,2288.8798828125,2298.3701171875
2017-01-26,2298.6298828125,2296.679931640625
2017-01-27,2299.02001953125,2294.68994140625
2017-01-30,2286.010009765625,2280.89990234375
2017-01-31,2274.02001953125,2278.8701171875
2017-02-01,2285.590087890625,2279.550048828125
2017-02-02,2276.68994140625,2280.85009765625
2017-02-03,2288.5400390625,2297.419921875
2017-02-06,2294.280029296875,2292.56005859375
2017-02-07,2295.8701171875,2293.080078125
2017-02-08,2289.550048828125,2294.669921875
2017-02-09,2296.699951171875,2307.8701171875
2017-02-10,2312.27001953125,2316.10009765625
2017-02-13,2321.719970703125,2328.25
2017-02-14,2326.1201171875,2337.580078125
2017-02-15,2335.580078125,2349.25
2017-02-16,2349.639892578125,2347.219970703125
2017-02-17,2343.010009765625,2351.159912109375
2017-02-21,2354.909912109375,2365.3798828125
2017-02-22,2361.110107421875,2362.820068359375
2017-02-23,2367.5,2363.81005859375
2017-02-24,2355.72998046875,2367.340087890625
2017-02-27,2365.22998046875,2369.75
2017-02-28,2366.080078125,2363.639892578125
2017-03-01,2380.1298828125,2395.9599609375
2017-03-02,2394.75,2381.919921875
2017-03-03,2380.919921875,2383.1201171875
2017-03-06,2375.22998046875,2375.31005859375
2017-03-07,2370.739990234375,2368.389892578125
2017-03-08,2369.81005859375,2362.97998046875
2017-03-09,2363.489990234375,2364.8701171875
2017-03-10,2372.52001953125,2372.60009765625
2017-03-13,2371.56005859375,2373.469970703125
2017-03-14,2368.550048828125,2365.449951171875
2017-03-15,2370.340087890625,2385.260009765625
2017-03-16,2387.7099609375,2381.3798828125
2017-03-17,2383.7099609375,2378.25
2017-03-20,2378.239990234375,2373.469970703125
2017-03-21,2379.320068359375,2344.02001953125
2017-03-22,2343.0,2348.449951171875
2017-03-23,2345.969970703125,2345.9599609375
2017-03-24,2350.419921875,2343.97998046875
2017-03-27,2329.110107421875,2341.590087890625
2017-03-28,2339.7900390625,2358.570068359375
2017-03-29,2356.5400390625,2361.1298828125
2017-03-30,2361.31005859375,2368.06005859375
2017-03-31,2364.820068359375,2362.719970703125
2017-04-03,2362.340087890625,2358.840087890625
2017-04-04,2354.760009765625,2360.159912109375
2017-04-05,2366.590087890625,2352.949951171875
2017-04-06,2353.7900390625,2357.489990234375
2017-04-07,2356.590087890625,2355.5400390625
2017-04-10,2357.159912109375,2357.159912109375
2017-04-11,2353.919921875,2353.780029296875
2017-04-12,2352.14990234375,2344.929931640625
2017-04-13,2341.97998046875,2328.949951171875
2017-04-17,2332.6201171875,2349.010009765625
2017-04-18,2342.530029296875,2342.18994140625
2017-04-19,2346.7900390625,2338.169921875
2017-04-20,2342.68994140625,2355.840087890625
2017-04-21,2354.739990234375,2348.68994140625
2017-04-24,2370.330078125,2374.14990234375
2017-04-25,2381.510009765625,2388.610107421875
2017-04-26,2388.97998046875,2387.449951171875
2017-04-27,2389.699951171875,2388.77001953125
2017-04-28,2393.679931640625,2384.199951171875
2017-05-01,2388.5,2388.330078125
2017-05-02,2391.050048828125,2391.169921875
2017-05-03,2386.5,2388.1298828125
2017-05-04,2389.7900390625,2389.52001953125
2017-05-05,2392.3701171875,2399.2900390625
2017-05-08,2399.93994140625,2399.3798828125
2017-05-09,2401.580078125,2396.919921875
2017-05-10,2396.7900390625,2399.6298828125
2017-05-11,2394.840087890625,2394.43994140625
2017-05-12,2392.43994140625,2390.89990234375
2017-05-15,2393.97998046875,2402.320068359375
2017-05-16,2404.550048828125,2400.669921875
2017-05-17,2382.949951171875,2357.030029296875
2017-05-18,2354.68994140625,2365.719970703125
2017-05-19,2371.3701171875,2381.72998046875
2017-05-22,2387.2099609375,2394.02001953125
2017-05-23,2397.0400390625,2398.419921875
2017-05-24,2401.409912109375,2404.389892578125
2017-05-25,2409.5400390625,2415.070068359375
2017-05-26,2414.5,2415.820068359375
2017-05-30,2411.669921875,2412.909912109375
2017-05-31,2415.6298828125,2411.800048828125
2017-06-01,2415.64990234375,2430.06005859375
2017-06-02,2431.280029296875,2439.070068359375
2017-06-05,2437.830078125,2436.10009765625
2017-06-06,2431.919921875,2429.330078125
2017-06-07,2432.030029296875,2433.139892578125
2017-06-08,2434.27001953125,2433.7900390625
2017-06-09,2436.389892578125,2431.77001953125
2017-06-12,2425.8798828125,2429.389892578125
2017-06-13,2434.14990234375,2440.35009765625
2017-06-14,2443.75,2437.919921875
2017-06-15,2424.139892578125,2432.4599609375
2017-06-16,2431.239990234375,2433.14990234375
2017-06-19,2442.550048828125,2453.4599609375
2017-06-20,2450.659912109375,2437.030029296875
2017-06-21,2439.31005859375,2435.610107421875
2017-06-22,2437.39990234375,2434.5
2017-06-23,2434.64990234375,2438.300048828125
2017-06-26,2443.320068359375,2439.070068359375
2017-06-27,2436.340087890625,2419.3798828125
2017-06-28,2428.699951171875,2440.68994140625
2017-06-29,2442.3798828125,2419.699951171875
2017-06-30,2429.199951171875,2423.409912109375
2017-07-03,2431.389892578125,2429.010009765625
2017-07-05,2430.780029296875,2432.5400390625
2017-07-06,2423.43994140625,2409.75
2017-07-07,2413.52001953125,2425.179931640625
2017-07-10,2424.510009765625,2427.429931640625
2017-07-11,2427.35009765625,2425.530029296875
2017-07-12,2435.75,2443.25
2017-07-13,2444.989990234375,2447.830078125
2017-07-14,2449.159912109375,2459.27001953125
2017-07-17,2459.5,2459.139892578125
2017-07-18,2455.8798828125,2460.610107421875
2017-07-19,2463.85009765625,2473.830078125
2017-07-20,2475.56005859375,2473.449951171875
2017-07-21,2467.39990234375,2472.5400390625
2017-07-24,2472.0400390625,2469.909912109375
2017-07-25,2477.8798828125,2477.1298828125
2017-07-26,2479.969970703125,2477.830078125
2017-07-27,2482.760009765625,2475.419921875
2017-07-28,2469.1201171875,2472.10009765625
2017-07-31,2475.93994140625,2470.300048828125
2017-08-01,2477.10009765625,2476.35009765625
2017-08-02,2480.3798828125,2477.570068359375
2017-08-03,2476.030029296875,2472.159912109375
2017-08-04,2476.8798828125,2476.830078125
2017-08-07,2477.139892578125,2480.909912109375
2017-08-08,2478.35009765625,2474.919921875
2017-08-09,2465.35009765625,2474.02001953125
2017-08-10,2465.3798828125,2438.2099609375
2017-08-11,2441.0400390625,2441.320068359375
2017-08-14,2454.9599609375,2465.840087890625
2017-08-15,2468.659912109375,2464.610107421875
2017-08-16,2468.6298828125,2468.110107421875
2017-08-17,2462.949951171875,2430.010009765625
2017-08-18,2427.639892578125,2425.550048828125
2017-08-21,2425.5,2428.3701171875
2017-08-22,2433.75,2452.510009765625
2017-08-23,2444.8798828125,2444.0400390625
2017-08-24,2447.909912109375,2438.969970703125
2017-08-25,2444.719970703125,2443.050048828125
2017-08-28,2447.35009765625,2444.239990234375
2017-08-29,2431.93994140625,2446.300048828125
2017-08-30,2446.06005859375,2457.590087890625
2017-08-31,2462.64990234375,2471.64990234375
2017-09-01,2474.419921875,2476.550048828125
2017-09-05,2470.35009765625,2457.85009765625
2017-09-06,2463.830078125,2465.5400390625
2017-09-07,2468.06005859375,2465.10009765625
2017-09-08,2462.25,2461.429931640625
2017-09-11,2474.52001953125,2488.110107421875
2017-09-12,2491.93994140625,2496.47998046875
2017-09-13,2493.889892578125,2498.3701171875
2017-09-14,2494.56005859375,2495.6201171875
2017-09-15,2495.669921875,2500.22998046875
2017-09-18,2502.510009765625,2503.8701171875
2017-09-19,2506.2900390625,2506.64990234375
2017-09-20,2506.840087890625,2508.239990234375
2017-09-21,2507.159912109375,2500.60009765625
2017-09-22,2497.260009765625,2502.219970703125
2017-09-25,2499.389892578125,2496.659912109375
2017-09-26,2501.0400390625,2496.840087890625
2017-09-27,2503.300048828125,2507.0400390625
2017-09-28,2503.409912109375,2510.06005859375
2017-09-29,2509.9599609375,2519.360107421875
2017-10-02,2521.199951171875,2529.1201171875
2017-10-03,2530.340087890625,2534.580078125
2017-10-04,2533.47998046875,2537.739990234375
2017-10-05,2540.860107421875,2552.070068359375
2017-10-06,2547.43994140625,2549.330078125
2017-10-09,2551.389892578125,2544.72998046875
2017-10-10,2549.989990234375,2550.639892578125
2017-10-11,2550.6201171875,2555.239990234375
2017-10-12,2552.8798828125,2550.929931640625
2017-10-13,2555.659912109375,2553.169921875
2017-10-16,2555.570068359375,2557.639892578125
2017-10-17,2557.169921875,2559.360107421875
2017-10-18,2562.8701171875,2561.260009765625
2017-10-19,2553.389892578125,2562.10009765625
2017-10-20,2567.56005859375,2575.2099609375
2017-10-23,2578.080078125,2564.97998046875
2017-10-24,2568.659912109375,2569.1298828125
2017-10-25,2566.52001953125,2557.14990234375
2017-10-26,2560.080078125,2560.39990234375
2017-10-27,2570.260009765625,2581.070068359375
2017-10-30,2577.75,2572.830078125
2017-10-31,2575.989990234375,2575.260009765625
2017-11-01,2583.2099609375,2579.360107421875
2017-11-02,2579.4599609375,2579.85009765625
2017-11-03,2581.929931640625,2587.840087890625
2017-11-06,2587.469970703125,2591.1298828125
2017-11-07,2592.110107421875,2590.639892578125
2017-11-08,2588.7099609375,2594.3798828125
2017-11-09,2584.0,2584.6201171875
2017-11-10,2580.179931640625,2582.300048828125
2017-11-13,2576.530029296875,2584.840087890625
2017-11-14,2577.75,2578.8701171875
2017-11-15,2569.449951171875,2564.6201171875
2017-11-16,2572.949951171875,2585.639892578125
2017-11-17,2582.93994140625,2578.85009765625
2017-11-20,2579.489990234375,2582.139892578125
2017-11-21,2589.169921875,2599.030029296875
2017-11-22,2600.31005859375,2597.080078125
2017-11-24,2600.419921875,2602.419921875
2017-11-27,2602.659912109375,2601.419921875
2017-11-28,2605.93994140625,2627.0400390625
2017-11-29,2627.820068359375,2626.070068359375
2017-11-30,2633.929931640625,2647.580078125
2017-12-01,2645.10009765625,2642.219970703125
2017-12-04,2657.18994140625,2639.43994140625
2017-12-05,2639.780029296875,2629.570068359375
2017-12-06,2626.239990234375,2629.27001953125
2017-12-07,2628.3798828125,2636.97998046875
2017-12-08,2646.2099609375,2651.5
2017-12-11,2652.18994140625,2659.989990234375
2017-12-12,2661.72998046875,2664.110107421875
2017-12-13,2667.590087890625,2662.85009765625
2017-12-14,2665.8701171875,2652.010009765625
2017-12-15,2660.6298828125,2675.81005859375
2017-12-18,2685.919921875,2690.159912109375
2017-12-19,2692.7099609375,2681.469970703125
2017-12-20,2688.179931640625,2679.25
2017-12-21,2683.02001953125,2684.570068359375
2017-12-22,2684.219970703125,2683.340087890625
2017-12-26,2679.090087890625,2680.5
2017-12-27,2682.10009765625,2682.6201171875
2017-12-28,2686.10009765625,2687.5400390625
2017-12-29,2689.14990234375,2673.610107421875
2018-01-02,2683.72998046875,2695.81005859375
2018-01-03,2697.85009765625,2713.06005859375
2018-01-04,2719.31005859375,2723.989990234375
2018-01-05,2731.330078125,2743.14990234375
2018-01-08,2742.669921875,2747.7099609375
2018-01-09,2751.14990234375,2751.2900390625
2018-01-10,2745.550048828125,2748.22998046875
2018-01-11,2752.969970703125,2767.56005859375
2018-01-12,2770.179931640625,2786.239990234375
2018-01-16,2798.9599609375,2776.419921875
2018-01-17,2784.989990234375,2802.56005859375
2018-01-18,2802.39990234375,2798.030029296875
2018-01-19,2802.60009765625,2810.300048828125
2018-01-22,2809.159912109375,2832.969970703125
2018-01-23,2835.050048828125,2839.1298828125
2018-01-24,2845.419921875,2837.5400390625
2018-01-25,2846.239990234375,2839.25
2018-01-26,2847.47998046875,2872.8701171875
2018-01-29,2867.22998046875,2853.530029296875
2018-01-30,2832.739990234375,2822.429931640625
2018-01-31,2832.409912109375,2823.81005859375
2018-02-01,2816.449951171875,2821.97998046875
2018-02-02,2808.919921875,2762.1298828125
2018-02-05,2741.06005859375,2648.93994140625
2018-02-06,2614.780029296875,2695.139892578125
2018-02-07,2690.949951171875,2681.659912109375
2018-02-08,2685.010009765625,2581.0
2018-02-09,2601.780029296875,2619.550048828125
2018-02-12,2636.75,2656.0
2018-02-13,2646.27001953125,2662.93994140625
2018-02-14,2651.2099609375,2698.6298828125
2018-02-15,2713.4599609375,2731.199951171875
2018-02-16,2727.139892578125,2732.219970703125
2018-02-20,2722.989990234375,2716.260009765625
2018-02-21,2720.530029296875,2701.330078125
2018-02-22,2710.419921875,2703.9599609375
2018-02-23,2715.800048828125,2747.300048828125
2018-02-26,2757.3701171875,2779.60009765625
2018-02-27,2780.449951171875,2744.280029296875
2018-02-28,2753.780029296875,2713.830078125
2018-03-01,2715.219970703125,2677.669921875
2018-03-02,2658.889892578125,2691.25
2018-03-05,2681.06005859375,2720.93994140625
2018-03-06,2730.179931640625,2728.1201171875
2018-03-07,2710.179931640625,2726.800048828125
2018-03-08,2732.75,2738.969970703125
2018-03-09,2752.909912109375,2786.570068359375
2018-03-12,2790.5400390625,2783.02001953125
2018-03-13,2792.31005859375,2765.31005859375
2018-03-14,2774.06005859375,2749.47998046875
2018-03-15,2754.27001953125,2747.330078125
2018-03-16,2750.570068359375,2752.010009765625
2018-03-19,2741.3798828125,2712.919921875
2018-03-20,2715.050048828125,2716.93994140625
2018-03-21,2714.989990234375,2711.929931640625
2018-03-22,2691.360107421875,2643.68994140625
2018-03-23,2646.7099609375,2588.260009765625
2018-03-26,2619.35009765625,2658.550048828125
2018-03-27,2667.570068359375,2612.6201171875
2018-03-28,2611.300048828125,2605.0
2018-03-29,2614.409912109375,2640.8701171875
2018-04-02,2633.449951171875,2581.8798828125
2018-04-03,2592.169921875,2614.449951171875
2018-04-04,2584.0400390625,2644.68994140625
2018-04-05,2657.360107421875,2662.840087890625
2018-04-06,2645.820068359375,2604.469970703125
2018-04-09,2617.179931640625,2613.159912109375
2018-04-10,2638.409912109375,2656.8701171875
2018-04-11,2643.889892578125,2642.18994140625
2018-04-12,2653.830078125,2663.989990234375
2018-04-13,2676.89990234375,2656.300048828125
2018-04-16,2670.10009765625,2677.840087890625
2018-04-17,2692.739990234375,2706.389892578125
2018-04-18,2710.110107421875,2708.639892578125
2018-04-19,2701.159912109375,2693.1298828125
2018-04-20,2692.56005859375,2670.139892578125
2018-04-23,2675.39990234375,2670.2900390625
2018-04-24,2680.800048828125,2634.56005859375
2018-04-25,2634.919921875,2639.39990234375
2018-04-26,2651.64990234375,2666.93994140625
2018-04-27,2675.469970703125,2669.909912109375
2018-04-30,2682.510009765625,2648.050048828125
2018-05-01,2642.9599609375,2654.800048828125
2018-05-02,2654.239990234375,2635.669921875
2018-05-03,2628.080078125,2629.72998046875
2018-05-04,2621.449951171875,2663.419921875
2018-05-07,2680.340087890625,2672.6298828125
2018-05-08,2670.260009765625,2671.919921875
2018-05-09,2678.1201171875,2697.7900390625
2018-05-10,2705.02001953125,2723.070068359375
2018-05-11,2722.699951171875,2727.719970703125
2018-05-14,2738.469970703125,2730.1298828125
2018-05-15,2718.590087890625,2711.449951171875
2018-05-16,2712.6201171875,2722.4599609375
2018-05-17,2719.7099609375,2720.1298828125
2018-05-18,2717.35009765625,2712.969970703125
2018-05-21,2735.389892578125,2733.010009765625
2018-05-22,2738.340087890625,2724.43994140625
2018-05-23,2713.97998046875,2733.2900390625
2018-05-24,2730.93994140625,2727.760009765625
2018-05-25,2723.60009765625,2721.330078125
2018-05-29,2705.110107421875,2689.860107421875
2018-05-30,2702.429931640625,2724.010009765625
2018-05-31,2720.97998046875,2705.27001953125
2018-06-01,2718.699951171875,2734.6201171875
2018-06-04,2741.669921875,2746.8701171875
2018-06-05,2748.4599609375,2748.800048828125
2018-06-06,2753.25,2772.35009765625
2018-06-07,2774.840087890625,2770.3701171875
2018-06-08,2765.840087890625,2779.030029296875
2018-06-11,2780.179931640625,2782.0
2018-06-12,2785.60009765625,2786.85009765625
2018-06-13,2787.93994140625,2775.6298828125
2018-06-14,2783.2099609375,2782.489990234375
2018-06-15,2777.780029296875,2779.659912109375
2018-06-18,2765.7900390625,2773.75
2018-06-19,2752.010009765625,2762.590087890625
2018-06-20,2769.72998046875,2767.320068359375
2018-06-21,2769.280029296875,2749.760009765625
2018-06-22,2760.7900390625,2754.8798828125
2018-06-25,2742.93994140625,2717.070068359375
2018-06-26,2722.1201171875,2723.06005859375
2018-06-27,2728.449951171875,2699.6298828125
2018-06-28,2698.68994140625,2716.31005859375
2018-06-29,2727.1298828125,2718.3701171875
2018-07-02,2704.949951171875,2726.7099609375
2018-07-03,2733.27001953125,2713.219970703125
2018-07-05,2724.18994140625,2736.610107421875
2018-07-06,2737.679931640625,2759.820068359375
2018-07-09,2775.6201171875,2784.169921875
2018-07-10,2788.56005859375,2793.840087890625
2018-07-11,2779.820068359375,2774.02001953125
2018-07-12,2783.139892578125,2798.2900390625
2018-07-13,2796.929931640625,2801.31005859375
2018-07-16,2797.360107421875,2798.429931640625
2018-07-17,2789.340087890625,2809.550048828125
2018-07-18,2811.35009765625,2815.6201171875
2018-07-19,2809.3701171875,2804.489990234375
2018-07-20,2804.550048828125,2801.830078125
2018-07-23,2799.169921875,2806.97998046875
2018-07-24,2820.679931640625,2820.39990234375
2018-07-25,2817.72998046875,2846.070068359375
2018-07-26,2835.489990234375,2837.43994140625
2018-07-27,2842.35009765625,2818.820068359375
2018-07-30,2819.0,2802.60009765625
2018-07-31,2809.72998046875,2816.2900390625
2018-08-01,2821.169921875,2813.360107421875
2018-08-02,2800.47998046875,2827.219970703125
2018-08-03,2829.6201171875,2840.35009765625
2018-08-06,2840.2900390625,2850.39990234375
2018-08-07,2855.919921875,2858.449951171875
2018-08-08,2856.7900390625,2857.699951171875
2018-08-09,2857.18994140625,2853.580078125
2018-08-10,2838.89990234375,2833.280029296875
2018-08-13,2835.4599609375,2821.929931640625
2018-08-14,2827.8798828125,2839.9599609375
2018-08-15,2827.949951171875,2818.3701171875
2018-08-16,2831.43994140625,2840.68994140625
2018-08-17,2838.320068359375,2850.1298828125
2018-08-20,2853.929931640625,2857.050048828125
2018-08-21,2861.510009765625,2862.9599609375
2018-08-22,2860.989990234375,2861.820068359375
2018-08-23,2860.2900390625,2856.97998046875
2018-08-24,2862.35009765625,2874.68994140625
2018-08-27,2884.68994140625,2896.739990234375
2018-08-28,2901.449951171875,2897.52001953125
2018-08-29,2900.6201171875,2914.0400390625
2018-08-30,2908.93994140625,2901.1298828125
2018-08-31,2898.3701171875,2901.52001953125
2018-09-04,2896.9599609375,2896.719970703125
2018-09-05,2891.590087890625,2888.60009765625
2018-09-06,2888.639892578125,2878.050048828125
2018-09-07,2868.260009765625,2871.679931640625
2018-09-10,2881.389892578125,2877.1298828125
2018-09-11,2871.570068359375,2887.889892578125
2018-09-12,2888.2900390625,2888.919921875
2018-09-13,2896.85009765625,2904.179931640625
2018-09-14,2906.3798828125,2904.97998046875
2018-09-17,2903.830078125,2888.800048828125
2018-09-18,2890.739990234375,2904.31005859375
2018-09-19,2906.60009765625,2907.949951171875
2018-09-20,2919.72998046875,2930.75
2018-09-21,2936.760009765625,2929.669921875
2018-09-24,2921.830078125,2919.3701171875
2018-09-25,2921.75,2915.56005859375
2018-09-26,2916.97998046875,2905.969970703125
2018-09-27,2911.64990234375,2914.0
2018-09-28,2910.030029296875,2913.97998046875
2018-10-01,2926.2900390625,2924.590087890625
2018-10-02,2923.800048828125,2923.429931640625
2018-10-03,2931.68994140625,2925.510009765625
2018-10-04,2919.35009765625,2901.610107421875
2018-10-05,2902.5400390625,2885.570068359375
2018-10-08,2877.530029296875,2884.429931640625
2018-10-09,2882.510009765625,2880.340087890625
2018-10-10,2873.89990234375,2785.679931640625
2018-10-11,2776.8701171875,2728.3701171875
2018-10-12,2770.5400390625,2767.1298828125
2018-10-15,2763.830078125,2750.7900390625
2018-10-16,2767.050048828125,2809.919921875
2018-10-17,2811.669921875,2809.2099609375
2018-10-18,2802.0,2768.780029296875
2018-10-19,2775.659912109375,2767.780029296875
2018-10-22,2773.93994140625,2755.8798828125
2018-10-23,2721.030029296875,2740.68994140625
2018-10-24,2737.8701171875,2656.10009765625
2018-10-25,2674.8798828125,2705.570068359375
2018-10-26,2667.860107421875,2658.68994140625
2018-10-29,2682.64990234375,2641.25
2018-10-30,2640.679931640625,2682.6298828125
2018-10-31,2705.60009765625,2711.739990234375
2018-11-01,2717.580078125,2740.3701171875
2018-11-02,2745.449951171875,2723.06005859375
2018-11-05,2726.3701171875,2738.31005859375
2018-11-06,2738.39990234375,2755.449951171875
2018-11-07,2774.1298828125,2813.889892578125
2018-11-08,2806.3798828125,2806.830078125
2018-11-09,2794.10009765625,2781.010009765625
2018-11-12,2773.929931640625,2726.219970703125
2018-11-13,2730.050048828125,2722.179931640625
2018-11-14,2737.89990234375,2701.580078125
2018-11-15,2693.52001953125,2730.199951171875
2018-11-16,2718.5400390625,2736.27001953125
2018-11-19,2730.739990234375,2690.72998046875
2018-11-20,2654.60009765625,2641.889892578125
2018-11-21,2657.739990234375,2649.929931640625
2018-11-23,2633.360107421875,2632.56005859375
2018-11-26,2649.969970703125,2673.449951171875
2018-11-27,2663.75,2682.169921875
2018-11-28,2691.449951171875,2743.7900390625
2018-11-29,2736.969970703125,2737.800048828125
2018-11-30,2737.760009765625,2760.169921875
2018-12-03,2790.5,2790.3701171875
2018-12-04,2782.429931640625,2700.06005859375
2018-12-06,2663.510009765625,2695.949951171875
2018-12-07,2691.260009765625,2633.080078125
2018-12-10,2630.860107421875,2637.719970703125
2018-12-11,2664.43994140625,2636.780029296875
2018-12-12,2658.22998046875,2651.070068359375
2018-12-13,2658.699951171875,2650.5400390625
2018-12-14,2629.679931640625,2599.949951171875
2018-12-17,2590.75,2545.93994140625
2018-12-18,2559.89990234375,2546.159912109375
2018-12-19,2547.050048828125,2506.9599609375
2018-12-20,2496.77001953125,2467.419921875
2018-12-21,2465.3798828125,2416.6201171875
2018-12-24,2400.56005859375,2351.10009765625
2018-12-26,2363.1201171875,2467.699951171875
2018-12-27,2442.5,2488.830078125
2018-12-28,2498.77001953125,2485.739990234375
2018-12-31,2498.93994140625,2506.85009765625
2019-01-02,2476.9599609375,2510.030029296875
2019-01-03,2491.919921875,2447.889892578125
2019-01-04,2474.330078125,2531.93994140625
2019-01-07,2535.610107421875,2549.68994140625
2019-01-08,2568.110107421875,2574.409912109375
2019-01-09,2580.0,2584.9599609375
2019-01-10,2573.510009765625,2596.639892578125
2019-01-11,2588.110107421875,2596.260009765625
2019-01-14,2580.31005859375,2582.610107421875
2019-01-15,2585.10009765625,2610.300048828125
2019-01-16,2614.75,2616.10009765625
2019-01-17,2609.280029296875,2635.9599609375
2019-01-18,2651.27001953125,2670.7099609375
2019-01-22,2657.8798828125,2632.89990234375
2019-01-23,2643.47998046875,2638.699951171875
2019-01-24,2638.840087890625,2642.330078125
2019-01-25,2657.43994140625,2664.760009765625
2019-01-28,2644.969970703125,2643.85009765625
2019-01-29,2644.889892578125,2640.0
2019-01-30,2653.6201171875,2681.050048828125
2019-01-31,2685.489990234375,2704.10009765625
2019-02-01,2702.320068359375,2706.530029296875
2019-02-04,2706.489990234375,2724.8701171875
2019-02-05,2728.340087890625,2737.699951171875
2019-02-06,2735.050048828125,2731.610107421875
2019-02-07,2717.530029296875,2706.050048828125
2019-02-08,2692.360107421875,2707.8798828125
2019-02-11,2712.39990234375,2709.800048828125
2019-02-12,2722.610107421875,2744.72998046875
2019-02-13,2750.300048828125,2753.030029296875
2019-02-14,2743.5,2745.72998046875
2019-02-15,2760.239990234375,2775.60009765625
2019-02-19,2769.280029296875,2779.760009765625
2019-02-20,2779.050048828125,2784.699951171875
2019-02-21,2780.239990234375,2774.8798828125
2019-02-22,2780.669921875,2792.669921875
2019-02-25,2804.35009765625,2796.110107421875
2019-02-26,2792.360107421875,2793.89990234375
2019-02-27,2787.5,2792.3798828125
2019-02-28,2788.110107421875,2784.489990234375
2019-03-01,2798.219970703125,2803.68994140625
2019-03-04,2814.3701171875,2792.81005859375
2019-03-05,2794.409912109375,2789.64990234375
2019-03-06,2790.27001953125,2771.449951171875
2019-03-07,2766.530029296875,2748.929931640625
2019-03-08,2730.7900390625,2743.070068359375
2019-03-11,2747.610107421875,2783.300048828125
2019-03-12,2787.340087890625,2791.52001953125
2019-03-13,2799.780029296875,2810.919921875
2019-03-14,2810.3798828125,2808.47998046875
2019-03-15,2810.7900390625,2822.47998046875
2019-03-18,2822.610107421875,2832.93994140625
2019-03-19,2840.760009765625,2832.570068359375
2019-03-20,2831.340087890625,2824.22998046875
2019-03-21,2819.719970703125,2854.8798828125
2019-03-22,2844.52001953125,2800.7099609375
2019-03-25,2796.010009765625,2798.360107421875
2019-03-26,2812.659912109375,2818.4599609375
2019-03-27,2819.719970703125,2805.3701171875
2019-03-28,2809.39990234375,2815.43994140625
2019-03-29,2828.27001953125,2834.39990234375
2019-04-01,2848.6298828125,2867.18994140625
2019-04-02,2868.239990234375,2867.239990234375
2019-04-03,2876.090087890625,2873.39990234375
2019-04-04,2873.989990234375,2879.389892578125
2019-04-05,2884.159912109375,2892.739990234375
2019-04-08,2888.4599609375,2895.77001953125
2019-04-09,2886.580078125,2878.199951171875
2019-04-10,2881.3701171875,2888.2099609375
2019-04-11,2891.919921875,2888.320068359375
2019-04-12,2900.860107421875,2907.409912109375
2019-04-15,2908.320068359375,2905.580078125
2019-04-16,2912.260009765625,2907.06005859375
2019-04-17,2916.0400390625,2900.449951171875
2019-04-18,2904.81005859375,2905.030029296875
2019-04-22,2898.780029296875,2907.969970703125
2019-04-23,2909.989990234375,2933.679931640625
2019-04-24,2934.0,2927.25
2019-04-25,2928.989990234375,2926.169921875
2019-04-26,2925.81005859375,2939.8798828125
2019-04-29,2940.580078125,2943.030029296875
2019-04-30,2937.139892578125,2945.830078125
2019-05-01,2952.330078125,2923.72998046875
2019-05-02,2922.159912109375,2917.52001953125
2019-05-03,2929.2099609375,2945.639892578125
2019-05-06,2908.889892578125,2932.469970703125
2019-05-07,2913.030029296875,2884.050048828125
2019-05-08,2879.610107421875,2879.419921875
2019-05-09,2859.840087890625,2870.719970703125
2019-05-10,2863.10009765625,2881.39990234375
2019-05-13,2840.18994140625,2811.8701171875
2019-05-14,2820.1201171875,2834.409912109375
2019-05-15,2820.3798828125,2850.9599609375
2019-05-16,2855.800048828125,2876.320068359375
2019-05-17,2858.60009765625,2859.530029296875
2019-05-20,2841.93994140625,2840.22998046875
2019-05-21,2854.02001953125,2864.360107421875
2019-05-22,2856.06005859375,2856.27001953125
2019-05-23,2836.699951171875,2822.239990234375
2019-05-24,2832.409912109375,2826.06005859375
2019-05-28,2830.030029296875,2802.389892578125
2019-05-29,2790.25,2783.02001953125
2019-05-30,2786.93994140625,2788.860107421875
2019-05-31,2766.14990234375,2752.06005859375
2019-06-03,2751.530029296875,2744.449951171875
2019-06-04,2762.639892578125,2803.27001953125
2019-06-05,2818.090087890625,2826.14990234375
2019-06-06,2828.510009765625,2843.489990234375
2019-06-07,2852.8701171875,2873.340087890625
2019-06-10,2885.830078125,2886.72998046875
2019-06-11,2903.27001953125,2885.719970703125
2019-06-12,2882.72998046875,2879.840087890625
2019-06-13,2886.239990234375,2891.639892578125
2019-06-14,2886.820068359375,2886.97998046875
2019-06-17,2889.75,2889.669921875
2019-06-18,2906.7099609375,2917.75
2019-06-19,2920.550048828125,2926.4599609375
2019-06-20,2949.60009765625,2954.179931640625
2019-06-21,2952.7099609375,2950.4599609375
2019-06-24,2951.419921875,2945.35009765625
2019-06-25,2945.780029296875,2917.3798828125
2019-06-26,2926.070068359375,2913.780029296875
2019-06-27,2919.659912109375,2924.919921875
2019-06-28,2932.93994140625,2941.760009765625
2019-07-01,2971.409912109375,2964.330078125
2019-07-02,2964.659912109375,2973.010009765625
2019-07-03,2978.080078125,2995.820068359375
2019-07-05,2984.25,2990.409912109375
2019-07-08,2979.77001953125,2975.949951171875
2019-07-09,2965.52001953125,2979.6298828125
2019-07-10,2989.300048828125,2993.070068359375
2019-07-11,2999.6201171875,2999.909912109375
2019-07-12,3003.360107421875,3013.77001953125
2019-07-15,3017.800048828125,3014.300048828125
2019-07-16,3012.1298828125,3004.0400390625
2019-07-17,3005.10009765625,2984.419921875
2019-07-18,2978.8701171875,2995.110107421875
2019-07-19,3004.260009765625,2976.610107421875
2019-07-22,2981.929931640625,2985.030029296875
2019-07-23,2994.739990234375,3005.469970703125
2019-07-24,2998.77001953125,3019.56005859375
2019-07-25,3016.260009765625,3003.669921875
2019-07-26,3013.25,3025.860107421875
2019-07-29,3024.469970703125,3020.969970703125
2019-07-30,3007.659912109375,3013.179931640625
2019-07-31,3016.219970703125,2980.3798828125
2019-08-01,2980.320068359375,2953.56005859375
2019-08-02,2943.89990234375,2932.050048828125
2019-08-05,2898.070068359375,2844.739990234375
2019-08-06,2861.179931640625,2881.77001953125
2019-08-07,2858.64990234375,2883.97998046875
2019-08-08,2896.2099609375,2938.090087890625
2019-08-09,2930.510009765625,2918.64990234375
2019-08-12,2907.070068359375,2882.699951171875
2019-08-13,2880.719970703125,2926.320068359375
2019-08-14,2894.14990234375,2840.60009765625
2019-08-15,2846.199951171875,2847.60009765625
2019-08-16,2864.739990234375,2888.679931640625
2019-08-19,2913.47998046875,2923.64990234375
2019-08-20,2919.010009765625,2900.510009765625
2019-08-21,2922.0400390625,2924.429931640625
2019-08-22,2930.93994140625,2922.949951171875
2019-08-23,2911.070068359375,2847.110107421875
2019-08-26,2866.699951171875,2878.3798828125
2019-08-27,2893.139892578125,2869.159912109375
2019-08-28,2861.280029296875,2887.93994140625
2019-08-29,2910.3701171875,2924.580078125
2019-08-30,2937.090087890625,2926.4599609375
2019-09-03,2909.010009765625,2906.27001953125
2019-09-04,2924.669921875,2937.780029296875
2019-09-05,2960.60009765625,2976.0
2019-09-06,2980.330078125,2978.7099609375
2019-09-09,2988.429931640625,2978.429931640625
2019-09-10,2971.010009765625,2979.389892578125
2019-09-11,2981.409912109375,3000.929931640625
2019-09-12,3009.080078125,3009.570068359375
2019-09-13,3012.2099609375,3007.389892578125
2019-09-16,2996.409912109375,2997.9599609375
2019-09-17,2995.669921875,3005.699951171875
2019-09-18,3001.5,3006.72998046875
2019-09-19,3010.360107421875,3006.7900390625
2019-09-20,3008.419921875,2992.070068359375
2019-09-23,2983.5,2991.780029296875
2019-09-24,3002.429931640625,2966.60009765625
2019-09-25,2968.35009765625,2984.8701171875
2019-09-26,2985.72998046875,2977.6201171875
2019-09-27,2985.469970703125,2961.7900390625
2019-09-30,2967.070068359375,2976.739990234375
2019-10-01,2983.68994140625,2940.25
2019-10-02,2924.780029296875,2887.610107421875
2019-10-03,2885.3798828125,2910.6298828125
2019-10-04,2918.56005859375,2952.010009765625
2019-10-07,2944.22998046875,2938.7900390625
2019-10-08,2920.39990234375,2893.06005859375
2019-10-09,2911.10009765625,2919.39990234375
2019-10-10,2918.550048828125,2938.1298828125
2019-10-11,2963.070068359375,2970.27001953125
2019-10-14,2965.81005859375,2966.14990234375
2019-10-15,2973.610107421875,2995.679931640625
2019-10-16,2989.679931640625,2989.68994140625
2019-10-17,3000.77001953125,2997.949951171875
2019-10-18,2996.840087890625,2986.199951171875
2019-10-21,2996.47998046875,3006.719970703125
2019-10-22,3010.72998046875,2995.989990234375
2019-10-23,2994.010009765625,3004.52001953125
2019-10-24,3014.780029296875,3010.2900390625
2019-10-25,3003.320068359375,3022.550048828125
2019-10-28,3032.1201171875,3039.419921875
2019-10-29,3035.389892578125,3036.889892578125
2019-10-30,3039.739990234375,3046.77001953125
2019-10-31,3046.89990234375,3037.56005859375
2019-11-01,3050.719970703125,3066.909912109375
2019-11-04,3078.9599609375,3078.27001953125
2019-11-05,3080.800048828125,3074.6201171875
2019-11-06,3075.10009765625,3076.780029296875
2019-11-07,3087.02001953125,3085.179931640625
2019-11-08,3081.25,3093.080078125
2019-11-11,3080.330078125,3087.010009765625
2019-11-12,3089.280029296875,3091.840087890625
2019-11-13,3084.179931640625,3094.0400390625
2019-11-14,3090.75,3096.6298828125
2019-11-15,3107.919921875,3120.4599609375
2019-11-18,3117.909912109375,3122.030029296875
2019-11-19,3127.449951171875,3120.179931640625
2019-11-20,3114.659912109375,3108.4599609375
2019-11-21,3108.489990234375,3103.5400390625
2019-11-22,3111.409912109375,3110.2900390625
2019-11-25,3117.43994140625,3133.639892578125
2019-11-26,3134.85009765625,3140.52001953125
2019-11-27,3145.489990234375,3153.6298828125
2019-11-29,3147.179931640625,3140.97998046875
2019-12-02,3143.85009765625,3113.8701171875
2019-12-03,3087.409912109375,3093.199951171875
2019-12-04,3103.5,3112.760009765625
2019-12-05,3119.2099609375,3117.429931640625
2019-12-06,3134.6201171875,3145.909912109375
2019-12-09,3141.860107421875,3135.9599609375
2019-12-10,3135.360107421875,3132.52001953125
2019-12-11,3135.75,3141.6298828125
2019-12-12,3141.22998046875,3168.570068359375
2019-12-13,3166.64990234375,3168.800048828125
2019-12-16,3183.6298828125,3191.449951171875
2019-12-17,3195.39990234375,3192.52001953125
2019-12-18,3195.2099609375,3191.139892578125
2019-12-19,3192.320068359375,3205.3701171875
2019-12-20,3223.330078125,3221.219970703125
2019-12-23,3226.050048828125,3224.010009765625
2019-12-24,3225.449951171875,3223.3798828125
2019-12-26,3227.199951171875,3239.909912109375
2019-12-27,3247.22998046875,3240.02001953125
2019-12-30,3240.090087890625,3221.2900390625
2019-12-31,3215.179931640625,3230.780029296875
2020-01-02,3244.669921875,3257.85009765625
2020-01-03,3226.360107421875,3234.85009765625
2020-01-06,3217.550048828125,3246.280029296875
2020-01-07,3241.860107421875,3237.179931640625
2020-01-08,3238.590087890625,3253.050048828125
2020-01-09,3266.030029296875,3274.699951171875
2020-01-10,3281.81005859375,3265.35009765625
2020-01-13,3271.1298828125,3288.1298828125
2020-01-14,3285.35009765625,3283.14990234375
2020-01-15,3282.27001953125,3289.2900390625
2020-01-16,3302.969970703125,3316.81005859375
2020-01-17,3323.659912109375,3329.6201171875
2020-01-21,3321.030029296875,3320.7900390625
2020-01-22,3330.02001953125,3321.75
2020-01-23,3315.77001953125,3325.5400390625
2020-01-24,3333.10009765625,3295.469970703125
2020-01-27,3247.159912109375,3243.6298828125
2020-01-28,3255.35009765625,3276.239990234375
2020-01-29,3289.4599609375,3273.39990234375
2020-01-30,3256.449951171875,3283.659912109375
2020-01-31,3282.330078125,3225.52001953125
2020-02-03,3235.659912109375,3248.919921875
2020-02-04,3280.610107421875,3297.590087890625
2020-02-05,3324.909912109375,3334.68994140625
2020-02-06,3344.919921875,3345.780029296875
2020-02-07,3335.5400390625,3327.7099609375
2020-02-10,3318.280029296875,3352.090087890625
2020-02-11,3365.8701171875,3357.75
2020-02-12,3370.5,3379.449951171875
2020-02-13,3365.89990234375,3373.93994140625
2020-02-14,3378.080078125,3380.159912109375
2020-02-18,3369.0400390625,3370.2900390625
2020-02-19,3380.389892578125,3386.14990234375
2020-02-20,3380.449951171875,3373.22998046875
2020-02-21,3360.5,3337.75
2020-02-24,3257.610107421875,3225.889892578125
2020-02-25,3238.93994140625,3128.2099609375
2020-02-26,3139.89990234375,3116.389892578125
2020-02-27,3062.5400390625,2978.760009765625
2020-02-28,2916.89990234375,2954.219970703125
2020-03-02,2974.280029296875,3090.22998046875
2020-03-03,3096.4599609375,3003.3701171875
2020-03-04,3045.75,3130.1201171875
2020-03-05,3075.699951171875,3023.93994140625
2020-03-06,2954.199951171875,2972.3701171875
2020-03-09,2863.889892578125,2746.56005859375
2020-03-10,2813.47998046875,2882.22998046875
2020-03-11,2825.60009765625,2741.3798828125
2020-03-12,2630.860107421875,2480.639892578125
2020-03-13,2569.989990234375,2711.02001953125
2020-03-16,2508.590087890625,2386.1298828125
2020-03-17,2425.659912109375,2529.18994140625
2020-03-18,2436.5,2398.10009765625
2020-03-19,2393.47998046875,2409.389892578125
2020-03-20,2431.93994140625,2304.919921875
2020-03-23,2290.7099609375,2237.39990234375
2020-03-24,2344.43994140625,2447.330078125
2020-03-25,2457.77001953125,2475.56005859375
2020-03-26,2501.2900390625,2630.070068359375
2020-03-27,2555.8701171875,2541.469970703125
2020-03-30,2558.97998046875,2626.64990234375
2020-03-31,2614.68994140625,2584.590087890625
2020-04-01,2498.080078125,2470.5
2020-04-02,2458.5400390625,2526.89990234375
2020-04-03,2514.919921875,2488.64990234375
2020-04-06,2578.280029296875,2663.679931640625
2020-04-07,2738.64990234375,2659.409912109375
2020-04-08,2685.0,2749.97998046875
2020-04-09,2776.989990234375,2789.820068359375
2020-04-13,2782.4599609375,2761.6298828125
2020-04-14,2805.10009765625,2846.06005859375
2020-04-15,2795.639892578125,2783.360107421875
2020-04-16,2799.340087890625,2799.550048828125
2020-04-17,2842.429931640625,2874.56005859375
2020-04-20,2845.6201171875,2823.159912109375
2020-04-21,2784.81005859375,2736.56005859375
2020-04-22,2787.889892578125,2799.31005859375
2020-04-23,2810.419921875,2797.800048828125
2020-04-24,2812.639892578125,2836.739990234375
2020-04-27,2854.64990234375,2878.47998046875
2020-04-28,2909.9599609375,2863.389892578125
2020-04-29,2918.4599609375,2939.510009765625
2020-04-30,2930.909912109375,2912.429931640625
2020-05-01,2869.090087890625,2830.7099609375
2020-05-04,2815.010009765625,2842.739990234375
2020-05-05,2868.8798828125,2868.43994140625
2020-05-06,2883.139892578125,2848.419921875
2020-05-07,2878.260009765625,2881.18994140625
2020-05-08,2908.830078125,2929.800048828125
2020-05-11,2915.4599609375,2930.18994140625
2020-05-12,2939.5,2870.1201171875
2020-05-13,2865.860107421875,2820.0
2020-05-14,2794.5400390625,2852.5
2020-05-15,2829.949951171875,2863.699951171875
2020-05-18,2913.860107421875,2953.909912109375
2020-05-19,2948.590087890625,2922.93994140625
2020-05-20,2953.6298828125,2971.610107421875
2020-05-21,2969.949951171875,2948.510009765625
2020-05-22,2948.050048828125,2955.449951171875
2020-05-26,3004.080078125,2991.77001953125
2020-05-27,3015.64990234375,3036.1298828125
2020-05-28,3046.610107421875,3029.72998046875
2020-05-29,3025.169921875,3044.31005859375
2020-06-01,3038.780029296875,3055.72998046875
2020-06-02,3064.780029296875,3080.820068359375
2020-06-03,3098.89990234375,3122.8701171875
2020-06-04,3111.56005859375,3112.35009765625
2020-06-05,3163.840087890625,3193.929931640625
2020-06-08,3199.919921875,3232.389892578125
2020-06-09,3213.320068359375,3207.179931640625
2020-06-10,3213.419921875,3190.139892578125
2020-06-11,3123.530029296875,3002.10009765625
2020-06-12,3071.0400390625,3041.31005859375
2020-06-15,2993.760009765625,3066.590087890625
2020-06-16,3131.0,3124.739990234375
2020-06-17,3136.1298828125,3113.489990234375
2020-06-18,3101.639892578125,3115.340087890625
2020-06-19,3140.2900390625,3097.739990234375
2020-06-22,3094.419921875,3117.860107421875
2020-06-23,3138.699951171875,3131.2900390625
2020-06-24,3114.39990234375,3050.330078125
2020-06-25,3046.60009765625,3083.760009765625
2020-06-26,3073.199951171875,3009.050048828125
2020-06-29,3018.590087890625,3053.239990234375
2020-06-30,3050.199951171875,3100.2900390625
2020-07-01,3105.919921875,3115.860107421875
2020-07-02,3143.639892578125,3130.010009765625
2020-07-06,3155.2900390625,3179.719970703125
2020-07-07,3166.43994140625,3145.320068359375
2020-07-08,3153.070068359375,3169.93994140625
2020-07-09,3176.169921875,3152.050048828125
2020-07-10,3152.469970703125,3185.0400390625
2020-07-13,3205.080078125,3155.219970703125
2020-07-14,3141.110107421875,3197.52001953125
2020-07-15,3225.97998046875,3226.56005859375
2020-07-16,3208.360107421875,3215.570068359375
2020-07-17,3224.2099609375,3224.72998046875
2020-07-20,3224.2900390625,3251.840087890625
2020-07-21,3268.52001953125,3257.300048828125
2020-07-22,3254.860107421875,3276.02001953125
2020-07-23,3271.639892578125,3235.659912109375
2020-07-24,3218.580078125,3215.6298828125
2020-07-27,3219.840087890625,3239.409912109375
2020-07-28,3234.27001953125,3218.43994140625
2020-07-29,3227.219970703125,3258.43994140625
2020-07-30,3231.760009765625,3246.219970703125
2020-07-31,3270.449951171875,3271.1201171875
2020-08-03,3288.260009765625,3294.610107421875
2020-08-04,3289.919921875,3306.510009765625
2020-08-05,3317.3701171875,3327.77001953125
2020-08-06,3323.169921875,3349.159912109375
2020-08-07,3340.050048828125,3351.280029296875
2020-08-10,3356.0400390625,3360.469970703125
2020-08-11,3370.340087890625,3333.68994140625
2020-08-12,3355.4599609375,3380.35009765625
2020-08-13,3372.949951171875,3373.429931640625
2020-08-14,3368.659912109375,3372.85009765625
2020-08-17,3380.860107421875,3381.989990234375
2020-08-18,3387.0400390625,3389.780029296875
2020-08-19,3392.510009765625,3374.85009765625
2020-08-20,3360.47998046875,3385.510009765625
2020-08-21,3386.010009765625,3397.159912109375
2020-08-24,3418.090087890625,3431.280029296875
2020-08-25,3435.949951171875,3443.6201171875
2020-08-26,3449.969970703125,3478.72998046875
2020-08-27,3485.139892578125,3484.550048828125
2020-08-28,3494.68994140625,3508.010009765625
2020-08-31,3509.72998046875,3500.31005859375
2020-09-01,3507.43994140625,3526.64990234375
2020-09-02,3543.760009765625,3580.840087890625
2020-09-03,3564.739990234375,3455.06005859375
2020-09-04,3453.60009765625,3426.9599609375
2020-09-08,3371.8798828125,3331.840087890625
2020-09-09,3369.820068359375,3398.9599609375
2020-09-10,3412.56005859375,3339.18994140625
2020-09-11,3352.699951171875,3340.969970703125
2020-09-14,3363.56005859375,3383.5400390625
2020-09-15,3407.72998046875,3401.199951171875
2020-09-16,3411.22998046875,3385.489990234375
2020-09-17,3346.860107421875,3357.010009765625
2020-09-18,3357.3798828125,3319.469970703125
2020-09-21,3285.570068359375,3281.06005859375
2020-09-22,3295.75,3315.570068359375
2020-09-23,3320.110107421875,3236.919921875
2020-09-24,3226.139892578125,3246.590087890625
2020-09-25,3236.659912109375,3298.4599609375
2020-09-28,3333.89990234375,3351.60009765625
2020-09-29,3350.919921875,3335.469970703125
2020-09-30,3341.2099609375,3363.0
2020-10-01,3385.8701171875,3380.800048828125
2020-10-02,3338.93994140625,3348.419921875
2020-10-05,3367.27001953125,3408.60009765625
2020-10-06,3408.739990234375,3360.969970703125
2020-10-07,3384.56005859375,3419.43994140625
2020-10-08,3434.280029296875,3446.830078125
2020-10-09,3459.669921875,3477.139892578125
2020-10-12,3500.02001953125,3534.219970703125
2020-10-13,3534.010009765625,3511.929931640625
2020-10-14,3515.469970703125,3488.669921875
2020-10-15,3453.719970703125,3483.340087890625
2020-10-16,3493.5,3483.81005859375
2020-10-19,3493.659912109375,3426.919921875
2020-10-20,3439.3798828125,3443.1201171875
2020-10-21,3439.909912109375,3435.56005859375
2020-10-22,3438.5,3453.489990234375
2020-10-23,3464.89990234375,3465.389892578125
2020-10-26,3441.419921875,3400.969970703125
2020-10-27,3403.14990234375,3390.679931640625
2020-10-28,3342.47998046875,3271.030029296875
2020-10-29,3277.169921875,3310.110107421875
2020-10-30,3293.590087890625,3269.9599609375
2020-11-02,3296.199951171875,3310.239990234375
2020-11-03,3336.25,3369.159912109375
2020-11-04,3406.4599609375,3443.43994140625
2020-11-05,3485.739990234375,3510.449951171875
2020-11-06,3508.340087890625,3509.43994140625
2020-11-09,3583.0400390625,3550.5
2020-11-10,3543.260009765625,3545.530029296875
2020-11-11,3563.219970703125,3572.659912109375
2020-11-12,3562.669921875,3537.010009765625
2020-11-13,3552.570068359375,3585.14990234375
2020-11-16,3600.159912109375,3626.909912109375
2020-11-17,3610.31005859375,3609.530029296875
2020-11-18,3612.090087890625,3567.7900390625
2020-11-19,3559.409912109375,3581.8701171875
2020-11-20,3579.31005859375,3557.5400390625
2020-11-23,3566.820068359375,3577.590087890625
2020-11-24,3594.52001953125,3635.409912109375
2020-11-25,3635.5,3629.64990234375
2020-11-27,3638.550048828125,3638.35009765625
2020-11-30,3634.179931640625,3621.6298828125
2020-12-01,3645.8701171875,3662.449951171875
2020-12-02,3653.780029296875,3669.010009765625
2020-12-03,3668.280029296875,3666.719970703125
2020-12-04,3670.93994140625,3699.1201171875
2020-12-07,3694.72998046875,3691.9599609375
2020-12-08,3683.050048828125,3702.25
2020-12-09,3705.97998046875,3672.820068359375
2020-12-10,3659.1298828125,3668.10009765625
2020-12-11,3656.080078125,3663.4599609375
2020-12-14,3675.27001953125,3647.489990234375
2020-12-15,3666.409912109375,3694.6201171875
2020-12-16,3696.25,3701.169921875
2020-12-17,3713.64990234375,3722.47998046875
2020-12-18,3722.389892578125,3709.409912109375
2020-12-21,3684.280029296875,3694.919921875
2020-12-22,3698.080078125,3687.260009765625
2020-12-23,3693.419921875,3690.010009765625
2020-12-24,3694.030029296875,3703.06005859375
2020-12-28,3723.030029296875,3735.360107421875
2020-12-29,3750.010009765625,3727.0400390625
2020-12-30,3736.18994140625,3732.0400390625
2020-12-31,3733.27001953125,3756.070068359375
2021-01-04,3764.610107421875,3700.64990234375
2021-01-05,3698.02001953125,3726.860107421875
2021-01-06,3712.199951171875,3748.139892578125
2021-01-07,3764.7099609375,3803.7900390625
2021-01-08,3815.050048828125,3824.679931640625
2021-01-11,3803.139892578125,3799.610107421875
2021-01-12,3801.6201171875,3801.18994140625
2021-01-13,3802.22998046875,3809.840087890625
2021-01-14,3814.97998046875,3795.5400390625
2021-01-15,3788.72998046875,3768.25
2021-01-19,3781.8798828125,3798.909912109375
2021-01-20,3816.219970703125,3851.85009765625
2021-01-21,3857.4599609375,3853.070068359375
2021-01-22,3844.239990234375,3841.469970703125
2021-01-25,3851.679931640625,3855.360107421875
2021-01-26,3862.9599609375,3849.6201171875
2021-01-27,3836.830078125,3750.77001953125
2021-01-28,3755.75,3787.3798828125
2021-01-29,3778.050048828125,3714.239990234375
2021-02-01,3731.169921875,3773.860107421875
2021-02-02,3791.840087890625,3826.31005859375
2021-02-03,3840.27001953125,3830.169921875
2021-02-04,3836.659912109375,3871.739990234375
2021-02-05,3878.300048828125,3886.830078125
2021-02-08,3892.590087890625,3915.590087890625
2021-02-09,3910.489990234375,3911.22998046875
2021-02-10,3920.780029296875,3909.8798828125
2021-02-11,3916.39990234375,3916.3798828125
2021-02-12,3911.64990234375,3934.830078125
2021-02-16,3939.610107421875,3932.590087890625
2021-02-17,3918.5,3931.330078125
2021-02-18,3915.860107421875,3913.969970703125
2021-02-19,3921.159912109375,3906.7099609375
2021-02-22,3885.550048828125,3876.5
2021-02-23,3857.070068359375,3881.3701171875
2021-02-24,3873.7099609375,3925.429931640625
2021-02-25,3915.800048828125,3829.340087890625
2021-02-26,3839.659912109375,3811.14990234375
2021-03-01,3842.510009765625,3901.820068359375
2021-03-02,3903.639892578125,3870.2900390625
2021-03-03,3863.989990234375,3819.719970703125
2021-03-04,3818.530029296875,3768.469970703125
2021-03-05,3793.580078125,3841.93994140625
2021-03-08,3844.389892578125,3821.35009765625
2021-03-09,3851.929931640625,3875.43994140625
2021-03-10,3891.989990234375,3898.81005859375
2021-03-11,3915.5400390625,3939.340087890625
2021-03-12,3924.52001953125,3943.340087890625
2021-03-15,3942.9599609375,3968.93994140625
2021-03-16,3973.590087890625,3962.7099609375
2021-03-17,3949.570068359375,3974.1201171875
2021-03-18,3953.5,3915.4599609375
2021-03-19,3913.139892578125,3913.10009765625
2021-03-22,3916.47998046875,3940.590087890625
2021-03-23,3937.60009765625,3910.52001953125
2021-03-24,3919.929931640625,3889.139892578125
2021-03-25,3879.340087890625,3909.52001953125
2021-03-26,3917.1201171875,3974.5400390625
2021-03-29,3969.31005859375,3971.090087890625
2021-03-30,3963.340087890625,3958.550048828125
2021-03-31,3967.25,3972.889892578125
2021-04-01,3992.780029296875,4019.8701171875
2021-04-05,4034.43994140625,4077.909912109375
2021-04-06,4075.570068359375,4073.93994140625
2021-04-07,4074.2900390625,4079.949951171875
2021-04-08,4089.949951171875,4097.169921875
2021-04-09,4096.10986328125,4128.7998046875
2021-04-12,4124.7099609375,4127.990234375
2021-04-13,4130.10009765625,4141.58984375
2021-04-14,4141.580078125,4124.66015625
2021-04-15,4139.759765625,4170.419921875
2021-04-16,4174.14013671875,4185.47021484375
2021-04-19,4179.7998046875,4163.259765625
2021-04-20,4159.18017578125,4134.93994140625
2021-04-21,4128.419921875,4173.419921875
2021-04-22,4170.4599609375,4134.97998046875
2021-04-23,4138.77978515625,4180.169921875
2021-04-26,4185.02978515625,4187.6201171875
2021-04-27,4188.25,4186.72021484375
2021-04-28,4185.14013671875,4183.18017578125
2021-04-29,4206.14013671875,4211.47021484375
2021-04-30,4198.10009765625,4181.169921875
2021-05-03,4191.97998046875,4192.66015625
2021-05-04,4179.0400390625,4164.66015625
2021-05-05,4177.06005859375,4167.58984375
2021-05-06,4169.14013671875,4201.6201171875
2021-05-07,4210.33984375,4232.60009765625
2021-05-10,4228.2900390625,4188.43017578125
2021-05-11,4150.33984375,4152.10009765625
2021-05-12,4130.5498046875,4063.0400390625
2021-05-13,4074.989990234375,4112.5
2021-05-14,4129.580078125,4173.85009765625
2021-05-17,4169.919921875,4163.2900390625
2021-05-18,4165.93994140625,4127.830078125
2021-05-19,4098.4501953125,4115.68017578125
2021-05-20,4121.97021484375,4159.1201171875
2021-05-21,4168.60986328125,4155.85986328125
2021-05-24,4170.16015625,4197.0498046875
2021-05-25,4205.93994140625,4188.1298828125
2021-05-26,4191.58984375,4195.990234375
2021-05-27,4201.93994140625,4200.8798828125
2021-05-28,4210.77001953125,4204.10986328125
2021-06-01,4216.52001953125,4202.0400390625
2021-06-02,4206.81982421875,4208.1201171875
2021-06-03,4191.43017578125,4192.85009765625
2021-06-04,4206.0498046875,4229.89013671875
2021-06-07,4229.33984375,4226.52001953125
2021-06-08,4233.81005859375,4227.259765625
2021-06-09,4232.990234375,4219.5498046875
2021-06-10,4228.56005859375,4239.18017578125
2021-06-11,4242.89990234375,4247.43994140625
2021-06-14,4248.31005859375,4255.14990234375
2021-06-15,4255.27978515625,4246.58984375
2021-06-16,4248.8701171875,4223.7001953125
2021-06-17,4220.3701171875,4221.85986328125
2021-06-18,4204.77978515625,4166.4501953125
2021-06-21,4173.39990234375,4224.7900390625
2021-06-22,4224.60986328125,4246.43994140625
2021-06-23,4249.27001953125,4241.83984375
2021-06-24,4256.97021484375,4266.490234375
2021-06-25,4274.4501953125,4280.7001953125
2021-06-28,4284.89990234375,4290.60986328125
2021-06-29,4293.2099609375,4291.7998046875
2021-06-30,4290.64990234375,4297.5
2021-07-01,4300.72998046875,4319.93994140625
2021-07-02,4326.60009765625,4352.33984375
2021-07-06,4356.4599609375,4343.5400390625
2021-07-07,4351.009765625,4358.1298828125
2021-07-08,4321.06982421875,4320.81982421875
2021-07-09,4329.3798828125,4369.5498046875
2021-07-12,4372.41015625,4384.6298828125
2021-07-13,4381.06982421875,4369.2099609375
2021-07-14,4380.10986328125,4374.2998046875
2021-07-15,4369.02001953125,4360.02978515625
2021-07-16,4367.43017578125,4327.16015625
2021-07-19,4296.39990234375,4258.490234375
2021-07-20,4265.10986328125,4323.06005859375
2021-07-21,4331.1298828125,4358.68994140625
2021-07-22,4361.27001953125,4367.47998046875
2021-07-23,4381.2001953125,4411.7900390625
2021-07-26,4409.580078125,4422.2998046875
2021-07-27,4416.3798828125,4401.4599609375
2021-07-28,4402.9501953125,4400.64013671875
2021-07-29,4403.58984375,4419.14990234375
2021-07-30,4395.1201171875,4395.259765625
2021-08-02,4406.85986328125,4387.16015625
2021-08-03,4392.740234375,4423.14990234375
2021-08-04,4415.9501953125,4402.66015625
2021-08-05,4408.85986328125,4429.10009765625
2021-08-06,4429.06982421875,4436.52001953125
2021-08-09,4437.77001953125,4432.35009765625
2021-08-10,4435.7900390625,4436.75
2021-08-11,4442.18017578125,4442.41015625
2021-08-12,4446.080078125,4460.830078125
2021-08-13,4464.83984375,4468.0
2021-08-16,4461.64990234375,4479.7099609375
2021-08-17,4462.1201171875,4448.080078125
2021-08-18,4440.93994140625,4400.27001953125
2021-08-19,4382.43994140625,4405.7998046875
2021-08-20,4410.56005859375,4441.669921875
2021-08-23,4450.2900390625,4479.52978515625
2021-08-24,4484.39990234375,4486.22998046875
2021-08-25,4490.4501953125,4496.18994140625
2021-08-26,4493.75,4470.0
2021-08-27,4474.10009765625,4509.3701171875
2021-08-30,4513.759765625,4528.7900390625
2021-08-31,4529.75,4522.68017578125
2021-09-01,4528.7998046875,4524.08984375
2021-09-02,4534.47998046875,4536.9501953125
2021-09-03,4532.419921875,4535.43017578125
2021-09-07,4535.3798828125,4520.02978515625
2021-09-08,4518.08984375,4514.06982421875
2021-09-09,4513.02001953125,4493.27978515625
2021-09-10,4506.919921875,4458.580078125
2021-09-13,4474.81005859375,4468.72998046875
2021-09-14,4479.330078125,4443.0498046875
2021-09-15,4447.490234375,4480.7001953125
2021-09-16,4477.08984375,4473.75
2021-09-17,4469.740234375,4432.990234375
2021-09-20,4402.9501953125,4357.72998046875
2021-09-21,4374.4501953125,4354.18994140625
2021-09-22,4367.43017578125,4395.64013671875
2021-09-23,4406.75,4448.97998046875
2021-09-24,4438.0400390625,4455.47998046875
2021-09-27,4442.1201171875,4443.10986328125
2021-09-28,4419.5400390625,4352.6298828125
2021-09-29,4362.41015625,4359.4599609375
2021-09-30,4370.669921875,4307.5400390625
2021-10-01,4317.16015625,4357.0400390625
2021-10-04,4348.83984375,4300.4599609375
2021-10-05,4309.8701171875,4345.72021484375
2021-10-06,4319.56982421875,4363.5498046875
2021-10-07,4383.72998046875,4399.759765625
2021-10-08,4406.509765625,4391.33984375
2021-10-11,4385.43994140625,4361.18994140625
2021-10-12,4368.31005859375,4350.64990234375
2021-10-13,4358.009765625,4363.7998046875
2021-10-14,4386.75,4438.259765625
2021-10-15,4447.68994140625,4471.3701171875
2021-10-18,4463.72021484375,4486.4599609375
2021-10-19,4497.33984375,4519.6298828125
2021-10-20,4524.419921875,4536.18994140625
2021-10-21,4532.240234375,4549.77978515625
2021-10-22,4546.1201171875,4544.89990234375
2021-10-25,4553.68994140625,4566.47998046875
2021-10-26,4578.68994140625,4574.7900390625
2021-10-27,4580.22021484375,4551.68017578125
2021-10-28,4562.83984375,4596.419921875
2021-10-29,4572.8701171875,4605.3798828125
2021-11-01,4610.6201171875,4613.669921875
2021-11-02,4613.33984375,4630.64990234375
2021-11-03,4630.64990234375,4660.56982421875
2021-11-04,4662.93017578125,4680.06005859375
2021-11-05,4699.259765625,4697.52978515625
2021-11-08,4701.47998046875,4701.7001953125
2021-11-09,4707.25,4685.25
2021-11-10,4670.259765625,4646.7099609375
2021-11-11,4659.39013671875,4649.27001953125
2021-11-12,4655.240234375,4682.85009765625
2021-11-15,4689.2998046875,4682.7998046875
2021-11-16,4679.419921875,4700.89990234375
2021-11-17,4701.5,4688.669921875
2021-11-18,4700.72021484375,4704.5400390625
2021-11-19,4708.43994140625,4697.9599609375
2021-11-22,4712.0,4682.93994140625
2021-11-23,4678.47998046875,4690.7001953125
2021-11-24,4675.77978515625,4701.4599609375
2021-11-26,4664.6298828125,4594.6201171875
2021-11-29,4628.75,4655.27001953125
2021-11-30,4640.25,4567.0
2021-12-01,4602.81982421875,4513.0400390625
2021-12-02,4504.72998046875,4577.10009765625
2021-12-03,4589.490234375,4538.43017578125
2021-12-06,4548.3701171875,4591.669921875
2021-12-07,4631.97021484375,4686.75
2021-12-08,4690.85986328125,4701.2099609375
2021-12-09,4691.0,4667.4501953125
2021-12-10,4687.64013671875,4712.02001953125
2021-12-13,4710.2998046875,4668.97021484375
2021-12-14,4642.990234375,4634.08984375
2021-12-15,4636.4599609375,4709.85009765625
2021-12-16,4719.1298828125,4668.669921875
2021-12-17,4652.5,4620.64013671875
2021-12-20,4587.89990234375,4568.02001953125
2021-12-21,4594.9599609375,4649.22998046875
2021-12-22,4650.35986328125,4696.56005859375
2021-12-23,4703.9599609375,4725.7900390625
2021-12-27,4733.990234375,4791.18994140625
2021-12-28,4795.490234375,4786.35009765625
2021-12-29,4788.64013671875,4793.06005859375
2021-12-30,4794.22998046875,4778.72998046875
2021-12-31,4775.2099609375,4766.18017578125
2022-01-03,4778.14013671875,4796.56005859375
2022-01-04,4804.509765625,4793.5400390625
2022-01-05,4787.990234375,4700.580078125
2022-01-06,4693.39013671875,4696.0498046875
2022-01-07,4697.66015625,4677.02978515625
2022-01-10,4655.33984375,4670.2900390625
2022-01-11,4669.14013671875,4713.06982421875
2022-01-12,4728.58984375,4726.35009765625
2022-01-13,4733.56005859375,4659.02978515625
2022-01-14,4637.990234375,4662.85009765625
2022-01-18,4632.240234375,4577.10986328125
2022-01-19,4588.02978515625,4532.759765625
2022-01-20,4547.35009765625,4482.72998046875
2022-01-21,4471.3798828125,4397.93994140625
2022-01-24,4356.31982421875,4410.1298828125
2022-01-25,4366.64013671875,4356.4501953125
2022-01-26,4408.43017578125,4349.93017578125
2022-01-27,4380.580078125,4326.509765625
2022-01-28,4336.18994140625,4431.85009765625
2022-01-31,4431.7900390625,4515.5498046875
2022-02-01,4519.56982421875,4546.5400390625
2022-02-02,4566.39013671875,4589.3798828125
2022-02-03,4535.41015625,4477.43994140625
2022-02-04,4482.7900390625,4500.52978515625
2022-02-07,4505.75,4483.8701171875
2022-02-08,4480.02001953125,4521.5400390625
2022-02-09,4547.0,4587.18017578125
2022-02-10,4553.240234375,4504.080078125
2022-02-11,4506.27001953125,4418.64013671875
2022-02-14,4412.60986328125,4401.669921875
2022-02-15,4429.27978515625,4471.06982421875
2022-02-16,4455.75,4475.009765625
2022-02-17,4456.06005859375,4380.259765625
2022-02-18,4384.56982421875,4348.8701171875
2022-02-22,4332.740234375,4304.759765625
2022-02-23,4324.93017578125,4225.5
2022-02-24,4155.77001953125,4288.7001953125
2022-02-25,4298.3798828125,4384.64990234375
2022-02-28,4354.169921875,4373.93994140625
2022-03-01,4363.14013671875,4306.259765625
2022-03-02,4322.56005859375,4386.5400390625
2022-03-03,4401.31005859375,4363.490234375
2022-03-04,4342.1201171875,4328.8701171875
2022-03-07,4327.009765625,4201.08984375
2022-03-08,4202.66015625,4170.7001953125
2022-03-09,4223.10009765625,4277.8798828125
2022-03-10,4252.5498046875,4259.52001953125
2022-03-11,4279.5,4204.31005859375
2022-03-14,4202.75,4173.10986328125
2022-03-15,4188.81982421875,4262.4501953125
2022-03-16,4288.14013671875,4357.85986328125
2022-03-17,4345.10986328125,4411.669921875
2022-03-18,4407.33984375,4463.1201171875
2022-03-21,4462.39990234375,4461.18017578125
2022-03-22,4469.10009765625,4511.60986328125
2022-03-23,4493.10009765625,4456.240234375
2022-03-24,4469.97998046875,4520.16015625
2022-03-25,4522.91015625,4543.06005859375
2022-03-28,4541.08984375,4575.52001953125
2022-03-29,4602.85986328125,4631.60009765625
2022-03-30,4624.2001953125,4602.4501953125
2022-03-31,4599.02001953125,4530.41015625
2022-04-01,4540.31982421875,4545.85986328125
2022-04-04,4547.97021484375,4582.64013671875
2022-04-05,4572.4501953125,4525.1201171875
2022-04-06,4494.169921875,4481.14990234375
2022-04-07,4474.64990234375,4500.2099609375
2022-04-08,4494.14990234375,4488.27978515625
2022-04-11,4462.64013671875,4412.52978515625
2022-04-12,4437.58984375,4397.4501953125
2022-04-13,4394.2998046875,4446.58984375
2022-04-14,4449.1201171875,4392.58984375
2022-04-18,4385.6298828125,4391.68994140625
2022-04-19,4390.6298828125,4462.2099609375
2022-04-20,4472.259765625,4459.4501953125
2022-04-21,4489.169921875,4393.66015625
2022-04-22,4385.830078125,4271.77978515625
2022-04-25,4255.33984375,4296.1201171875
2022-04-26,4278.14013671875,4175.2001953125
2022-04-27,4186.52001953125,4183.9599609375
2022-04-28,4222.580078125,4287.5
2022-04-29,4253.75,4131.93017578125
2022-05-02,4130.60986328125,4155.3798828125
2022-05-03,4159.77978515625,4175.47998046875
2022-05-04,4181.18017578125,4300.169921875
2022-05-05,4270.43017578125,4146.8701171875
2022-05-06,4128.169921875,4123.33984375
2022-05-09,4081.27001953125,3991.239990234375
2022-05-10,4035.179931640625,4001.050048828125
2022-05-11,3990.080078125,3935.179931640625
2022-05-12,3903.949951171875,3930.080078125
2022-05-13,3963.89990234375,4023.889892578125
2022-05-16,4013.02001953125,4008.010009765625
2022-05-17,4052.0,4088.85009765625
2022-05-18,4051.97998046875,3923.679931640625
2022-05-19,3899.0,3900.7900390625
2022-05-20,3927.760009765625,3901.360107421875
2022-05-23,3919.419921875,3973.75
2022-05-24,3942.93994140625,3941.47998046875
2022-05-25,3929.590087890625,3978.72998046875
2022-05-26,3984.60009765625,4057.840087890625
2022-05-27,4077.429931640625,4158.240234375
2022-05-31,4151.08984375,4132.14990234375
2022-06-01,4149.77978515625,4101.22998046875
2022-06-02,4095.409912109375,4176.81982421875
2022-06-03,4137.56982421875,4108.5400390625
2022-06-06,4134.72021484375,4121.43017578125
2022-06-07,4096.47021484375,4160.68017578125
2022-06-08,4147.1201171875,4115.77001953125
2022-06-09,4101.64990234375,4017.820068359375
2022-06-10,3974.389892578125,3900.860107421875
2022-06-13,3838.14990234375,3749.6298828125
2022-06-14,3763.52001953125,3735.47998046875
2022-06-15,3764.050048828125,3789.989990234375
2022-06-16,3728.179931640625,3666.77001953125
2022-06-17,3665.89990234375,3674.840087890625
2022-06-21,3715.31005859375,3764.7900390625
2022-06-22,3733.889892578125,3759.889892578125
2022-06-23,3774.7099609375,3795.72998046875
2022-06-24,3821.75,3911.739990234375
2022-06-27,3920.760009765625,3900.110107421875
2022-06-28,3913.0,3821.550048828125
2022-06-29,3825.090087890625,3818.830078125
2022-06-30,3785.989990234375,3785.3798828125
2022-07-01,3781.0,3825.330078125
2022-07-05,3792.610107421875,3831.389892578125
2022-07-06,3831.97998046875,3845.080078125
2022-07-07,3858.85009765625,3902.6201171875
2022-07-08,3888.260009765625,3899.3798828125
2022-07-11,3880.93994140625,3854.429931640625
2022-07-12,3851.949951171875,3818.800048828125
2022-07-13,3779.669921875,3801.780029296875
2022-07-14,3763.989990234375,3790.3798828125
2022-07-15,3818.0,3863.159912109375
2022-07-18,3883.7900390625,3830.85009765625
2022-07-19,3860.72998046875,3936.68994140625
2022-07-20,3935.320068359375,3959.89990234375
2022-07-21,3955.469970703125,3998.949951171875
2022-07-22,3998.429931640625,3961.6298828125
2022-07-25,3965.719970703125,3966.840087890625
2022-07-26,3953.219970703125,3921.050048828125
2022-07-27,3951.429931640625,4023.610107421875
2022-07-28,4026.1298828125,4072.429931640625
2022-07-29,4087.330078125,4130.2900390625
2022-08-01,4112.3798828125,4118.6298828125
2022-08-02,4104.2099609375,4091.18994140625
2022-08-03,4107.9599609375,4155.169921875
2022-08-04,4154.85009765625,4151.93994140625
2022-08-05,4115.8701171875,4145.18994140625
2022-08-08,4155.93017578125,4140.06005859375
2022-08-09,4133.10986328125,4122.47021484375
2022-08-10,4181.02001953125,4210.240234375
2022-08-11,4227.39990234375,4207.27001953125
2022-08-12,4225.02001953125,4280.14990234375
2022-08-15,4269.3701171875,4297.14013671875
2022-08-16,4290.4599609375,4305.2001953125
2022-08-17,4280.39990234375,4274.0400390625
2022-08-18,4273.1298828125,4283.740234375
2022-08-19,4266.31005859375,4228.47998046875
2022-08-22,4195.080078125,4137.990234375
2022-08-23,4133.08984375,4128.72998046875
2022-08-24,4126.5498046875,4140.77001953125
2022-08-25,4153.259765625,4199.1201171875
2022-08-26,4198.740234375,4057.659912109375
2022-08-29,4034.580078125,4030.610107421875
2022-08-30,4041.25,3986.159912109375
2022-08-31,4000.669921875,3955.0
2022-09-01,3936.72998046875,3966.85009765625
2022-09-02,3994.659912109375,3924.260009765625
2022-09-06,3930.889892578125,3908.18994140625
2022-09-07,3909.429931640625,3979.8701171875
2022-09-08,3959.93994140625,4006.179931640625
2022-09-09,4022.93994140625,4067.360107421875
2022-09-12,4083.669921875,4110.41015625
2022-09-13,4037.1201171875,3932.68994140625
2022-09-14,3940.72998046875,3946.010009765625
2022-09-15,3932.409912109375,3901.35009765625
2022-09-16,3880.949951171875,3873.330078125
2022-09-19,3849.909912109375,3899.889892578125
2022-09-20,3875.22998046875,3855.929931640625
2022-09-21,3871.39990234375,3789.929931640625
2022-09-22,3782.360107421875,3757.989990234375
2022-09-23,3727.139892578125,3693.22998046875
2022-09-26,3682.719970703125,3655.0400390625
2022-09-27,3686.43994140625,3647.2900390625
2022-09-28,3651.93994140625,3719.0400390625
2022-09-29,3687.010009765625,3640.469970703125
2022-09-30,3633.47998046875,3585.6201171875
2022-10-03,3609.780029296875,3678.429931640625
2022-10-04,3726.4599609375,3790.929931640625
2022-10-05,3753.25,3783.280029296875
2022-10-06,3771.969970703125,3744.52001953125
2022-10-07,3706.739990234375,3639.659912109375
2022-10-10,3647.510009765625,3612.389892578125
2022-10-11,3595.860107421875,3588.840087890625
2022-10-12,3590.830078125,3577.030029296875
2022-10-13,3520.3701171875,3669.909912109375
2022-10-14,3690.409912109375,3583.070068359375
2022-10-17,3638.64990234375,3677.949951171875
2022-10-18,3746.260009765625,3719.97998046875
2022-10-19,3703.110107421875,3695.159912109375
2022-10-20,3689.050048828125,3665.780029296875
2022-10-21,3657.10009765625,3752.75
2022-10-24,3762.010009765625,3797.340087890625
2022-10-25,3799.43994140625,3859.110107421875
2022-10-26,3825.969970703125,3830.60009765625
2022-10-27,3834.68994140625,3807.300048828125
2022-10-28,3808.260009765625,3901.06005859375
2022-10-31,3881.85009765625,3871.97998046875
2022-11-01,3901.7900390625,3856.10009765625
2022-11-02,3852.89990234375,3759.68994140625
2022-11-03,3733.25,3719.889892578125
2022-11-04,3766.97998046875,3770.550048828125
2022-11-07,3780.7099609375,3806.800048828125
2022-11-08,3817.02001953125,3828.110107421875
2022-11-09,3810.93994140625,3748.570068359375
2022-11-10,3859.889892578125,3956.3701171875
2022-11-11,3963.719970703125,3992.929931640625
2022-11-14,3977.969970703125,3957.25
2022-11-15,4006.409912109375,3991.72998046875
2022-11-16,3976.820068359375,3958.7900390625
2022-11-17,3919.260009765625,3946.56005859375
2022-11-18,3966.389892578125,3965.340087890625
2022-11-21,3956.22998046875,3949.93994140625
2022-11-22,3965.510009765625,4003.580078125
2022-11-23,4000.300048828125,4027.260009765625
2022-11-25,4023.340087890625,4026.1201171875
2022-11-28,4005.360107421875,3963.93994140625
2022-11-29,3964.18994140625,3957.6298828125
2022-11-30,3957.179931640625,4080.110107421875
2022-12-01,4087.139892578125,4076.570068359375
2022-12-02,4040.169921875,4071.699951171875
2022-12-05,4052.02001953125,3998.840087890625
2022-12-06,3996.6298828125,3941.260009765625
2022-12-07,3933.280029296875,3933.919921875
2022-12-08,3947.7900390625,3963.510009765625
2022-12-09,3954.169921875,3934.3798828125
2022-12-12,3939.2900390625,3990.56005859375
2022-12-13,4069.3798828125,4019.64990234375
2022-12-14,4015.5400390625,3995.320068359375
2022-12-15,3958.3701171875,3895.75
2022-12-16,3890.909912109375,3852.360107421875
2022-12-19,3853.7900390625,3817.659912109375
2022-12-20,3810.469970703125,3821.6201171875
2022-12-21,3839.489990234375,3878.43994140625
2022-12-22,3853.260009765625,3822.389892578125
2022-12-23,3815.110107421875,3844.820068359375
2022-12-27,3843.340087890625,3829.25
2022-12-28,3829.56005859375,3783.219970703125
2022-12-29,3805.449951171875,3849.280029296875
2022-12-30,3829.06005859375,3839.5
2023-01-03,3853.2900390625,3824.139892578125
2023-01-04,3840.360107421875,3852.969970703125
2023-01-05,3839.739990234375,3808.10009765625
2023-01-06,3823.3701171875,3895.080078125
2023-01-09,3910.820068359375,3892.090087890625
2023-01-10,3888.570068359375,3919.25
2023-01-11,3932.35009765625,3969.610107421875
2023-01-12,3977.570068359375,3983.169921875
2023-01-13,3960.60009765625,3999.090087890625
2023-01-17,3999.280029296875,3990.969970703125
2023-01-18,4002.25,3928.860107421875
2023-01-19,3911.840087890625,3898.85009765625
2023-01-20,3909.0400390625,3972.610107421875
2023-01-23,3978.139892578125,4019.81005859375
2023-01-24,4001.739990234375,4016.949951171875
2023-01-25,3982.7099609375,4016.219970703125
2023-01-26,4036.080078125,4060.429931640625
2023-01-27,4053.719970703125,4070.56005859375
2023-01-30,4049.27001953125,4017.77001953125
2023-01-31,4020.85009765625,4076.60009765625
2023-02-01,4070.070068359375,4119.2099609375
2023-02-02,4158.68017578125,4179.759765625
2023-02-03,4136.68994140625,4136.47998046875
2023-02-06,4119.56982421875,4111.080078125
2023-02-07,4105.35009765625,4164.0
2023-02-08,4153.47021484375,4117.85986328125
2023-02-09,4144.25,4081.5
2023-02-10,4068.919921875,4090.4599609375
2023-02-13,4096.6201171875,4137.2900390625
2023-02-14,4126.7001953125,4136.1298828125
2023-02-15,4119.5,4147.60009765625
2023-02-16,4114.75,4090.409912109375
2023-02-17,4077.389892578125,4079.090087890625
2023-02-21,4052.35009765625,3997.340087890625
2023-02-22,4001.830078125,3991.050048828125
2023-02-23,4018.60009765625,4012.320068359375
2023-02-24,3973.239990234375,3970.0400390625
2023-02-27,3992.360107421875,3982.239990234375
2023-02-28,3977.18994140625,3970.14990234375
2023-03-01,3963.340087890625,3951.389892578125
2023-03-02,3938.679931640625,3981.35009765625
2023-03-03,3998.02001953125,4045.639892578125
2023-03-06,4055.14990234375,4048.419921875
2023-03-07,4048.260009765625,3986.3701171875
2023-03-08,3987.550048828125,3992.010009765625
2023-03-09,3998.659912109375,3918.320068359375
2023-03-10,3912.77001953125,3861.590087890625
2023-03-13,3835.1201171875,3855.760009765625
2023-03-14,3894.010009765625,3919.2900390625
2023-03-15,3876.739990234375,3891.929931640625
2023-03-16,3878.929931640625,3960.280029296875
2023-03-17,3958.68994140625,3916.639892578125
2023-03-20,3917.469970703125,3951.570068359375
2023-03-21,3975.889892578125,4002.8701171875
2023-03-22,4002.0400390625,3936.969970703125
2023-03-23,3959.2099609375,3948.719970703125
2023-03-24,3939.2099609375,3970.989990234375
2023-03-27,3982.929931640625,3977.530029296875
2023-03-28,3974.1298828125,3971.27001953125
2023-03-29,3999.530029296875,4027.81005859375
2023-03-30,4046.739990234375,4050.830078125
2023-03-31,4056.179931640625,4109.31005859375
2023-04-03,4102.2001953125,4124.509765625
2023-04-04,4128.02978515625,4100.60009765625
2023-04-05,4094.5,4090.3798828125
2023-04-06,4081.14990234375,4105.02001953125
2023-04-10,4085.199951171875,4109.10986328125
2023-04-11,4110.2900390625,4108.93994140625
2023-04-12,4121.72021484375,4091.949951171875
2023-04-13,4100.0400390625,4146.22021484375
2023-04-14,4140.10986328125,4137.64013671875
2023-04-17,4137.169921875,4151.31982421875
2023-04-18,4164.259765625,4154.8701171875
2023-04-19,4139.330078125,4154.52001953125
2023-04-20,4130.47998046875,4129.7900390625
2023-04-21,4132.14013671875,4133.52001953125
2023-04-24,4132.06982421875,4137.0400390625
2023-04-25,4126.43017578125,4071.6298828125
2023-04-26,4087.780029296875,4055.989990234375
2023-04-27,4075.2900390625,4135.35009765625
2023-04-28,4129.6298828125,4169.47998046875
2023-05-01,4166.7900390625,4167.8701171875
2023-05-02,4164.10009765625,4119.580078125
2023-05-03,4122.25,4090.75
2023-05-04,4082.550048828125,4061.219970703125
2023-05-05,4084.72998046875,4136.25
2023-05-08,4136.97998046875,4138.1201171875
2023-05-09,4124.25,4119.169921875
2023-05-10,4143.740234375,4137.64013671875
2023-05-11,4132.240234375,4130.6201171875
2023-05-12,4138.5400390625,4124.080078125
2023-05-15,4126.64990234375,4136.27978515625
2023-05-16,4127.9501953125,4109.89990234375
2023-05-17,4122.85009765625,4158.77001953125
2023-05-18,4157.68017578125,4198.0498046875
2023-05-19,4204.14990234375,4191.97998046875
2023-05-22,4190.77978515625,4192.6298828125
2023-05-23,4176.7998046875,4145.580078125
2023-05-24,4132.9599609375,4115.240234375
2023-05-25,4155.7099609375,4151.27978515625
2023-05-26,4156.16015625,4205.4501953125
2023-05-30,4226.7099609375,4205.52001953125
2023-05-31,4190.740234375,4179.830078125
2023-06-01,4183.02978515625,4221.02001953125
2023-06-02,4241.009765625,4282.3701171875
2023-06-05,4282.990234375,4273.7900390625
2023-06-06,4271.33984375,4283.85009765625
2023-06-07,4285.47021484375,4267.52001953125
2023-06-08,4268.68994140625,4293.93017578125
2023-06-09,4304.8798828125,4298.85986328125
2023-06-12,4308.31982421875,4338.93017578125
2023-06-13,4352.60986328125,4369.009765625
2023-06-14,4366.2900390625,4372.58984375
2023-06-15,4365.330078125,4425.83984375
2023-06-16,4440.9501953125,4409.58984375
2023-06-20,4396.10986328125,4388.7099609375
2023-06-21,4380.009765625,4365.68994140625
2023-06-22,4355.39990234375,4381.89013671875
2023-06-23,4354.169921875,4348.330078125
2023-06-26,4344.83984375,4328.81982421875
2023-06-27,4337.35986328125,4378.41015625
2023-06-28,4367.47998046875,4376.85986328125
2023-06-29,4374.93994140625,4396.43994140625
2023-06-30,4422.43994140625,4450.3798828125
2023-07-03,4450.47998046875,4455.58984375
2023-07-05,4442.0400390625,4446.81982421875
2023-07-06,4422.6201171875,4411.58984375
2023-07-07,4404.5400390625,4398.9501953125
2023-07-10,4394.22998046875,4409.52978515625
2023-07-11,4415.5498046875,4439.259765625
2023-07-12,4467.68994140625,4472.16015625
2023-07-13,4491.5,4510.0400390625
2023-07-14,4514.60986328125,4505.419921875
2023-07-17,4508.85986328125,4522.7900390625
2023-07-18,4521.77978515625,4554.97998046875
2023-07-19,4563.8701171875,4565.72021484375
2023-07-20,4554.3798828125,4534.8701171875
2023-07-21,4550.16015625,4536.33984375
2023-07-24,4543.39013671875,4554.64013671875
2023-07-25,4555.18994140625,4567.4599609375
2023-07-26,4558.9599609375,4566.75
2023-07-27,4598.259765625,4537.41015625
2023-07-28,4565.75,4582.22998046875
2023-07-31,4584.81982421875,4588.9599609375
2023-08-01,4578.830078125,4576.72998046875
2023-08-02,4550.93017578125,4513.39013671875
2023-08-03,4494.27001953125,4501.89013671875
2023-08-04,4513.9599609375,4478.02978515625
2023-08-07,4491.580078125,4518.43994140625
2023-08-08,4498.02978515625,4499.3798828125
2023-08-09,4501.56982421875,4467.7099609375
2023-08-10,4487.16015625,4468.830078125
2023-08-11,4450.68994140625,4464.0498046875
2023-08-14,4458.1298828125,4489.72021484375
2023-08-15,4478.8701171875,4437.85986328125
2023-08-16,4433.7900390625,4404.330078125
2023-08-17,4416.31982421875,4370.35986328125
2023-08-18,4344.8798828125,4369.7099609375
2023-08-21,4380.27978515625,4399.77001953125
2023-08-22,4415.330078125,4387.5498046875
2023-08-23,4396.43994140625,4436.009765625
2023-08-24,4455.16015625,4376.31005859375
2023-08-25,4389.3798828125,4405.7099609375
2023-08-28,4426.02978515625,4433.31005859375
2023-08-29,4432.75,4497.6298828125
2023-08-30,4500.33984375,4514.8701171875
2023-08-31,4517.009765625,4507.66015625
2023-09-01,4530.60009765625,4515.77001953125
2023-09-05,4510.06005859375,4496.830078125
2023-09-06,4490.35009765625,4465.47998046875
2023-09-07,4434.5498046875,4451.14013671875
2023-09-08,4451.2998046875,4457.490234375
2023-09-11,4480.97998046875,4487.4599609375
2023-09-12,4473.27001953125,4461.89990234375
2023-09-13,4462.64990234375,4467.43994140625
2023-09-14,4487.77978515625,4505.10009765625
2023-09-15,4497.97998046875,4450.31982421875
2023-09-18,4445.1298828125,4453.52978515625
2023-09-19,4445.41015625,4443.9501953125
2023-09-20,4452.81005859375,4402.2001953125
2023-09-21,4374.35986328125,4330.0
2023-09-22,4341.740234375,4320.06005859375
2023-09-25,4310.6201171875,4337.43994140625
2023-09-26,4312.8798828125,4273.52978515625
2023-09-27,4282.6298828125,4274.509765625
2023-09-28,4269.64990234375,4299.7001953125
2023-09-29,4328.18017578125,4288.0498046875
2023-10-02,4284.52001953125,4288.39013671875
2023-10-03,4269.75,4229.4501953125
2023-10-04,4233.830078125,4263.75
2023-10-05,4259.31005859375,4258.18994140625
2023-10-06,4234.7900390625,4308.5
2023-10-09,4289.02001953125,4335.66015625
2023-10-10,4339.75,4358.240234375
2023-10-11,4366.58984375,4376.9501953125
2023-10-12,4380.93994140625,4349.60986328125
2023-10-13,4360.490234375,4327.77978515625
2023-10-16,4342.3701171875,4373.6298828125
2023-10-17,4345.22998046875,4373.2001953125
2023-10-18,4357.35009765625,4314.60009765625
2023-10-19,4321.35986328125,4278.0
2023-10-20,4273.85009765625,4224.16015625
2023-10-23,4210.39990234375,4217.0400390625
2023-10-24,4235.7900390625,4247.68017578125
2023-10-25,4232.419921875,4186.77001953125
2023-10-26,4175.990234375,4137.22998046875
2023-10-27,4152.93017578125,4117.3701171875
2023-10-30,4139.39013671875,4166.81982421875
2023-10-31,4171.330078125,4193.7998046875
2023-11-01,4201.27001953125,4237.85986328125
2023-11-02,4268.259765625,4317.77978515625
2023-11-03,4334.22998046875,4358.33984375
2023-11-06,4364.27001953125,4365.97998046875
2023-11-07,4366.2099609375,4378.3798828125
2023-11-08,4384.3701171875,4382.77978515625
2023-11-09,4391.41015625,4347.35009765625
2023-11-10,4364.14990234375,4415.240234375
2023-11-13,4406.66015625,4411.5498046875
2023-11-14,4458.97021484375,4495.7001953125
2023-11-15,4505.2998046875,4502.8798828125
2023-11-16,4497.080078125,4508.240234375
2023-11-17,4509.5498046875,4514.02001953125
2023-11-20,4511.7001953125,4547.3798828125
2023-11-21,4538.77001953125,4538.18994140625
2023-11-22,4553.0400390625,4556.6201171875
2023-11-24,4555.83984375,4559.33984375
2023-11-27,4554.85986328125,4550.43017578125
2023-11-28,4545.5498046875,4554.89013671875
2023-11-29,4571.83984375,4550.580078125
2023-11-30,4554.8701171875,4567.7998046875
2023-12-01,4559.43017578125,4594.6298828125
2023-12-04,4564.3701171875,4569.77978515625
2023-12-05,4557.25,4567.18017578125
2023-12-06,4586.22998046875,4549.33984375
2023-12-07,4568.83984375,4585.58984375
2023-12-08,4576.2001953125,4604.3701171875
2023-12-11,4593.39013671875,4622.43994140625
2023-12-12,4618.2998046875,4643.7001953125
2023-12-13,4646.2001953125,4707.08984375
2023-12-14,4721.0400390625,4719.5498046875
2023-12-15,4714.22998046875,4719.18994140625
2023-12-18,4725.580078125,4740.56005859375
2023-12-19,4743.72021484375,4768.3701171875
2023-12-20,4764.72998046875,4698.35009765625
2023-12-21,4724.2900390625,4746.75
2023-12-22,4753.919921875,4754.6298828125
2023-12-26,4758.85986328125,4774.75
2023-12-27,4773.4501953125,4781.580078125
2023-12-28,4786.43994140625,4783.35009765625
2023-12-29,4782.8798828125,4769.830078125
2024-01-02,4745.2001953125,4742.830078125
2024-01-03,4725.06982421875,4704.81005859375
2024-01-04,4697.419921875,4688.68017578125
2024-01-05,4690.56982421875,4697.240234375
2024-01-08,4703.7001953125,4763.5400390625
2024-01-09,4741.93017578125,4756.5
2024-01-10,4759.93994140625,4783.4501953125
2024-01-11,4792.1298828125,4780.240234375
2024-01-12,4791.18017578125,4783.830078125
2024-01-16,4772.35009765625,4765.97998046875
2024-01-17,4739.1298828125,4739.2099609375
2024-01-18,4760.10009765625,4780.93994140625
2024-01-19,4796.27978515625,4839.81005859375
2024-01-22,4853.419921875,4850.43017578125
2024-01-23,4856.7998046875,4864.60009765625
2024-01-24,4888.56005859375,4868.5498046875
2024-01-25,4886.66015625,4894.16015625
2024-01-26,4888.91015625,4890.97021484375
2024-01-29,4892.9501953125,4927.93017578125
2024-01-30,4925.89013671875,4924.97021484375
2024-01-31,4899.18994140625,4845.64990234375
2024-02-01,4861.10986328125,4906.18994140625
2024-02-02,4916.06005859375,4958.60986328125
2024-02-05,4957.18994140625,4942.81005859375
2024-02-06,4950.16015625,4954.22998046875
2024-02-07,4973.0498046875,4995.06005859375
2024-02-08,4995.16015625,4997.91015625
2024-02-09,5004.169921875,5026.60986328125
2024-02-12,5026.830078125,5021.83984375
2024-02-13,4967.93994140625,4953.169921875
2024-02-14,4976.43994140625,5000.6201171875
2024-02-15,5003.14013671875,5029.72998046875
2024-02-16,5031.1298828125,5005.56982421875
2024-02-20,4989.31982421875,4975.509765625
2024-02-21,4963.02978515625,4981.7998046875
2024-02-22,5038.830078125,5087.02978515625
2024-02-23,5100.919921875,5088.7998046875
2024-02-26,5093.0,5069.52978515625
2024-02-27,5074.60009765625,5078.18017578125
2024-02-28,5067.2001953125,5069.759765625
2024-02-29,5085.35986328125,5096.27001953125
2024-03-01,5098.509765625,5137.080078125
2024-03-04,5130.990234375,5130.9501953125
2024-03-05,5110.52001953125,5078.64990234375
2024-03-06,5108.02978515625,5104.759765625
2024-03-07,5132.3798828125,5157.35986328125
2024-03-08,5164.4599609375,5123.68994140625
2024-03-11,5111.9599609375,5117.93994140625
2024-03-12,5134.2998046875,5175.27001953125
2024-03-13,5173.490234375,5165.31005859375
2024-03-14,5175.14013671875,5150.47998046875
2024-03-15,5123.31005859375,5117.08984375
2024-03-18,5154.77001953125,5149.419921875
2024-03-19,5139.08984375,5178.509765625
2024-03-20,5181.68994140625,5224.6201171875
2024-03-21,5253.43017578125,5241.52978515625
2024-03-22,5242.47998046875,5234.18017578125
2024-03-25,5219.52001953125,5218.18994140625
2024-03-26,5228.85009765625,5203.580078125
2024-03-27,5226.31005859375,5248.490234375
2024-03-28,5248.02978515625,5254.35009765625
2024-04-01,5257.97021484375,5243.77001953125
2024-04-02,5204.2900390625,5205.81005859375
2024-04-03,5194.3701171875,5211.490234375
2024-04-04,5244.0498046875,5147.2099609375
2024-04-05,5158.9501953125,5204.33984375
2024-04-08,5211.3701171875,5202.39013671875
2024-04-09,5217.02978515625,5209.91015625
2024-04-10,5167.8798828125,5160.64013671875
2024-04-11,5172.9501953125,5199.06005859375
2024-04-12,5171.509765625,5123.41015625
2024-04-15,5149.669921875,5061.81982421875
2024-04-16,5064.58984375,5051.41015625
2024-04-17,5068.97021484375,5022.2099609375
2024-04-18,5031.52001953125,5011.1201171875
2024-04-19,5005.43994140625,4967.22998046875
2024-04-22,4987.330078125,5010.60009765625
2024-04-23,5028.85009765625,5070.5498046875
2024-04-24,5084.85986328125,5071.6298828125
2024-04-25,5019.8798828125,5048.419921875
2024-04-26,5084.64990234375,5099.9599609375
2024-04-29,5114.1298828125,5116.169921875
2024-04-30,5103.77978515625,5035.68994140625
2024-05-01,5029.02978515625,5018.39013671875
2024-05-02,5049.31982421875,5064.2001953125
2024-05-03,5122.77978515625,5127.7900390625
2024-05-06,5142.419921875,5180.740234375
2024-05-07,5187.2001953125,5187.7001953125
2024-05-08,5168.97998046875,5187.669921875
2024-05-09,5189.02978515625,5214.080078125
2024-05-10,5225.490234375,5222.68017578125
2024-05-13,5233.080078125,5221.419921875
2024-05-14,5221.10009765625,5246.68017578125
2024-05-15,5263.259765625,5308.14990234375
2024-05-16,5310.06982421875,5297.10009765625
2024-05-17,5303.10009765625,5303.27001953125
2024-05-20,5305.35009765625,5308.1298828125
2024-05-21,5298.68994140625,5321.41015625
2024-05-22,5319.27978515625,5307.009765625
2024-05-23,5340.259765625,5267.83984375
2024-05-24,5281.4501953125,5304.72021484375
2024-05-28,5315.91015625,5306.0400390625
2024-05-29,5278.72998046875,5266.9501953125
2024-05-30,5259.77001953125,5235.47998046875
2024-05-31,5243.2099609375,5277.509765625
2024-06-03,5297.14990234375,5283.39990234375
2024-06-04,5278.240234375,5291.33984375
2024-06-05,5314.47998046875,5354.02978515625
2024-06-06,5357.7998046875,5352.9599609375
2024-06-07,5343.81005859375,5346.990234375
2024-06-10,5341.22021484375,5360.7900390625
2024-06-11,5353.0,5375.31982421875
2024-06-12,5409.1298828125,5421.02978515625
2024-06-13,5441.93017578125,5433.740234375
2024-06-14,5424.080078125,5431.60009765625
2024-06-17,5431.10986328125,5473.22998046875
2024-06-18,5476.14990234375,5487.02978515625
2024-06-20,5499.990234375,5473.169921875
2024-06-21,5466.77001953125,5464.6201171875
2024-06-24,5459.580078125,5447.8701171875
2024-06-25,5460.72998046875,5469.2998046875
2024-06-26,5460.7099609375,5477.89990234375
2024-06-27,5473.58984375,5482.8701171875
2024-06-28,5488.47998046875,5460.47998046875
2024-07-01,5471.080078125,5475.08984375
2024-07-02,5461.83984375,5509.009765625
2024-07-03,5507.43994140625,5537.02001953125
2024-07-05,5537.91015625,5567.18994140625
2024-07-08,5572.75,5572.85009765625
2024-07-09,5584.240234375,5576.97998046875
2024-07-10,5591.259765625,5633.91015625
2024-07-11,5635.2099609375,5584.5400390625
2024-07-12,5590.759765625,5615.35009765625
2024-07-15,5638.16015625,5631.22021484375
2024-07-16,5644.08984375,5667.2001953125
2024-07-17,5610.06982421875,5588.27001953125
2024-07-18,5608.56005859375,5544.58984375
2024-07-19,5543.3701171875,5505.0
2024-07-22,5544.5400390625,5564.41015625
2024-07-23,5565.2998046875,5555.740234375
2024-07-24,5505.83984375,5427.1298828125
2024-07-25,5428.7001953125,5399.22021484375
2024-07-26,5433.669921875,5459.10009765625
2024-07-29,5476.5498046875,5463.5400390625
2024-07-30,5478.72998046875,5436.43994140625
2024-07-31,5505.58984375,5522.2998046875
2024-08-01,5537.83984375,5446.68017578125
2024-08-02,5376.6298828125,5346.56005859375
2024-08-05,5151.14013671875,5186.330078125
2024-08-06,5206.419921875,5240.02978515625
2024-08-07,5293.1298828125,5199.5
2024-08-08,5252.56982421875,5319.31005859375
2024-08-09,5314.66015625,5344.16015625
2024-08-12,5351.8798828125,5344.39013671875
2024-08-13,5376.97998046875,5434.43017578125
2024-08-14,5442.35986328125,5455.2099609375
2024-08-15,5501.1298828125,5543.22021484375
2024-08-16,5530.5,5554.25
2024-08-19,5557.22998046875,5608.25
2024-08-20,5602.8798828125,5597.1201171875
2024-08-21,5603.08984375,5620.85009765625
2024-08-22,5637.77001953125,5570.64013671875
2024-08-23,5602.490234375,5634.60986328125
2024-08-26,5639.66015625,5616.83984375
2024-08-27,5602.89013671875,5625.7998046875
2024-08-28,5624.509765625,5592.18017578125
2024-08-29,5607.2998046875,5591.9599609375
2024-08-30,5612.740234375,5648.39990234375
2024-09-03,5623.89013671875,5528.93017578125
2024-09-04,5506.68017578125,5520.06982421875
2024-09-05,5520.080078125,5503.41015625
2024-09-06,5507.330078125,5408.419921875
2024-09-09,5442.06982421875,5471.0498046875
2024-09-10,5490.509765625,5495.52001953125
2024-09-11,5496.419921875,5554.1298828125
2024-09-12,5557.47998046875,5595.759765625
2024-09-13,5603.33984375,5626.02001953125
2024-09-16,5615.2099609375,5633.08984375
2024-09-17,5655.509765625,5634.580078125
2024-09-18,5641.68017578125,5618.259765625
2024-09-19,5702.6298828125,5713.64013671875
2024-09-20,5709.64013671875,5702.5498046875
2024-09-23,5711.89990234375,5718.56982421875
2024-09-24,5727.66015625,5732.93017578125
2024-09-25,5733.64990234375,5722.259765625
2024-09-26,5762.22021484375,5745.3701171875
2024-09-27,5755.35986328125,5738.169921875
2024-09-30,5726.52001953125,5762.47998046875
2024-10-01,5757.72998046875,5708.75
2024-10-02,5698.14013671875,5709.5400390625
2024-10-03,5698.18994140625,5699.93994140625
2024-10-04,5737.47998046875,5751.06982421875
2024-10-07,5737.7998046875,5695.93994140625
2024-10-08,5719.14013671875,5751.1298828125
2024-10-09,5751.7998046875,5792.0400390625
2024-10-10,5778.35986328125,5780.0498046875
2024-10-11,5775.08984375,5815.02978515625
2024-10-14,5829.81005859375,5859.85009765625
2024-10-15,5866.740234375,5815.259765625
2024-10-16,5816.580078125,5842.47021484375
2024-10-17,5875.6201171875,5841.47021484375
2024-10-18,5859.43017578125,5864.669921875
2024-10-21,5857.81982421875,5853.97998046875
2024-10-22,5832.7001953125,5851.2001953125
2024-10-23,5834.5,5797.419921875
2024-10-24,5817.7998046875,5809.85986328125
2024-10-25,5826.75,5808.1201171875
2024-10-28,5833.93017578125,5823.52001953125
2024-10-29,5819.68017578125,5832.919921875
2024-10-30,5832.64990234375,5813.669921875
2024-10-31,5775.33984375,5705.4501953125
2024-11-01,5723.22021484375,5728.7998046875
2024-11-04,5725.14990234375,5712.68994140625
2024-11-05,5722.43017578125,5782.759765625
2024-11-06,5864.89013671875,5929.0400390625
2024-11-07,5947.2099609375,5973.10009765625
2024-11-08,5976.759765625,5995.5400390625
2024-11-11,6008.85986328125,6001.35009765625
2024-11-12,6003.60009765625,5983.990234375
2024-11-13,5985.75,5985.3798828125
2024-11-14,5989.68017578125,5949.169921875
2024-11-15,5912.7900390625,5870.6201171875
2024-11-18,5874.169921875,5893.6201171875
2024-11-19,5870.0498046875,5916.97998046875
2024-11-20,5914.33984375,5917.10986328125
2024-11-21,5940.580078125,5948.7099609375
2024-11-22,5944.35986328125,5969.33984375
2024-11-25,5992.27978515625,5987.3701171875
2024-11-26,6000.02978515625,6021.6298828125
2024-11-27,6014.10986328125,5998.740234375
2024-11-29,6003.97998046875,6032.3798828125
2024-12-02,6040.10986328125,6047.14990234375
2024-12-03,6042.97021484375,6049.8798828125
2024-12-04,6069.39013671875,6086.490234375
2024-12-05,6089.02978515625,6075.10986328125
2024-12-06,6081.3798828125,6090.27001953125
2024-12-09,6083.009765625,6052.85009765625
2024-12-10,6057.58984375,6034.91015625
2024-12-11,6060.14990234375,6084.18994140625
2024-12-12,6074.2900390625,6051.25
2024-12-13,6068.169921875,6051.08984375
2024-12-16,6063.7900390625,6074.080078125
2024-12-17,6052.5498046875,6050.60986328125
2024-12-18,6047.64990234375,5872.16015625
2024-12-19,5912.7099609375,5867.080078125
2024-12-20,5842.0,5930.85009765625
2024-12-23,5940.25,5974.06982421875
2024-12-24,5984.6298828125,6040.0400390625
2024-12-26,6024.97021484375,6037.58984375
2024-12-27,6006.169921875,5970.83984375
2024-12-30,5920.669921875,5906.93994140625
2024-12-31,5919.740234375,5881.6298828125
2025-01-02,5903.259765625,5868.5498046875
2025-01-03,5891.06982421875,5942.47021484375
2025-01-06,5982.81005859375,5975.3798828125
2025-01-07,5993.259765625,5909.02978515625
2025-01-08,5910.66015625,5918.25
2025-01-10,5890.35009765625,5827.0400390625
2025-01-13,5782.02001953125,5836.22021484375
2025-01-14,5859.27001953125,5842.91015625
2025-01-15,5905.2099609375,5949.91015625
2025-01-16,5963.60986328125,5937.33984375
2025-01-17,5995.39990234375,5996.66015625
2025-01-21,6014.1201171875,6049.240234375
2025-01-22,6081.39013671875,6086.3701171875
2025-01-23,6076.31982421875,6118.7099609375
2025-01-24,6121.43017578125,6101.240234375
2025-01-27,5969.0400390625,6012.27978515625
2025-01-28,6026.97021484375,6067.7001953125
2025-01-29,6057.7001953125,6039.31005859375
2025-01-30,6050.75,6071.169921875
2025-01-31,6096.7900390625,6040.52978515625
2025-02-03,5969.64990234375,5994.56982421875
2025-02-04,5998.14013671875,6037.8798828125
2025-02-05,6020.4501953125,6061.47998046875
2025-02-06,6072.22021484375,6083.56982421875
2025-02-07,6083.1298828125,6025.990234375
2025-02-10,6046.39990234375,6066.43994140625
2025-02-11,6049.31982421875,6068.5
2025-02-12,6025.080078125,6051.97021484375
2025-02-13,6060.58984375,6115.06982421875
2025-02-14,6115.52001953125,6114.6298828125
2025-02-18,6121.60009765625,6129.580078125
2025-02-19,6117.759765625,6144.14990234375
2025-02-20,6134.5,6117.52001953125
2025-02-21,6114.10009765625,6013.1298828125
2025-02-24,6026.68994140625,5983.25
2025-02-25,5982.72998046875,5955.25
2025-02-26,5970.8701171875,5956.06005859375
2025-02-27,5981.8798828125,5861.56982421875
2025-02-28,5856.740234375,5954.5
2025-03-03,5968.330078125,5849.72021484375
2025-03-04,5811.97998046875,5778.14990234375
2025-03-05,5781.35986328125,5842.6298828125
2025-03-06,5785.8701171875,5738.52001953125
2025-03-07,5726.009765625,5770.2001953125
2025-03-10,5705.3701171875,5614.56005859375
2025-03-11,5603.64990234375,5572.06982421875
2025-03-12,5624.83984375,5599.2998046875
2025-03-13,5594.4501953125,5521.52001953125
2025-03-14,5563.85009765625,5638.93994140625
2025-03-17,5635.60009765625,5675.1201171875
2025-03-18,5654.52978515625,5614.66015625
2025-03-19,5632.3701171875,5675.2900390625
2025-03-20,5646.919921875,5662.89013671875
2025-03-21,5630.72998046875,5667.56005859375
2025-03-24,5718.080078125,5767.56982421875
2025-03-25,5775.9599609375,5776.64990234375
2025-03-26,5771.66015625,5712.2001953125
2025-03-27,5695.64013671875,5693.31005859375
2025-03-28,5679.2001953125,5580.93994140625
2025-03-31,5527.91015625,5611.85009765625
2025-04-01,5597.52978515625,5633.06982421875
2025-04-02,5580.759765625,5670.97021484375
2025-04-03,5492.740234375,5396.52001953125
2025-04-04,5292.14013671875,5074.080078125
2025-04-07,4953.7900390625,5062.25
2025-04-08,5193.56982421875,4982.77001953125
2025-04-09,4965.27978515625,5456.89990234375
2025-04-10,5353.14990234375,5268.0498046875
2025-04-11,5255.56005859375,5363.35986328125
2025-04-14,5441.9599609375,5405.97021484375
2025-04-15,5411.990234375,5396.6298828125
2025-04-16,5335.75,5275.7001953125
2025-04-17,5305.4501953125,5282.7001953125
2025-04-21,5232.93994140625,5158.2001953125
2025-04-22,5207.669921875,5287.759765625
2025-04-23,5395.919921875,5375.85986328125
2025-04-24,5381.3798828125,5484.77001953125
2025-04-25,5489.72998046875,5525.2099609375
2025-04-28,5529.22021484375,5528.75
2025-04-29,5508.8701171875,5560.830078125
2025-04-30,5499.43994140625,5569.06005859375
2025-05-01,5625.14013671875,5604.14013671875
2025-05-02,5645.8798828125,5686.669921875
2025-05-05,5655.31982421875,5650.3798828125
2025-05-06,5605.8701171875,5606.91015625
2025-05-07,5614.18017578125,5631.27978515625
2025-05-08,5663.60009765625,5663.93994140625
2025-05-09,5679.64990234375,5659.91015625
2025-05-12,5807.2001953125,5844.18994140625
2025-05-13,5854.14990234375,5886.5498046875
2025-05-14,5896.740234375,5892.580078125
2025-05-15,5869.81982421875,5916.93017578125
2025-05-16,5929.08984375,5958.3798828125
2025-05-19,5902.8798828125,5963.60009765625
2025-05-20,5944.66015625,5940.4599609375
2025-05-21,5910.18017578125,5844.60986328125
2025-05-22,5841.259765625,5842.009765625
2025-05-23,5781.89013671875,5802.81982421875
2025-05-27,5854.06982421875,5921.5400390625
2025-05-28,5925.5400390625,5888.5498046875
2025-05-29,5939.9599609375,5912.169921875
2025-05-30,5903.669921875,5911.68994140625
2025-06-02,5896.68017578125,5935.93994140625
2025-06-03,5938.56005859375,5970.3701171875
2025-06-04,5978.93994140625,5970.81005859375
2025-06-05,5985.669921875,5939.2998046875
2025-06-06,5987.06005859375,6000.35986328125
2025-06-09,6004.6298828125,6005.8798828125
2025-06-10,6009.91015625,6038.81005859375
2025-06-11,6049.3798828125,6022.240234375
2025-06-12,6009.89990234375,6045.259765625
2025-06-13,6000.56005859375,5976.97021484375
2025-06-16,6004.0,6033.10986328125
2025-06-17,6012.14990234375,5982.72021484375
2025-06-18,5987.93017578125,5980.8701171875
2025-06-20,5999.669921875,5967.83984375
2025-06-23,5969.669921875,6025.169921875
2025-06-24,6061.2099609375,6092.18017578125
2025-06-25,6104.22998046875,6092.16015625
2025-06-26,6112.08984375,6141.02001953125
2025-06-27,6150.7001953125,6173.06982421875
2025-06-30,6193.35986328125,6204.9501953125
2025-07-01,6187.25,6198.009765625
2025-07-02,6193.8798828125,6227.419921875
2025-07-03,6246.4599609375,6279.35009765625
2025-07-07,6259.0400390625,6229.97998046875
2025-07-08,6234.02978515625,6225.52001953125
2025-07-09,6243.330078125,6263.259765625
2025-07-10,6266.7998046875,6280.4599609375
2025-07-11,6255.68017578125,6259.75
2025-07-14,6255.14990234375,6268.56005859375
2025-07-15,6295.2900390625,6243.759765625
2025-07-16,6254.5,6263.7001953125
2025-07-17,6263.39990234375,6297.35986328125
2025-07-18,6312.9501953125,6296.7900390625
2025-07-21,6304.740234375,6305.60009765625
2025-07-22,6306.60009765625,6309.6201171875
2025-07-23,6326.89990234375,6358.91015625
2025-07-24,6368.60009765625,6363.35009765625
2025-07-25,6370.009765625,6388.64013671875
2025-07-28,6397.68994140625,6389.77001953125
2025-07-29,6405.6201171875,6370.85986328125
2025-07-30,6381.22998046875,6362.89990234375
2025-07-31,6427.02001953125,6339.39013671875
2025-08-01,6287.27978515625,6238.009765625
2025-08-04,6271.7099609375,6329.93994140625
2025-08-05,6336.6298828125,6299.18994140625
2025-08-06,6309.2998046875,6345.06005859375
2025-08-07,6374.31982421875,6340.0
2025-08-08,6355.22021484375,6389.4501953125
2025-08-11,6389.669921875,6373.4501953125
2025-08-12,6395.169921875,6445.759765625
2025-08-13,6462.669921875,6466.580078125
2025-08-14,6453.4599609375,6468.5400390625
2025-08-15,6477.3798828125,6449.7998046875
2025-08-18,6445.02001953125,6449.14990234375
2025-08-19,6446.240234375,6411.3701171875
2025-08-20,6406.6201171875,6395.77978515625
2025-08-21,6380.830078125,6370.169921875
2025-08-22,6384.58984375,6466.91015625
2025-08-25,6457.669921875,6439.31982421875
2025-08-26,6435.490234375,6465.93994140625
2025-08-27,6462.259765625,6481.39990234375
2025-08-28,6483.83984375,6501.85986328125
2025-08-29,6489.27978515625,6460.259765625
2025-09-02,6401.509765625,6415.5400390625
2025-09-03,6445.81982421875,6448.259765625
2025-09-04,6456.60009765625,6502.080078125
2025-09-05,6529.080078125,6481.5
2025-09-08,6498.08984375,6495.14990234375
2025-09-09,6503.330078125,6512.60986328125
2025-09-10,6550.2900390625,6532.0400390625
2025-09-11,6554.41015625,6587.47021484375
2025-09-12,6590.66015625,6584.2900390625
2025-09-15,6603.490234375,6615.27978515625
2025-09-16,6624.1298828125,6606.759765625
2025-09-17,6604.8701171875,6600.35009765625
2025-09-18,6626.85009765625,6631.9599609375
2025-09-19,6647.10986328125,6664.35986328125
2025-09-22,6654.27978515625,6693.75
2025-09-23,6692.43994140625,6656.919921875
2025-09-24,6669.7900390625,6637.97021484375
2025-09-25,6608.18994140625,6604.72021484375
2025-09-26,6615.3798828125,6643.7001953125
2025-09-29,6661.580078125,6661.2099609375
2025-09-30,6656.18994140625,6688.4599609375
2025-10-01,6664.919921875,6711.2001953125
2025-10-02,6731.31005859375,6715.35009765625
2025-10-03,6722.14013671875,6715.7900390625
2025-10-06,6733.85986328125,6740.27978515625
2025-10-07,6746.14013671875,6714.58984375
2025-10-08,6723.8701171875,6753.72021484375
2025-10-09,6760.5,6735.10986328125
2025-10-10,6740.490234375,6552.509765625
2025-10-13,6622.52978515625,6654.72021484375
2025-10-14,6602.490234375,6644.31005859375
2025-10-15,6688.27001953125,6671.06005859375
2025-10-16,6689.02001953125,6629.06982421875
2025-10-17,6613.27001953125,6664.009765625
2025-10-20,6690.0498046875,6735.1298828125
2025-10-21,6736.75,6735.35009765625
2025-10-22,6741.33984375,6699.39990234375
2025-10-23,6703.64990234375,6738.43994140625
2025-10-24,6772.06982421875,6791.68994140625
2025-10-27,6845.4599609375,6875.16015625
2025-10-28,6897.740234375,6890.89013671875
2025-10-29,6910.9501953125,6890.58984375
2025-10-30,6860.5,6822.33984375
2025-10-31,6879.169921875,6840.2001953125
2025-11-03,6882.31982421875,6851.97021484375
2025-11-04,6788.52001953125,6771.5498046875
2025-11-05,6769.77001953125,6796.2900390625
2025-11-06,6787.58984375,6720.31982421875
2025-11-07,6696.18017578125,6728.7998046875
2025-11-10,6785.35986328125,6832.43017578125
2025-11-11,6815.64013671875,6846.60986328125
2025-11-12,6867.77001953125,6850.919921875
2025-11-13,6826.47021484375,6737.490234375
2025-11-14,6672.14013671875,6734.10986328125
2025-11-17,6713.60986328125,6672.41015625
2025-11-18,6641.18994140625,6617.31982421875
2025-11-19,6625.83984375,6642.16015625
2025-11-20,6737.93017578125,6538.759765625
2025-11-21,6555.77001953125,6602.990234375
2025-11-24,6636.5400390625,6705.1201171875
2025-11-25,6697.02978515625,6765.8798828125
2025-11-26,6793.5498046875,6812.60986328125
2025-11-28,6822.52001953125,6849.08984375
2025-12-01,6812.2998046875,6812.6298828125
2025-12-02,6830.9599609375,6829.3701171875
2025-12-03,6815.2900390625,6849.72021484375
2025-12-04,6866.47021484375,6857.1201171875
2025-12-05,6866.31982421875,6870.39990234375
2025-12-08,6875.2001953125,6846.509765625
2025-12-09,6840.60986328125,6840.509765625
2025-12-10,6833.490234375,6886.68017578125
2025-12-11,6861.2998046875,6901.0
2025-12-12,6886.85009765625,6827.41015625
2025-12-15,6860.18994140625,6816.509765625
2025-12-16,6800.1201171875,6800.259765625
2025-12-17,6802.8798828125,6721.43017578125
2025-12-18,6778.06005859375,6774.759765625
2025-12-19,6792.6201171875,6834.5
2025-12-22,6865.2099609375,6878.490234375
2025-12-23,6872.41015625,6909.7900390625
2025-12-24,6904.91015625,6932.0498046875
2025-12-26,6936.02001953125,6929.93994140625
2025-12-29,6903.60009765625,6905.740234375
2025-12-30,6900.43994140625,6896.240234375
2025-12-31,6898.81982421875,6845.5
2026-01-02,6878.10986328125,6858.47021484375
2026-01-05,6892.18994140625,6902.0498046875
2026-01-06,6908.02978515625,6944.81982421875
2026-01-07,6945.06982421875,6920.93017578125
2026-01-08,6914.10986328125,6921.4599609375
2026-01-09,6927.830078125,6966.27978515625
2026-01-12,6944.1201171875,6977.27001953125
2026-01-13,6977.41015625,6963.740234375
2026-01-14,6937.41015625,6926.60009765625
2026-01-15,6969.4599609375,6944.47021484375
2026-01-16,6960.5400390625,6940.009765625
2026-01-20,6865.240234375,6796.85986328125
2026-01-21,6810.7099609375,6875.6201171875
2026-01-22,6914.43994140625,6913.35009765625
2026-01-23,6907.85009765625,6915.60986328125
2026-01-26,6923.22998046875,6950.22998046875
2026-01-27,6965.9599609375,6978.60009765625
2026-01-28,7002.0,6978.02978515625
2026-01-29,6977.740234375,6969.009765625
2026-01-30,6947.27001953125,6939.02978515625
2026-02-02,6916.64013671875,6976.43994140625
2026-02-03,6985.4501953125,6917.81005859375
2026-02-04,6924.5,6882.72021484375
2026-02-05,6837.39013671875,6798.39990234375
2026-02-06,6816.740234375,6932.2998046875
2026-02-09,6917.259765625,6964.81982421875
2026-02-10,6974.490234375,6941.81005859375
2026-02-11,6976.47998046875,6941.47021484375
2026-02-12,6957.5400390625,6832.759765625
2026-02-13,6834.27001953125,6836.169921875
2026-02-17,6819.85986328125,6843.22021484375
2026-02-18,6855.47998046875,6881.31005859375
2026-02-19,6861.33984375,6861.89013671875
2026-02-20,6843.259765625,6909.509765625
2026-02-23,6901.25,6837.75
2026-02-24,6837.3701171875,6890.06982421875
2026-02-25,6915.14990234375,6946.1298828125
2026-02-26,6944.740234375,6908.85986328125
2026-02-27,6856.5400390625,6878.8798828125
2026-03-02,6824.35986328125,6881.6201171875
2026-03-03,6800.259765625,6816.6298828125
2026-03-04,6831.68994140625,6869.5
2026-03-05,6851.080078125,6830.7099609375
2026-03-06,6769.02978515625,6740.02001953125
2026-03-09,6699.7998046875,6795.990234375
2026-03-10,6796.56005859375,6781.47998046875
2026-03-11,6790.08984375,6775.7998046875
2026-03-12,6740.8798828125,6672.6201171875
2026-03-13,6673.490234375,6632.18994140625
2026-03-16,6674.3701171875,6699.3798828125
2026-03-17,6722.35009765625,6716.08984375
2026-03-18,6697.16015625,6624.7001953125
2026-03-19,6583.1201171875,6606.490234375
2026-03-20,6594.66015625,6506.47998046875
2026-03-23,6574.9599609375,6581.0
2026-03-24,6552.08984375,6556.3701171875
2026-03-25,6598.35009765625,6591.89990234375
2026-03-26,6555.85986328125,6477.16015625
2026-03-27,6453.89013671875,6368.85009765625
2026-03-30,6403.3701171875,6343.72021484375
2026-03-31,6395.8798828125,6528.52001953125
2026-04-01,6556.56005859375,6575.31982421875
2026-04-02,6512.60986328125,6582.68994140625
2026-04-06,6587.66015625,6611.830078125
2026-04-07,6601.93017578125,6616.85009765625
2026-04-08,6754.35986328125,6782.81005859375
2026-04-09,6783.68994140625,6824.66015625
2026-04-10,6839.240234375,6816.89013671875
2026-04-13,6806.47021484375,6886.240234375
2026-04-14,6910.2001953125,6967.3798828125
2026-04-15,6978.169921875,7022.9501953125
2026-04-16,7037.77978515625,7041.27978515625
2026-04-17,7074.5498046875,7126.06005859375
2026-04-20,7117.0498046875,7109.14013671875
2026-04-21,7122.64013671875,7064.009765625
2026-04-22,7102.91015625,7137.89990234375
2026-04-23,7118.7998046875,7108.39990234375
2026-04-24,7136.47998046875,7165.080078125
2026-04-27,7152.72021484375,7173.91015625
2026-04-28,7133.740234375,7138.7998046875
2026-04-29,7131.60986328125,7135.9501953125
2026-04-30,7161.75,7209.009765625
2026-05-01,7234.5400390625,7230.1201171875
2026-05-04,7228.3798828125,7200.75
2026-05-05,7233.6201171875,7259.22021484375
2026-05-06,7294.14013671875,7365.1201171875
2026-05-07,7376.77978515625,7337.10986328125
2026-05-08,7362.97021484375,7398.93017578125
2026-05-11,7385.31005859375,7412.83984375
2026-05-12,7390.6298828125,7400.9599609375
2026-05-13,7409.1201171875,7444.25
2026-05-14,7454.39990234375,7501.240234375
2026-05-15,7445.10986328125,7408.5
2026-05-18,7415.06982421875,7403.0498046875
2026-05-19,7375.75,7353.60986328125
2026-05-20,7369.18994140625,7432.97021484375
2026-05-21,7410.77978515625,7445.72021484375
2026-05-22,7468.81982421875,7473.47021484375
2026-05-26,7511.7900390625,7519.1201171875
2026-05-27,7526.009765625,7520.35986328125
2026-05-28,7519.81982421875,7563.6298828125
2026-05-29,7579.330078125,7580.06005859375
2026-06-01,7582.2900390625,7599.9599609375
2026-06-02,7595.39990234375,7609.77978515625
2026-06-03,7605.31005859375,7553.68017578125
2026-06-04,7516.5400390625,7584.31005859375
2026-06-05,7537.35986328125,7383.740234375
2026-06-08,7440.56982421875,7405.72998046875
2026-06-09,7438.66015625,7386.64990234375
2026-06-10,7350.5400390625,7266.990234375
2026-06-11,7287.669921875,7394.2998046875
2026-06-12,7410.85009765625,7431.4599609375
2026-06-15,7516.75,7554.2900390625
2026-06-16,7548.77978515625,7511.35009765625
2026-06-17,7524.5,7420.10009765625
2026-06-18,7487.35986328125,7500.580078125
2026-06-22,7500.43994140625,7472.7900390625
2026-06-23,7366.509765625,7365.4599609375
2026-06-24,7370.8798828125,7358.22021484375
2026-06-25,7404.91015625,7357.490234375
2026-06-26,7312.740234375,7354.02001953125
2026-06-29,7391.8798828125,7440.43017578125
2026-06-30,7441.27001953125,7499.35986328125
2026-07-01,7478.83984375,7483.22998046875
2026-07-02,7495.14013671875,7483.240234375
2026-07-06,7506.9599609375,7537.43017578125
2026-07-07,7516.6298828125,7503.85009765625
2026-07-08,7476.5400390625,7482.7099609375
2026-07-09,7491.60009765625,7543.64013671875
2026-07-10,7547.64013671875,7575.39013671875
2026-07-13,7547.52978515625,7515.33984375
2026-07-14,7536.7001953125,7543.58984375
2026-07-15,7571.72021484375,7572.39990234375
2026-07-16,7558.7998046875,7533.77001953125
2026-07-17,7447.52001953125,7457.68994140625
2026-07-20,7489.18017578125,7443.27978515625
2026-07-21,7489.9501953125,7509.2001953125
2026-07-22,7497.47021484375,7498.9599609375
2026-07-23,7418.2900390625,7408.2998046875
2026-07-24,7406.2998046875,7411.97998046875
2026-07-27,7464.2001953125,7413.18017578125
2026-07-28,7395.5498046875,7428.77978515625
2026-07-29,7418.16015625,7316.14990234375
2026-07-30,7390.4501953125,7437.6298828125
2026-07-31,7462.1298828125,7489.72021484375
2026-08-03,7504.77978515625,7600.5
2026-08-04,7630.6201171875,7736.52001953125
2026-08-05,7771.6201171875,7723.5498046875
2026-08-06,7713.7900390625,7709.9599609375
2026-08-07,7735.18017578125,7757.64013671875
2026-08-10,7751.740234375,7753.10986328125
2026-08-11,7767.509765625,7728.2001953125
2026-08-12,7765.4599609375,7748.5
2026-08-13,7763.18017578125,7798.990234375
2026-08-14,7806.60009765625,7785.759765625
2026-08-17,7790.68017578125,7745.06005859375
2026-08-18,7700.0400390625,7691.759765625
2026-08-19,7716.740234375,7707.97998046875
2026-08-20,7690.490234375,7641.16015625
2026-08-21,7665.68017578125,7674.3701171875
2026-08-24,7663.3798828125,7652.85986328125
2026-08-25,7676.66015625,7677.27978515625
2026-08-26,7666.8798828125,7675.7001953125
2026-08-27,7710.33984375,7730.990234375
2026-08-28,7735.169921875,7711.759765625
2026-08-31,7697.52001953125,7686.14013671875
2026-09-01,7635.47021484375,7631.47021484375
2026-09-02,7634.580078125,7666.60009765625
2026-09-03,7686.7099609375,7747.7099609375
2026-09-04,7750.18994140625,7718.60009765625
2026-09-08,7717.81005859375,7673.52001953125
2026-09-09,7660.68017578125,7636.35986328125
2026-09-10,7594.740234375,7591.7001953125
2026-09-11,7636.75,7656.97998046875
2026-09-14,7611.43994140625,7619.97998046875
2026-09-15,7612.2998046875,7585.72998046875
2026-09-16,7601.25,7551.81005859375
2026-09-17,7631.43994140625,7637.759765625
2026-09-18,7657.169921875,7650.5
